ISO-10303-21;
HEADER;
FILE_DESCRIPTION(('Open CASCADE Model'),'2;1');
FILE_NAME('Open CASCADE Shape Model','2026-01-06T20:01:25',('Author'),(
    'Open CASCADE'),'Open CASCADE STEP processor 7.9','Open CASCADE 7.9'
  ,'Unknown');
FILE_SCHEMA(('CONFIG_CONTROL_DESIGN'));
ENDSEC;
DATA;
#1 = APPLICATION_PROTOCOL_DEFINITION('international standard',
  'config_control_design',1994,#2);
#2 = APPLICATION_CONTEXT(
'configuration controlled 3D designs of mechanical parts and assemblies'
  );
#3 = SHAPE_DEFINITION_REPRESENTATION(#4,#10);
#4 = PRODUCT_DEFINITION_SHAPE('','',#5);
#5 = PRODUCT_DEFINITION('design','',#6,#9);
#6 = PRODUCT_DEFINITION_FORMATION_WITH_SPECIFIED_SOURCE('','',#7,
  .NOT_KNOWN.);
#7 = PRODUCT('Open CASCADE STEP translator 7.9 3',
  'Open CASCADE STEP translator 7.9 3','',(#8));
#8 = MECHANICAL_CONTEXT('',#2,'mechanical');
#9 = DESIGN_CONTEXT('',#2,'design');
#10 = MANIFOLD_SURFACE_SHAPE_REPRESENTATION('',(#11,#15),#2163);
#11 = AXIS2_PLACEMENT_3D('',#12,#13,#14);
#12 = CARTESIAN_POINT('',(0.,0.,0.));
#13 = DIRECTION('',(0.,0.,1.));
#14 = DIRECTION('',(1.,0.,-0.));
#15 = SHELL_BASED_SURFACE_MODEL('',(#16));
#16 = OPEN_SHELL('',(#17,#439,#669,#911,#1159,#1389,#1619,#1849,#2079));
#17 = ADVANCED_FACE('',(#18),#68,.T.);
#18 = FACE_BOUND('',#19,.T.);
#19 = EDGE_LOOP('',(#20,#213,#228,#426));
#20 = ORIENTED_EDGE('',*,*,#21,.T.);
#21 = EDGE_CURVE('',#22,#24,#26,.T.);
#22 = VERTEX_POINT('',#23);
#23 = CARTESIAN_POINT('',(6.05E-02,0.,1.E-02));
#24 = VERTEX_POINT('',#25);
#25 = CARTESIAN_POINT('',(3.772113301245E-02,4.730080468932E-02,0.115));
#26 = SURFACE_CURVE('',#27,(#67),.PCURVE_S1.);
#27 = B_SPLINE_CURVE_WITH_KNOTS('',8,(#28,#29,#30,#31,#32,#33,#34,#35,
    #36,#37,#38,#39,#40,#41,#42,#43,#44,#45,#46,#47,#48,#49,#50,#51,#52,
    #53,#54,#55,#56,#57,#58,#59,#60,#61,#62,#63,#64,#65,#66),
  .UNSPECIFIED.,.F.,.F.,(9,6,6,6,6,6,9),(0.,8.768456841517E-02,
    0.233397091103,0.394520484734,0.563843993411,0.759326662302,1.),
  .UNSPECIFIED.);
#28 = CARTESIAN_POINT('',(6.05E-02,0.,1.E-02));
#29 = CARTESIAN_POINT('',(6.050187555174E-02,1.009478836833E-03,
    8.954603480114E-03));
#30 = CARTESIAN_POINT('',(6.047266299077E-02,1.904397745792E-03,
    8.526601465003E-03));
#31 = CARTESIAN_POINT('',(6.047111240706E-02,3.596774262725E-03,
    7.032192372958E-03));
#32 = CARTESIAN_POINT('',(6.02815589328E-02,5.288533439508E-03,
    8.664582388959E-03));
#33 = CARTESIAN_POINT('',(6.020969014413E-02,6.135162782997E-03,
    8.930778913068E-03));
#34 = CARTESIAN_POINT('',(6.007473772161E-02,7.268100205775E-03,
    9.980674939056E-03));
#35 = CARTESIAN_POINT('',(5.974660363466E-02,9.680976918052E-03,
    1.257792890356E-02));
#36 = CARTESIAN_POINT('',(5.938382237671E-02,1.168465348274E-02,
    1.56619285325E-02));
#37 = CARTESIAN_POINT('',(5.915921551113E-02,1.275386336891E-02,
    1.75258218724E-02));
#38 = CARTESIAN_POINT('',(5.890764198933E-02,1.390612821661E-02,
    1.958813716915E-02));
#39 = CARTESIAN_POINT('',(5.866185636615E-02,1.486316611719E-02,
    2.150832128656E-02));
#40 = CARTESIAN_POINT('',(5.839204281093E-02,1.589101993063E-02,
    2.354542316516E-02));
#41 = CARTESIAN_POINT('',(5.780123703557E-02,1.793667586355E-02,
    2.776578377982E-02));
#42 = CARTESIAN_POINT('',(5.712738318186E-02,1.997547552984E-02,
    3.201674120958E-02));
#43 = CARTESIAN_POINT('',(5.674621211225E-02,2.103887557449E-02,
    3.421398949865E-02));
#44 = CARTESIAN_POINT('',(5.634198385093E-02,2.211521558725E-02,
    3.645703551226E-02));
#45 = CARTESIAN_POINT('',(5.591451554597E-02,2.316075811258E-02,
    3.865325294334E-02));
#46 = CARTESIAN_POINT('',(5.546490629966E-02,2.421036901489E-02,
    4.08799348176E-02));
#47 = CARTESIAN_POINT('',(5.450243769083E-02,2.631950820604E-02,
    4.543001720716E-02));
#48 = CARTESIAN_POINT('',(5.346396444295E-02,2.835926982607E-02,
    5.000397164527E-02));
#49 = CARTESIAN_POINT('',(5.29143984205E-02,2.937832058559E-02,
    5.23477281238E-02));
#50 = CARTESIAN_POINT('',(5.234929314947E-02,3.037854298004E-02,
    5.470858476855E-02));
#51 = CARTESIAN_POINT('',(5.177185886986E-02,3.134547708585E-02,
    5.706766784467E-02));
#52 = CARTESIAN_POINT('',(5.118394538819E-02,3.228798135624E-02,
    5.944183221254E-02));
#53 = CARTESIAN_POINT('',(4.990017769428E-02,3.425284127157E-02,
    6.457210712255E-02));
#54 = CARTESIAN_POINT('',(4.858851067146E-02,3.608171497668E-02,
    6.974719369704E-02));
#55 = CARTESIAN_POINT('',(4.788080025911E-02,3.702120399338E-02,
    7.253185301291E-02));
#56 = CARTESIAN_POINT('',(4.717085179895E-02,3.792238019605E-02,
    7.533093569474E-02));
#57 = CARTESIAN_POINT('',(4.646104444317E-02,3.878378468938E-02,
    7.814024105399E-02));
#58 = CARTESIAN_POINT('',(4.575308151891E-02,3.960860696725E-02,
    8.096222024703E-02));
#59 = CARTESIAN_POINT('',(4.418095089327E-02,4.136843213823E-02,
    8.728189519559E-02));
#60 = CARTESIAN_POINT('',(4.263104715881E-02,4.295796038156E-02,
    9.36525236659E-02));
#61 = CARTESIAN_POINT('',(4.178470454856E-02,4.378598051379E-02,
    9.718181036423E-02));
#62 = CARTESIAN_POINT('',(4.094866084919E-02,4.456858624419E-02,
    0.100724481714));
#63 = CARTESIAN_POINT('',(4.012386243376E-02,4.530817729658E-02,
    0.104278149537));
#64 = CARTESIAN_POINT('',(3.931081961082E-02,4.600854155455E-02,
    0.107843016427));
#65 = CARTESIAN_POINT('',(3.850987329726E-02,4.667178664453E-02,
    0.111417070491));
#66 = CARTESIAN_POINT('',(3.772113301245E-02,4.730080468932E-02,0.115));
#67 = PCURVE('',#68,#207);
#68 = B_SPLINE_SURFACE_WITH_KNOTS('',8,1,(
    (#69,#70)
    ,(#71,#72)
    ,(#73,#74)
    ,(#75,#76)
    ,(#77,#78)
    ,(#79,#80)
    ,(#81,#82)
    ,(#83,#84)
    ,(#85,#86)
    ,(#87,#88)
    ,(#89,#90)
    ,(#91,#92)
    ,(#93,#94)
    ,(#95,#96)
    ,(#97,#98)
    ,(#99,#100)
    ,(#101,#102)
    ,(#103,#104)
    ,(#105,#106)
    ,(#107,#108)
    ,(#109,#110)
    ,(#111,#112)
    ,(#113,#114)
    ,(#115,#116)
    ,(#117,#118)
    ,(#119,#120)
    ,(#121,#122)
    ,(#123,#124)
    ,(#125,#126)
    ,(#127,#128)
    ,(#129,#130)
    ,(#131,#132)
    ,(#133,#134)
    ,(#135,#136)
    ,(#137,#138)
    ,(#139,#140)
    ,(#141,#142)
    ,(#143,#144)
    ,(#145,#146)
    ,(#147,#148)
    ,(#149,#150)
    ,(#151,#152)
    ,(#153,#154)
    ,(#155,#156)
    ,(#157,#158)
    ,(#159,#160)
    ,(#161,#162)
    ,(#163,#164)
    ,(#165,#166)
    ,(#167,#168)
    ,(#169,#170)
    ,(#171,#172)
    ,(#173,#174)
    ,(#175,#176)
    ,(#177,#178)
    ,(#179,#180)
    ,(#181,#182)
    ,(#183,#184)
    ,(#185,#186)
    ,(#187,#188)
    ,(#189,#190)
    ,(#191,#192)
    ,(#193,#194)
    ,(#195,#196)
    ,(#197,#198)
    ,(#199,#200)
    ,(#201,#202)
    ,(#203,#204)
    ,(#205,#206
    )),.UNSPECIFIED.,.F.,.F.,.F.,(9,6,6,6,6,6,6,6,6,6,6,9),(2,2),(0.,
    8.768456841517E-02,8.905342271154E-02,0.233397091103,0.234047555902,
    0.394520484734,0.394673914427,0.563627794784,0.563843993411,
    0.758991740444,0.759326662302,1.),(0.,1.),.UNSPECIFIED.);
#69 = CARTESIAN_POINT('',(6.05E-02,0.,1.E-02));
#70 = CARTESIAN_POINT('',(6.266109637882E-02,8.35530798574E-04,1.E-02));
#71 = CARTESIAN_POINT('',(6.050187555174E-02,1.009478836833E-03,
    8.954603480114E-03));
#72 = CARTESIAN_POINT('',(6.265301730505E-02,1.804021704367E-03,
    8.893471906868E-03));
#73 = CARTESIAN_POINT('',(6.047266299077E-02,1.904397745792E-03,
    8.526601465003E-03));
#74 = CARTESIAN_POINT('',(6.259993310674E-02,2.810667403653E-03,
    8.494999214055E-03));
#75 = CARTESIAN_POINT('',(6.047111240706E-02,3.596774262725E-03,
    7.032192372958E-03));
#76 = CARTESIAN_POINT('',(6.260260084773E-02,4.133589384876E-03,
    6.870658529086E-03));
#77 = CARTESIAN_POINT('',(6.02815589328E-02,5.288533439508E-03,
    8.664582388959E-03));
#78 = CARTESIAN_POINT('',(6.238817173367E-02,6.175184138216E-03,
    8.058391199076E-03));
#79 = CARTESIAN_POINT('',(6.020969014413E-02,6.135162782997E-03,
    8.930778913068E-03));
#80 = CARTESIAN_POINT('',(6.229144192563E-02,7.018912057301E-03,
    8.500165175766E-03));
#81 = CARTESIAN_POINT('',(6.007473772161E-02,7.268100205775E-03,
    9.980674939056E-03));
#82 = CARTESIAN_POINT('',(6.214153289466E-02,8.203904135266E-03,
    9.413024729057E-03));
#83 = CARTESIAN_POINT('',(5.994953708859E-02,8.188741199173E-03,
    1.097166567548E-02));
#84 = CARTESIAN_POINT('',(6.199679479518E-02,9.185268276453E-03,
    1.039095061755E-02));
#85 = CARTESIAN_POINT('',(5.981929242008E-02,9.049809650097E-03,
    1.203351825527E-02));
#86 = CARTESIAN_POINT('',(6.184921344598E-02,1.008881961466E-02,
    1.14357757133E-02));
#87 = CARTESIAN_POINT('',(5.98172892296E-02,9.063031176164E-03,
    1.204985669428E-02));
#88 = CARTESIAN_POINT('',(6.184694423923E-02,1.010269040577E-02,
    1.145185174854E-02));
#89 = CARTESIAN_POINT('',(5.981528487251E-02,9.076238592273E-03,
    1.206621146345E-02));
#90 = CARTESIAN_POINT('',(6.184467427925E-02,1.01165439438E-02,
    1.146794372891E-02));
#91 = CARTESIAN_POINT('',(5.98132793609E-02,9.089431884416E-03,
    1.208258236243E-02));
#92 = CARTESIAN_POINT('',(6.184240351873E-02,1.013038085997E-02,
    1.14840517645E-02));
#93 = CARTESIAN_POINT('',(5.981127270651E-02,9.102611040697E-03,
    1.209896919464E-02));
#94 = CARTESIAN_POINT('',(6.184013190559E-02,1.014420183261E-02,
    1.150017599527E-02));
#95 = CARTESIAN_POINT('',(5.959754687235E-02,1.050400701706E-02,
    1.384499887989E-02));
#96 = CARTESIAN_POINT('',(6.159822518847E-02,1.161380435618E-02,
    1.321831886074E-02));
#97 = CARTESIAN_POINT('',(5.937112718818E-02,1.174502518186E-02,
    1.576724447263E-02));
#98 = CARTESIAN_POINT('',(6.134530023022E-02,1.291984930459E-02,
    1.512426075053E-02));
#99 = CARTESIAN_POINT('',(5.91474036988E-02,1.280781636912E-02,
    1.762256770489E-02));
#100 = CARTESIAN_POINT('',(6.109733614211E-02,1.40110120504E-02,
    1.700821248974E-02));
#101 = CARTESIAN_POINT('',(5.889839346144E-02,1.394212776056E-02,
    1.966035304757E-02));
#102 = CARTESIAN_POINT('',(6.082431078771E-02,1.520696199776E-02,
    1.900719634599E-02));
#103 = CARTESIAN_POINT('',(5.865424945569E-02,1.489211886041E-02,
    2.156572350703E-02));
#104 = CARTESIAN_POINT('',(6.055626709848E-02,1.618282225232E-02,
    2.09548421599E-02));
#105 = CARTESIAN_POINT('',(5.83867697607E-02,1.590927192676E-02,
    2.358307946207E-02));
#106 = CARTESIAN_POINT('',(6.026545754528E-02,1.724062674637E-02,
    2.296153974304E-02));
#107 = CARTESIAN_POINT('',(5.810741168653E-02,1.687592432327E-02,
    2.557745915487E-02));
#108 = CARTESIAN_POINT('',(5.996202932496E-02,1.824209635003E-02,
    2.496820846077E-02));
#109 = CARTESIAN_POINT('',(5.780950898719E-02,1.784104571633E-02,
    2.757867111253E-02));
#110 = CARTESIAN_POINT('',(5.963966803396E-02,1.924085885701E-02,
    2.697824193175E-02));
#111 = CARTESIAN_POINT('',(5.780817217878E-02,1.784537536031E-02,
    2.758764897549E-02));
#112 = CARTESIAN_POINT('',(5.963822149254E-02,1.924533940192E-02,
    2.69872593035E-02));
#113 = CARTESIAN_POINT('',(5.780683499658E-02,1.784970497278E-02,
    2.759662697027E-02));
#114 = CARTESIAN_POINT('',(5.963677456869E-02,1.924981990307E-02,
    2.699627674527E-02));
#115 = CARTESIAN_POINT('',(5.780549744028E-02,1.785403455341E-02,
    2.760560509408E-02));
#116 = CARTESIAN_POINT('',(5.963532726172E-02,1.925430036596E-02,
    2.700529425825E-02));
#117 = CARTESIAN_POINT('',(5.780415950962E-02,1.785836410187E-02,
    2.761458334417E-02));
#118 = CARTESIAN_POINT('',(5.963387957092E-02,1.925878079615E-02,
    2.701431184368E-02));
#119 = CARTESIAN_POINT('',(5.747265456983E-02,1.893080692491E-02,
    2.983857152866E-02));
#120 = CARTESIAN_POINT('',(5.927518404248E-02,2.036859913162E-02,
    2.924803124573E-02));
#121 = CARTESIAN_POINT('',(5.711814468213E-02,2.000123669439E-02,
    3.206997482284E-02));
#122 = CARTESIAN_POINT('',(5.889284866526E-02,2.147711122369E-02,
    3.148635336243E-02));
#123 = CARTESIAN_POINT('',(5.673804885672E-02,2.106059682381E-02,
    3.425925847344E-02));
#124 = CARTESIAN_POINT('',(5.848336366795E-02,2.256998371527E-02,
    3.369233549041E-02));
#125 = CARTESIAN_POINT('',(5.633507882578E-02,2.213209964987E-02,
    3.649250352688E-02));
#126 = CARTESIAN_POINT('',(5.805075927001E-02,2.368134667998E-02,
    3.592399868298E-02));
#127 = CARTESIAN_POINT('',(5.590906928526E-02,2.317346910223E-02,
    3.868022029303E-02));
#128 = CARTESIAN_POINT('',(5.75937022513E-02,2.475490768554E-02,
    3.812953518676E-02));
#129 = CARTESIAN_POINT('',(5.546111688233E-02,2.421867217268E-02,
    4.089784803568E-02));
#130 = CARTESIAN_POINT('',(5.711430830936E-02,2.583579115848E-02,
    4.035222227304E-02));
#131 = CARTESIAN_POINT('',(5.499319947064E-02,2.524383358137E-02,
    4.310961249182E-02));
#132 = CARTESIAN_POINT('',(5.661422259445E-02,2.689412437097E-02,
    4.257432365724E-02));
#133 = CARTESIAN_POINT('',(5.450732354657E-02,2.625260233317E-02,
    4.532701747838E-02));
#134 = CARTESIAN_POINT('',(5.609574934496E-02,2.793518379469E-02,
    4.480163547124E-02));
#135 = CARTESIAN_POINT('',(5.450685942334E-02,2.625356589032E-02,
    4.532913554043E-02));
#136 = CARTESIAN_POINT('',(5.609525408449E-02,2.793617819498E-02,
    4.480376299587E-02));
#137 = CARTESIAN_POINT('',(5.450639528372E-02,2.625452943251E-02,
    4.53312536076E-02));
#138 = CARTESIAN_POINT('',(5.609475880725E-02,2.793717257951E-02,
    4.480589052526E-02));
#139 = CARTESIAN_POINT('',(5.450593112772E-02,2.625549295972E-02,
    4.533337167991E-02));
#140 = CARTESIAN_POINT('',(5.609426351323E-02,2.793816694831E-02,
    4.480801805942E-02));
#141 = CARTESIAN_POINT('',(5.450546695534E-02,2.625645647195E-02,
    4.533548975735E-02));
#142 = CARTESIAN_POINT('',(5.609376820244E-02,2.793916130137E-02,
    4.481014559837E-02));
#143 = CARTESIAN_POINT('',(5.399384687889E-02,2.731840493698E-02,
    4.767000035283E-02));
#144 = CARTESIAN_POINT('',(5.5547827525E-02,2.90351011204E-02,
    4.715508412296E-02));
#145 = CARTESIAN_POINT('',(5.346233544609E-02,2.836214122842E-02,
    5.001072927861E-02));
#146 = CARTESIAN_POINT('',(5.498151821277E-02,3.011193574248E-02,
    4.950584862428E-02));
#147 = CARTESIAN_POINT('',(5.291394331939E-02,2.937894869962E-02,
    5.234944628009E-02));
#148 = CARTESIAN_POINT('',(5.439797091409E-02,3.11595139042E-02,
    5.185782630515E-02));
#149 = CARTESIAN_POINT('',(5.235008643479E-02,3.037693948988E-02,
    5.470507789557E-02));
#150 = CARTESIAN_POINT('',(5.379887975528E-02,3.218848897489E-02,
    5.422285190311E-02));
#151 = CARTESIAN_POINT('',(5.177394709602E-02,3.134186590739E-02,
    5.705906067162E-02));
#152 = CARTESIAN_POINT('',(5.318739392235E-02,3.318131000035E-02,
    5.659151171967E-02));
#153 = CARTESIAN_POINT('',(5.118736940702E-02,3.228241336468E-02,
    5.942795932446E-02));
#154 = CARTESIAN_POINT('',(5.256564379287E-02,3.414932275127E-02,
    5.897302249838E-02));
#155 = CARTESIAN_POINT('',(5.059210845882E-02,3.319377676461E-02,
    6.180695543995E-02));
#156 = CARTESIAN_POINT('',(5.193537732919E-02,3.508635612711E-02,
    6.136639896831E-02));
#157 = CARTESIAN_POINT('',(4.999083319885E-02,3.407588826021E-02,
    6.41955681632E-02));
#158 = CARTESIAN_POINT('',(5.129942464497E-02,3.599277051091E-02,
    6.377005266701E-02));
#159 = CARTESIAN_POINT('',(4.999006476186E-02,3.40770155471E-02,
    6.419862081561E-02));
#160 = CARTESIAN_POINT('',(5.129861189092E-02,3.599392885454E-02,
    6.377312454279E-02));
#161 = CARTESIAN_POINT('',(4.998929631506E-02,3.407814278621E-02,
    6.420167348373E-02));
#162 = CARTESIAN_POINT('',(5.129779912759E-02,3.599508714817E-02,
    6.377619643535E-02));
#163 = CARTESIAN_POINT('',(4.998852785844E-02,3.407926997756E-02,
    6.420472616758E-02));
#164 = CARTESIAN_POINT('',(5.129698635498E-02,3.599624539178E-02,
    6.37792683447E-02));
#165 = CARTESIAN_POINT('',(4.998775939201E-02,3.408039712115E-02,
    6.420777886715E-02));
#166 = CARTESIAN_POINT('',(5.129617357311E-02,3.599740358537E-02,
    6.378234027083E-02));
#167 = CARTESIAN_POINT('',(4.929333986595E-02,3.509887669965E-02,
    6.696630937346E-02));
#168 = CARTESIAN_POINT('',(5.056170968513E-02,3.704393889749E-02,
    6.655824545106E-02));
#169 = CARTESIAN_POINT('',(4.85909190828E-02,3.607835675128E-02,
    6.973769143075E-02));
#170 = CARTESIAN_POINT('',(4.981968419776E-02,3.804962826483E-02,
    6.934785305543E-02));
#171 = CARTESIAN_POINT('',(4.788443779236E-02,3.701637473676E-02,
    7.251754018451E-02));
#172 = CARTESIAN_POINT('',(4.907420974786E-02,3.901181918304E-02,
    7.214748097512E-02));
#173 = CARTESIAN_POINT('',(4.717571719863E-02,3.791620355463E-02,
    7.5311753195E-02));
#174 = CARTESIAN_POINT('',(4.83272018953E-02,3.993434583156E-02,
    7.496157819799E-02));
#175 = CARTESIAN_POINT('',(4.646712503735E-02,3.877640426951E-02,
    7.811617533922E-02));
#176 = CARTESIAN_POINT('',(4.758106324563E-02,4.081530052753E-02,
    7.778768925404E-02));
#177 = CARTESIAN_POINT('',(4.576035934767E-02,3.960012631263E-02,
    8.093321130173E-02));
#178 = CARTESIAN_POINT('',(4.683756415987E-02,4.165842466315E-02,
    8.06267525646E-02));
#179 = CARTESIAN_POINT('',(4.505570494641E-02,4.038924095984E-02,
    8.376554640643E-02));
#180 = CARTESIAN_POINT('',(4.609693593622E-02,4.246547535124E-02,
    8.348213058441E-02));
#181 = CARTESIAN_POINT('',(4.435550389166E-02,4.114412750768E-02,
    8.660811939443E-02));
#182 = CARTESIAN_POINT('',(4.53615960584E-02,4.323698237697E-02,
    8.634846806899E-02));
#183 = CARTESIAN_POINT('',(4.435430424525E-02,4.114542075975E-02,
    8.661298962516E-02));
#184 = CARTESIAN_POINT('',(4.536033621085E-02,4.323830410116E-02,
    8.635337901772E-02));
#185 = CARTESIAN_POINT('',(4.435310461192E-02,4.114671391136E-02,
    8.661785988594E-02));
#186 = CARTESIAN_POINT('',(4.535907637883E-02,4.323962572104E-02,
    8.635828999861E-02));
#187 = CARTESIAN_POINT('',(4.435190499169E-02,4.114800696253E-02,
    8.662273017677E-02));
#188 = CARTESIAN_POINT('',(4.535781656235E-02,4.324094723659E-02,
    8.636320101166E-02));
#189 = CARTESIAN_POINT('',(4.435070538455E-02,4.114929991327E-02,
    8.662760049765E-02));
#190 = CARTESIAN_POINT('',(4.535655676141E-02,4.324226864785E-02,
    8.636811205687E-02));
#191 = CARTESIAN_POINT('',(4.348748292005E-02,4.2079629166E-02,
    9.013228307145E-02));
#192 = CARTESIAN_POINT('',(4.445002087989E-02,4.419307517965E-02,
    8.990210118533E-02));
#193 = CARTESIAN_POINT('',(4.263104715881E-02,4.295796038156E-02,
    9.36525236659E-02));
#194 = CARTESIAN_POINT('',(4.355154133446E-02,4.508987931138E-02,
    9.345273593419E-02));
#195 = CARTESIAN_POINT('',(4.178470454856E-02,4.378598051379E-02,
    9.718181036423E-02));
#196 = CARTESIAN_POINT('',(4.266448922342E-02,4.593450650567E-02,
    9.701349579265E-02));
#197 = CARTESIAN_POINT('',(4.094866084919E-02,4.456858624419E-02,
    0.100724481714));
#198 = CARTESIAN_POINT('',(4.178899758599E-02,4.673217350155E-02,
    0.100588284199));
#199 = CARTESIAN_POINT('',(4.012386243376E-02,4.530817729658E-02,
    0.104278149537));
#200 = CARTESIAN_POINT('',(4.092595989308E-02,4.748528200525E-02,
    0.104175177567));
#201 = CARTESIAN_POINT('',(3.931081961082E-02,4.600854155455E-02,
    0.107843016427));
#202 = CARTESIAN_POINT('',(4.007585047427E-02,4.819795869659E-02,
    0.107773666747));
#203 = CARTESIAN_POINT('',(3.850987329726E-02,4.667178664453E-02,
    0.111417070491));
#204 = CARTESIAN_POINT('',(3.923894675951E-02,4.887228886032E-02,
    0.11138215587));
#205 = CARTESIAN_POINT('',(3.772113301245E-02,4.730080468932E-02,0.115)
  );
#206 = CARTESIAN_POINT('',(3.841531028258E-02,4.951136280697E-02,0.115)
  );
#207 = DEFINITIONAL_REPRESENTATION('',(#208),#212);
#208 = LINE('',#209,#210);
#209 = CARTESIAN_POINT('',(0.,0.));
#210 = VECTOR('',#211,1.);
#211 = DIRECTION('',(1.,0.));
#212 = ( GEOMETRIC_REPRESENTATION_CONTEXT(2) 
PARAMETRIC_REPRESENTATION_CONTEXT() REPRESENTATION_CONTEXT('2D SPACE',''
  ) );
#213 = ORIENTED_EDGE('',*,*,#214,.T.);
#214 = EDGE_CURVE('',#24,#215,#217,.T.);
#215 = VERTEX_POINT('',#216);
#216 = CARTESIAN_POINT('',(3.841531028258E-02,4.951136280697E-02,0.115)
  );
#217 = SURFACE_CURVE('',#218,(#221),.PCURVE_S1.);
#218 = B_SPLINE_CURVE_WITH_KNOTS('',1,(#219,#220),.UNSPECIFIED.,.F.,.F.,
  (2,2),(0.,1.),.PIECEWISE_BEZIER_KNOTS.);
#219 = CARTESIAN_POINT('',(3.772113301245E-02,4.730080468932E-02,0.115)
  );
#220 = CARTESIAN_POINT('',(3.841531028258E-02,4.951136280697E-02,0.115)
  );
#221 = PCURVE('',#68,#222);
#222 = DEFINITIONAL_REPRESENTATION('',(#223),#227);
#223 = LINE('',#224,#225);
#224 = CARTESIAN_POINT('',(1.,0.));
#225 = VECTOR('',#226,1.);
#226 = DIRECTION('',(0.,1.));
#227 = ( GEOMETRIC_REPRESENTATION_CONTEXT(2) 
PARAMETRIC_REPRESENTATION_CONTEXT() REPRESENTATION_CONTEXT('2D SPACE',''
  ) );
#228 = ORIENTED_EDGE('',*,*,#229,.F.);
#229 = EDGE_CURVE('',#230,#215,#232,.T.);
#230 = VERTEX_POINT('',#231);
#231 = CARTESIAN_POINT('',(6.266109637882E-02,8.35530798574E-04,1.E-02)
  );
#232 = SURFACE_CURVE('',#233,(#273,#280),.PCURVE_S1.);
#233 = B_SPLINE_CURVE_WITH_KNOTS('',8,(#234,#235,#236,#237,#238,#239,
    #240,#241,#242,#243,#244,#245,#246,#247,#248,#249,#250,#251,#252,
    #253,#254,#255,#256,#257,#258,#259,#260,#261,#262,#263,#264,#265,
    #266,#267,#268,#269,#270,#271,#272),.UNSPECIFIED.,.F.,.F.,(9,6,6,6,6
    ,6,9),(0.,8.905342271154E-02,0.234047555902,0.394673914427,
    0.563627794784,0.758991740444,1.),.UNSPECIFIED.);
#234 = CARTESIAN_POINT('',(6.266109637882E-02,8.35530798574E-04,1.E-02)
  );
#235 = CARTESIAN_POINT('',(6.265289118166E-02,1.819140931859E-03,
    8.876197764317E-03));
#236 = CARTESIAN_POINT('',(6.259826473112E-02,2.842106435328E-03,
    8.482730562317E-03));
#237 = CARTESIAN_POINT('',(6.260276693176E-02,4.195778559631E-03,
    6.79368158258E-03));
#238 = CARTESIAN_POINT('',(6.237446019671E-02,6.303727463671E-03,
    8.136732284264E-03));
#239 = CARTESIAN_POINT('',(6.228419138289E-02,7.081776852676E-03,
    8.53269251892E-03));
#240 = CARTESIAN_POINT('',(6.212728354637E-02,8.316266206415E-03,
    9.50034832016E-03));
#241 = CARTESIAN_POINT('',(6.174937607395E-02,1.08348730737E-02,
    1.207855676613E-02));
#242 = CARTESIAN_POINT('',(6.13430418824E-02,1.293150648805E-02,
    1.514128084931E-02));
#243 = CARTESIAN_POINT('',(6.10939840531E-02,1.402575122547E-02,
    1.70336815283E-02));
#244 = CARTESIAN_POINT('',(6.081938631985E-02,1.522853241093E-02,
    1.904324298397E-02));
#245 = CARTESIAN_POINT('',(6.055022862846E-02,1.620476515652E-02,
    2.099871556558E-02));
#246 = CARTESIAN_POINT('',(6.025758760099E-02,1.72692533629E-02,
    2.301581536703E-02));
#247 = CARTESIAN_POINT('',(5.961738081753E-02,1.937658773221E-02,
    2.724493578046E-02));
#248 = CARTESIAN_POINT('',(5.889212048638E-02,2.147922238298E-02,
    3.149061624945E-02));
#249 = CARTESIAN_POINT('',(5.848218905176E-02,2.257311840199E-02,
    3.369866290794E-02));
#250 = CARTESIAN_POINT('',(5.804910467451E-02,2.36855971203E-02,
    3.593253368161E-02));
#251 = CARTESIAN_POINT('',(5.759151704494E-02,2.476003954892E-02,
    3.814007861959E-02));
#252 = CARTESIAN_POINT('',(5.711155788447E-02,2.584199191747E-02,
    4.036497330252E-02));
#253 = CARTESIAN_POINT('',(5.608522188089E-02,2.801324815839E-02,
    4.492434634819E-02));
#254 = CARTESIAN_POINT('',(5.498151821277E-02,3.011193574248E-02,
    4.950584862428E-02));
#255 = CARTESIAN_POINT('',(5.439797091409E-02,3.11595139042E-02,
    5.185782630515E-02));
#256 = CARTESIAN_POINT('',(5.379887975528E-02,3.218848897489E-02,
    5.422285190311E-02));
#257 = CARTESIAN_POINT('',(5.318739392235E-02,3.318131000035E-02,
    5.659151171967E-02));
#258 = CARTESIAN_POINT('',(5.256564379287E-02,3.414932275127E-02,
    5.897302249838E-02));
#259 = CARTESIAN_POINT('',(5.120832747997E-02,3.616727985362E-02,
    6.412730106585E-02));
#260 = CARTESIAN_POINT('',(4.982463950884E-02,3.804323163127E-02,
    6.932924355402E-02));
#261 = CARTESIAN_POINT('',(4.907834770205E-02,3.900670846784E-02,
    7.213189283204E-02));
#262 = CARTESIAN_POINT('',(4.833050841771E-02,3.993044161457E-02,
    7.494905442183E-02));
#263 = CARTESIAN_POINT('',(4.758353436521E-02,4.081249817001E-02,
    7.777825334413E-02));
#264 = CARTESIAN_POINT('',(4.683920239653E-02,4.165663946653E-02,
    8.062043663388E-02));
#265 = CARTESIAN_POINT('',(4.518589918927E-02,4.345829096036E-02,
    8.699441505911E-02));
#266 = CARTESIAN_POINT('',(4.355894821914E-02,4.508282563019E-02,
    9.342300534659E-02));
#267 = CARTESIAN_POINT('',(4.267058115071E-02,4.592895546176E-02,
    9.698862258686E-02));
#268 = CARTESIAN_POINT('',(4.179380176129E-02,4.672798091802E-02,
    0.1005683182));
#269 = CARTESIAN_POINT('',(4.092950901552E-02,4.748230649234E-02,
    0.104160154615));
#270 = CARTESIAN_POINT('',(4.007817977624E-02,4.819608182789E-02,
    0.107763623593));
#271 = CARTESIAN_POINT('',(3.924009293491E-02,4.887139952278E-02,
    0.111377121265));
#272 = CARTESIAN_POINT('',(3.841531028258E-02,4.951136280697E-02,0.115)
  );
#273 = PCURVE('',#68,#274);
#274 = DEFINITIONAL_REPRESENTATION('',(#275),#279);
#275 = LINE('',#276,#277);
#276 = CARTESIAN_POINT('',(0.,1.));
#277 = VECTOR('',#278,1.);
#278 = DIRECTION('',(1.,0.));
#279 = ( GEOMETRIC_REPRESENTATION_CONTEXT(2) 
PARAMETRIC_REPRESENTATION_CONTEXT() REPRESENTATION_CONTEXT('2D SPACE',''
  ) );
#280 = PCURVE('',#281,#420);
#281 = B_SPLINE_SURFACE_WITH_KNOTS('',8,1,(
    (#282,#283)
    ,(#284,#285)
    ,(#286,#287)
    ,(#288,#289)
    ,(#290,#291)
    ,(#292,#293)
    ,(#294,#295)
    ,(#296,#297)
    ,(#298,#299)
    ,(#300,#301)
    ,(#302,#303)
    ,(#304,#305)
    ,(#306,#307)
    ,(#308,#309)
    ,(#310,#311)
    ,(#312,#313)
    ,(#314,#315)
    ,(#316,#317)
    ,(#318,#319)
    ,(#320,#321)
    ,(#322,#323)
    ,(#324,#325)
    ,(#326,#327)
    ,(#328,#329)
    ,(#330,#331)
    ,(#332,#333)
    ,(#334,#335)
    ,(#336,#337)
    ,(#338,#339)
    ,(#340,#341)
    ,(#342,#343)
    ,(#344,#345)
    ,(#346,#347)
    ,(#348,#349)
    ,(#350,#351)
    ,(#352,#353)
    ,(#354,#355)
    ,(#356,#357)
    ,(#358,#359)
    ,(#360,#361)
    ,(#362,#363)
    ,(#364,#365)
    ,(#366,#367)
    ,(#368,#369)
    ,(#370,#371)
    ,(#372,#373)
    ,(#374,#375)
    ,(#376,#377)
    ,(#378,#379)
    ,(#380,#381)
    ,(#382,#383)
    ,(#384,#385)
    ,(#386,#387)
    ,(#388,#389)
    ,(#390,#391)
    ,(#392,#393)
    ,(#394,#395)
    ,(#396,#397)
    ,(#398,#399)
    ,(#400,#401)
    ,(#402,#403)
    ,(#404,#405)
    ,(#406,#407)
    ,(#408,#409)
    ,(#410,#411)
    ,(#412,#413)
    ,(#414,#415)
    ,(#416,#417)
    ,(#418,#419
    )),.UNSPECIFIED.,.F.,.F.,.F.,(9,6,6,6,6,6,6,6,6,6,6,9),(2,2),(0.,
    8.905342271154E-02,9.051415050349E-02,0.234047555902,0.234809690559,
    0.394673914427,0.394923574254,0.563482420267,0.563627794784,
    0.758693955991,0.758991740444,1.),(0.,1.),.UNSPECIFIED.);
#282 = CARTESIAN_POINT('',(6.266109637882E-02,8.35530798574E-04,1.E-02)
  );
#283 = CARTESIAN_POINT('',(6.481028284748E-02,1.728683990824E-03,1.E-02)
  );
#284 = CARTESIAN_POINT('',(6.265289118166E-02,1.819140931859E-03,
    8.876197764317E-03));
#285 = CARTESIAN_POINT('',(6.47927259488E-02,2.666787957468E-03,
    8.832724457559E-03));
#286 = CARTESIAN_POINT('',(6.259826473112E-02,2.842106435328E-03,
    8.482730562317E-03));
#287 = CARTESIAN_POINT('',(6.471341227786E-02,3.815425646309E-03,
    8.401536262583E-03));
#288 = CARTESIAN_POINT('',(6.260276693176E-02,4.195778559631E-03,
    6.79368158258E-03));
#289 = CARTESIAN_POINT('',(6.472145215626E-02,4.832132629152E-03,
    6.746303343616E-03));
#290 = CARTESIAN_POINT('',(6.237446019671E-02,6.303727463671E-03,
    8.136732284264E-03));
#291 = CARTESIAN_POINT('',(6.447371088037E-02,7.167049233176E-03,
    7.528567589298E-03));
#292 = CARTESIAN_POINT('',(6.228419138289E-02,7.081776852676E-03,
    8.53269251892E-03));
#293 = CARTESIAN_POINT('',(6.435229182203E-02,8.031073405195E-03,
    8.102780144494E-03));
#294 = CARTESIAN_POINT('',(6.212728354637E-02,8.316266206415E-03,
    9.50034832016E-03));
#295 = CARTESIAN_POINT('',(6.418033106578E-02,9.287033629724E-03,
    8.940267193601E-03));
#296 = CARTESIAN_POINT('',(6.198113387306E-02,9.290297147117E-03,
    1.049742921856E-02));
#297 = CARTESIAN_POINT('',(6.401303330819E-02,1.032812601931E-02,
    9.914441229311E-03));
#298 = CARTESIAN_POINT('',(6.183073260876E-02,1.020121638926E-02,
    1.156697582453E-02));
#299 = CARTESIAN_POINT('',(6.384389297238E-02,1.128347422499E-02,
    1.09650729766E-02));
#300 = CARTESIAN_POINT('',(6.182830432243E-02,1.021590042859E-02,
    1.158425496857E-02));
#301 = CARTESIAN_POINT('',(6.38411628459E-02,1.129887006944E-02,
    1.098204789815E-02));
#302 = CARTESIAN_POINT('',(6.182587495616E-02,1.023056794756E-02,
    1.160155259827E-02));
#303 = CARTESIAN_POINT('',(6.383843215396E-02,1.131424495091E-02,
    1.099904232469E-02));
#304 = CARTESIAN_POINT('',(6.182344452298E-02,1.024521890975E-02,
    1.161886852479E-02));
#305 = CARTESIAN_POINT('',(6.383570084613E-02,1.13295996412E-02,
    1.101605606365E-02));
#306 = CARTESIAN_POINT('',(6.182101303552E-02,1.025985328221E-02,
    1.163620256239E-02));
#307 = CARTESIAN_POINT('',(6.383296886638E-02,1.134493497594E-02,
    1.103308893113E-02));
#308 = CARTESIAN_POINT('',(6.157955633754E-02,1.171083439933E-02,
    1.335858593989E-02));
#309 = CARTESIAN_POINT('',(6.356171541698E-02,1.286531281842E-02,
    1.272567952337E-02));
#310 = CARTESIAN_POINT('',(6.132794898697E-02,1.299780807649E-02,
    1.5255844479E-02));
#311 = CARTESIAN_POINT('',(6.328255631501E-02,1.421350821155E-02,
    1.460341419815E-02));
#312 = CARTESIAN_POINT('',(6.108015725419E-02,1.40861109367E-02,
    1.713485335838E-02));
#313 = CARTESIAN_POINT('',(6.300881056336E-02,1.534132594721E-02,
    1.651240599728E-02));
#314 = CARTESIAN_POINT('',(6.080852566912E-02,1.526792533856E-02,
    1.912208100996E-02));
#315 = CARTESIAN_POINT('',(6.271297022869E-02,1.656946007704E-02,
    1.845983825826E-02));
#316 = CARTESIAN_POINT('',(6.054138070212E-02,1.623691773277E-02,
    2.105967548781E-02));
#317 = CARTESIAN_POINT('',(6.242034887963E-02,1.757724436637E-02,
    2.043835835623E-02));
#318 = CARTESIAN_POINT('',(6.025146586E-02,1.728939746683E-02,
    2.305624231286E-02));
#319 = CARTESIAN_POINT('',(6.210654820599E-02,1.866381925422E-02,
    2.242540037106E-02));
#320 = CARTESIAN_POINT('',(5.994900694531E-02,1.828434289063E-02,
    2.505301494914E-02));
#321 = CARTESIAN_POINT('',(6.177910981081E-02,1.969481523276E-02,
    2.443374082318E-02));
#322 = CARTESIAN_POINT('',(5.962758824995E-02,1.927824067287E-02,
    2.705347908366E-02));
#323 = CARTESIAN_POINT('',(6.143241427554E-02,2.072215715627E-02,
    2.644306023499E-02));
#324 = CARTESIAN_POINT('',(5.962589006352E-02,1.928349017382E-02,
    2.70640451585E-02));
#325 = CARTESIAN_POINT('',(6.143058257406E-02,2.072758323815E-02,
    2.645367300715E-02));
#326 = CARTESIAN_POINT('',(5.962419134704E-02,1.928873964345E-02,
    2.707461133038E-02));
#327 = CARTESIAN_POINT('',(6.142875033321E-02,2.073300923543E-02,
    2.646428580369E-02));
#328 = CARTESIAN_POINT('',(5.962249209998E-02,1.929398908074E-02,
    2.70851775964E-02));
#329 = CARTESIAN_POINT('',(6.142691755189E-02,2.073843515703E-02,
    2.647489862315E-02));
#330 = CARTESIAN_POINT('',(5.962079232178E-02,1.92992384847E-02,
    2.70957439537E-02));
#331 = CARTESIAN_POINT('',(6.142508422899E-02,2.074386101203E-02,
    2.648551146405E-02));
#332 = CARTESIAN_POINT('',(5.926243755937E-02,2.04055877678E-02,
    2.932271223007E-02));
#333 = CARTESIAN_POINT('',(6.103858146386E-02,2.188739399205E-02,
    2.872226211513E-02));
#334 = CARTESIAN_POINT('',(5.888044248992E-02,2.151037022887E-02,
    3.155348486179E-02));
#335 = CARTESIAN_POINT('',(6.062792199804E-02,2.302879640791E-02,
    3.095983151586E-02));
#336 = CARTESIAN_POINT('',(5.847190911521E-02,2.259950214934E-02,
    3.375165301015E-02));
#337 = CARTESIAN_POINT('',(6.018889709388E-02,2.415398400357E-02,
    3.31747200565E-02));
#338 = CARTESIAN_POINT('',(5.804041706668E-02,2.370599003758E-02,
    3.597443316265E-02));
#339 = CARTESIAN_POINT('',(5.972706520238E-02,2.529604853217E-02,
    3.539593575857E-02));
#340 = CARTESIAN_POINT('',(5.758468379473E-02,2.477543878115E-02,
    3.817174825179E-02));
#341 = CARTESIAN_POINT('',(5.923918932604E-02,2.640053956239E-02,
    3.76108368584E-02));
#342 = CARTESIAN_POINT('',(5.71068107891E-02,2.585203333068E-02,
    4.038605997762E-02));
#343 = CARTESIAN_POINT('',(5.872902198835E-02,2.751094074442E-02,
    3.983026800453E-02));
#344 = CARTESIAN_POINT('',(5.660811799811E-02,2.690677314636E-02,
    4.260108088259E-02));
#345 = CARTESIAN_POINT('',(5.819720465579E-02,2.859882422876E-02,
    4.205552559776E-02));
#346 = CARTESIAN_POINT('',(5.609116544387E-02,2.794438582628E-02,
    4.482132457037E-02));
#347 = CARTESIAN_POINT('',(5.764672064543E-02,2.966838177098E-02,
    4.428563567013E-02));
#348 = CARTESIAN_POINT('',(5.609035933393E-02,2.794600369678E-02,
    4.482478652928E-02));
#349 = CARTESIAN_POINT('',(5.764586225011E-02,2.96700494491E-02,
    4.428911301245E-02));
#350 = CARTESIAN_POINT('',(5.608955317962E-02,2.794762152558E-02,
    4.482824850087E-02));
#351 = CARTESIAN_POINT('',(5.764500380943E-02,2.96717170827E-02,
    4.429259036659E-02));
#352 = CARTESIAN_POINT('',(5.608874698094E-02,2.794923931265E-02,
    4.483171048513E-02));
#353 = CARTESIAN_POINT('',(5.764414532339E-02,2.967338467182E-02,
    4.429606773256E-02));
#354 = CARTESIAN_POINT('',(5.60879407379E-02,2.795085705796E-02,
    4.483517248206E-02));
#355 = CARTESIAN_POINT('',(5.764328679199E-02,2.967505221647E-02,
    4.429954511036E-02));
#356 = CARTESIAN_POINT('',(5.554276623993E-02,2.904467386678E-02,
    4.717602432888E-02));
#357 = CARTESIAN_POINT('',(5.706275664446E-02,3.080253925997E-02,
    4.665079624591E-02));
#358 = CARTESIAN_POINT('',(5.497731784644E-02,3.011937204286E-02,
    4.95226601219E-02));
#359 = CARTESIAN_POINT('',(5.646150061575E-02,3.190971962034E-02,
    4.900746728488E-02));
#360 = CARTESIAN_POINT('',(5.439505089494E-02,3.116441175791E-02,
    5.186922870282E-02));
#361 = CARTESIAN_POINT('',(5.584305433553E-02,3.298581954074E-02,
    5.136726476585E-02));
#362 = CARTESIAN_POINT('',(5.379732740727E-02,3.219081610872E-02,
    5.422871270134E-02));
#363 = CARTESIAN_POINT('',(5.520918008199E-02,3.404187264998E-02,
    5.373621542681E-02));
#364 = CARTESIAN_POINT('',(5.318726846346E-02,3.318132992604E-02,
    5.659187845754E-02));
#365 = CARTESIAN_POINT('',(5.456279646064E-02,3.506056996192E-02,
    5.611410480372E-02));
#366 = CARTESIAN_POINT('',(5.25669933685E-02,3.414709113624E-02,
    5.896779191062E-02));
#367 = CARTESIAN_POINT('',(5.39064570655E-02,3.605302633311E-02,
    5.850273126115E-02));
#368 = CARTESIAN_POINT('',(5.193849391844E-02,3.508166483674E-02,
    6.135454720002E-02));
#369 = CARTESIAN_POINT('',(5.324208807032E-02,3.701283816448E-02,
    6.090400588883E-02));
#370 = CARTESIAN_POINT('',(5.130432901999E-02,3.598577962701E-02,
    6.375151582116E-02));
#371 = CARTESIAN_POINT('',(5.257242051357E-02,3.794075721016E-02,
    6.331618191139E-02));
#372 = CARTESIAN_POINT('',(5.130378254804E-02,3.598655869131E-02,
    6.37535813263E-02));
#373 = CARTESIAN_POINT('',(5.257184344881E-02,3.794155678582E-02,
    6.331826052145E-02));
#374 = CARTESIAN_POINT('',(5.130323607188E-02,3.5987337733E-02,
    6.375564683902E-02));
#375 = CARTESIAN_POINT('',(5.257126638011E-02,3.794235633779E-02,
    6.33203391396E-02));
#376 = CARTESIAN_POINT('',(5.130268959152E-02,3.598811675207E-02,
    6.375771235934E-02));
#377 = CARTESIAN_POINT('',(5.257068930749E-02,3.794315586608E-02,
    6.332241776585E-02));
#378 = CARTESIAN_POINT('',(5.130214310695E-02,3.598889574852E-02,
    6.375977788724E-02));
#379 = CARTESIAN_POINT('',(5.257011223094E-02,3.794395537068E-02,
    6.332449640019E-02));
#380 = CARTESIAN_POINT('',(5.056830809072E-02,3.703491594407E-02,
    6.653341637399E-02));
#381 = CARTESIAN_POINT('',(5.179519810307E-02,3.90175128355E-02,
    6.611573513412E-02));
#382 = CARTESIAN_POINT('',(4.982690147642E-02,3.804016482248E-02,
    6.932073970553E-02));
#383 = CARTESIAN_POINT('',(5.10132047576E-02,4.004836091983E-02,
    6.892157064269E-02));
#384 = CARTESIAN_POINT('',(4.908176028895E-02,3.900230241877E-02,
    7.21190770678E-02));
#385 = CARTESIAN_POINT('',(5.022811946244E-02,4.103422798851E-02,
    7.17400097336E-02));
#386 = CARTESIAN_POINT('',(4.833506798689E-02,3.992480904137E-02,
    7.493187833459E-02));
#387 = CARTESIAN_POINT('',(4.944226157626E-02,4.197865409788E-02,
    7.457309388871E-02));
#388 = CARTESIAN_POINT('',(4.758922727955E-02,4.080577480661E-02,
    7.775669152218E-02));
#389 = CARTESIAN_POINT('',(4.865803673087E-02,4.287988326667E-02,
    7.74200176165E-02));
#390 = CARTESIAN_POINT('',(4.684600979842E-02,4.164891802582E-02,
    8.059444381535E-02));
#391 = CARTESIAN_POINT('',(4.787731423534E-02,4.374172896888E-02,
    8.028026512855E-02));
#392 = CARTESIAN_POINT('',(4.61057876576E-02,4.245586120112E-02,
    8.34479707986E-02));
#393 = CARTESIAN_POINT('',(4.710040268764E-02,4.456595589279E-02,
    8.315733485117E-02));
#394 = CARTESIAN_POINT('',(4.537083705505E-02,4.322728526668E-02,
    8.631244856805E-02));
#395 = CARTESIAN_POINT('',(4.632964940786E-02,4.535333089807E-02,
    8.604610574996E-02));
#396 = CARTESIAN_POINT('',(4.536971681524E-02,4.322846103108E-02,
    8.631681478779E-02));
#397 = CARTESIAN_POINT('',(4.63284745977E-02,4.535453097267E-02,
    8.605050900036E-02));
#398 = CARTESIAN_POINT('',(4.536859658768E-02,4.322963671298E-02,
    8.632118103297E-02));
#399 = CARTESIAN_POINT('',(4.632729980186E-02,4.535573096166E-02,
    8.605491227795E-02));
#400 = CARTESIAN_POINT('',(4.536747637238E-02,4.323081231237E-02,
    8.632554730359E-02));
#401 = CARTESIAN_POINT('',(4.632612502034E-02,4.535693086505E-02,
    8.605931558271E-02));
#402 = CARTESIAN_POINT('',(4.536635616935E-02,4.323198782926E-02,
    8.632991359964E-02));
#403 = CARTESIAN_POINT('',(4.632495025314E-02,4.535813068285E-02,
    8.606371891464E-02));
#404 = CARTESIAN_POINT('',(4.44586230786E-02,4.418448694169E-02,
    8.986810961243E-02));
#405 = CARTESIAN_POINT('',(4.537300341821E-02,4.633031922168E-02,
    8.963192791854E-02));
#406 = CARTESIAN_POINT('',(4.355894821914E-02,4.508282563019E-02,
    9.342300534659E-02));
#407 = CARTESIAN_POINT('',(4.443046786958E-02,4.724630893936E-02,
    9.321797714497E-02));
#408 = CARTESIAN_POINT('',(4.267058115071E-02,4.592895546176E-02,
    9.698862258686E-02));
#409 = CARTESIAN_POINT('',(4.350064530031E-02,4.810825411686E-02,
    9.681586676168E-02));
#410 = CARTESIAN_POINT('',(4.179380176129E-02,4.672798091802E-02,
    0.1005683182));
#411 = CARTESIAN_POINT('',(4.258374855409E-02,4.892145810276E-02,
    0.100428524756));
#412 = CARTESIAN_POINT('',(4.092950901552E-02,4.748230649234E-02,
    0.104160154615));
#413 = CARTESIAN_POINT('',(4.168060754306E-02,4.968852848294E-02,
    0.104054447575));
#414 = CARTESIAN_POINT('',(4.007817977624E-02,4.819608182789E-02,
    0.107763623593));
#415 = CARTESIAN_POINT('',(4.079166813618E-02,5.041374057925E-02,
    0.10769243508));
#416 = CARTESIAN_POINT('',(3.924009293491E-02,4.887139952278E-02,
    0.111377121265));
#417 = CARTESIAN_POINT('',(3.99171313847E-02,5.109933996949E-02,
    0.111341277551));
#418 = CARTESIAN_POINT('',(3.841531028258E-02,4.951136280697E-02,0.115)
  );
#419 = CARTESIAN_POINT('',(3.905701084372E-02,5.174853635674E-02,0.115)
  );
#420 = DEFINITIONAL_REPRESENTATION('',(#421),#425);
#421 = LINE('',#422,#423);
#422 = CARTESIAN_POINT('',(0.,0.));
#423 = VECTOR('',#424,1.);
#424 = DIRECTION('',(1.,0.));
#425 = ( GEOMETRIC_REPRESENTATION_CONTEXT(2) 
PARAMETRIC_REPRESENTATION_CONTEXT() REPRESENTATION_CONTEXT('2D SPACE',''
  ) );
#426 = ORIENTED_EDGE('',*,*,#427,.F.);
#427 = EDGE_CURVE('',#22,#230,#428,.T.);
#428 = SURFACE_CURVE('',#429,(#432),.PCURVE_S1.);
#429 = B_SPLINE_CURVE_WITH_KNOTS('',1,(#430,#431),.UNSPECIFIED.,.F.,.F.,
  (2,2),(0.,1.),.PIECEWISE_BEZIER_KNOTS.);
#430 = CARTESIAN_POINT('',(6.05E-02,0.,1.E-02));
#431 = CARTESIAN_POINT('',(6.266109637882E-02,8.35530798574E-04,1.E-02)
  );
#432 = PCURVE('',#68,#433);
#433 = DEFINITIONAL_REPRESENTATION('',(#434),#438);
#434 = LINE('',#435,#436);
#435 = CARTESIAN_POINT('',(0.,0.));
#436 = VECTOR('',#437,1.);
#437 = DIRECTION('',(0.,1.));
#438 = ( GEOMETRIC_REPRESENTATION_CONTEXT(2) 
PARAMETRIC_REPRESENTATION_CONTEXT() REPRESENTATION_CONTEXT('2D SPACE',''
  ) );
#439 = ADVANCED_FACE('',(#440),#281,.T.);
#440 = FACE_BOUND('',#441,.T.);
#441 = EDGE_LOOP('',(#442,#443,#458,#656));
#442 = ORIENTED_EDGE('',*,*,#229,.T.);
#443 = ORIENTED_EDGE('',*,*,#444,.T.);
#444 = EDGE_CURVE('',#215,#445,#447,.T.);
#445 = VERTEX_POINT('',#446);
#446 = CARTESIAN_POINT('',(3.905701084372E-02,5.174853635674E-02,0.115)
  );
#447 = SURFACE_CURVE('',#448,(#451),.PCURVE_S1.);
#448 = B_SPLINE_CURVE_WITH_KNOTS('',1,(#449,#450),.UNSPECIFIED.,.F.,.F.,
  (2,2),(0.,1.),.PIECEWISE_BEZIER_KNOTS.);
#449 = CARTESIAN_POINT('',(3.841531028258E-02,4.951136280697E-02,0.115)
  );
#450 = CARTESIAN_POINT('',(3.905701084372E-02,5.174853635674E-02,0.115)
  );
#451 = PCURVE('',#281,#452);
#452 = DEFINITIONAL_REPRESENTATION('',(#453),#457);
#453 = LINE('',#454,#455);
#454 = CARTESIAN_POINT('',(1.,0.));
#455 = VECTOR('',#456,1.);
#456 = DIRECTION('',(0.,1.));
#457 = ( GEOMETRIC_REPRESENTATION_CONTEXT(2) 
PARAMETRIC_REPRESENTATION_CONTEXT() REPRESENTATION_CONTEXT('2D SPACE',''
  ) );
#458 = ORIENTED_EDGE('',*,*,#459,.F.);
#459 = EDGE_CURVE('',#460,#445,#462,.T.);
#460 = VERTEX_POINT('',#461);
#461 = CARTESIAN_POINT('',(6.481028284748E-02,1.728683990824E-03,1.E-02)
  );
#462 = SURFACE_CURVE('',#463,(#503,#510),.PCURVE_S1.);
#463 = B_SPLINE_CURVE_WITH_KNOTS('',8,(#464,#465,#466,#467,#468,#469,
    #470,#471,#472,#473,#474,#475,#476,#477,#478,#479,#480,#481,#482,
    #483,#484,#485,#486,#487,#488,#489,#490,#491,#492,#493,#494,#495,
    #496,#497,#498,#499,#500,#501,#502),.UNSPECIFIED.,.F.,.F.,(9,6,6,6,6
    ,6,9),(0.,9.051415050349E-02,0.234809690559,0.394923574254,
    0.563482420267,0.758693955991,1.),.UNSPECIFIED.);
#464 = CARTESIAN_POINT('',(6.481028284748E-02,1.728683990824E-03,1.E-02)
  );
#465 = CARTESIAN_POINT('',(6.479243796605E-02,2.682175513544E-03,
    8.813577840014E-03));
#466 = CARTESIAN_POINT('',(6.471079372536E-02,3.853164099128E-03,
    8.387588899052E-03));
#467 = CARTESIAN_POINT('',(6.472191895262E-02,4.882055231852E-03,
    6.663855203131E-03));
#468 = CARTESIAN_POINT('',(6.445703724765E-02,7.322399891804E-03,
    7.583892901256E-03));
#469 = CARTESIAN_POINT('',(6.4342690744E-02,8.097853489032E-03,
    8.14919486777E-03));
#470 = CARTESIAN_POINT('',(6.416318700901E-02,9.412392719702E-03,
    9.023797693401E-03));
#471 = CARTESIAN_POINT('',(6.373177086607E-02,1.204581701104E-02,
    1.1580699525E-02));
#472 = CARTESIAN_POINT('',(6.327962140093E-02,1.422767653032E-02,
    1.462315923865E-02));
#473 = CARTESIAN_POINT('',(6.300445017372E-02,1.535927393326E-02,
    1.654281935454E-02));
#474 = CARTESIAN_POINT('',(6.270668305614E-02,1.659556185113E-02,
    1.850120671055E-02));
#475 = CARTESIAN_POINT('',(6.24125810111E-02,1.760393745778E-02,
    2.04908949078E-02));
#476 = CARTESIAN_POINT('',(6.209654184962E-02,1.869847049524E-02,
    2.248870876288E-02));
#477 = CARTESIAN_POINT('',(6.140497367427E-02,2.086923353804E-02,
    2.672627767817E-02));
#478 = CARTESIAN_POINT('',(6.062664537248E-02,2.303234454183E-02,
    3.096678717809E-02));
#479 = CARTESIAN_POINT('',(6.018683999757E-02,2.415925553814E-02,
    3.3185096937E-02));
#480 = CARTESIAN_POINT('',(5.972417989881E-02,2.530318302448E-02,
    3.540981133435E-02));
#481 = CARTESIAN_POINT('',(5.923537911396E-02,2.640916305758E-02,
    3.762813175E-02));
#482 = CARTESIAN_POINT('',(5.872424080568E-02,2.752134563961E-02,
    3.985106467381E-02));
#483 = CARTESIAN_POINT('',(5.763215525324E-02,2.975402261023E-02,
    4.441899290945E-02));
#484 = CARTESIAN_POINT('',(5.646150061575E-02,3.190971962034E-02,
    4.900746728488E-02));
#485 = CARTESIAN_POINT('',(5.584305433553E-02,3.298581954074E-02,
    5.136726476585E-02));
#486 = CARTESIAN_POINT('',(5.520918008199E-02,3.404187264998E-02,
    5.373621542681E-02));
#487 = CARTESIAN_POINT('',(5.456279646064E-02,3.506056996192E-02,
    5.611410480372E-02));
#488 = CARTESIAN_POINT('',(5.39064570655E-02,3.605302633311E-02,
    5.850273126115E-02));
#489 = CARTESIAN_POINT('',(5.247390391281E-02,3.812263143958E-02,
    6.36805068095E-02));
#490 = CARTESIAN_POINT('',(5.101671529531E-02,4.004395222572E-02,
    6.890896798773E-02));
#491 = CARTESIAN_POINT('',(5.023104780387E-02,4.103070854544E-02,
    7.172945292461E-02));
#492 = CARTESIAN_POINT('',(4.944459938568E-02,4.19759673755E-02,
    7.456460716824E-02));
#493 = CARTESIAN_POINT('',(4.865978225704E-02,4.287795631102E-02,
    7.741362277462E-02));
#494 = CARTESIAN_POINT('',(4.787847047195E-02,4.374050229848E-02,
    8.027598335602E-02));
#495 = CARTESIAN_POINT('',(4.614254346832E-02,4.558220093474E-02,
    8.670443517195E-02));
#496 = CARTESIAN_POINT('',(4.443736137425E-02,4.723991782119E-02,
    9.319130464819E-02));
#497 = CARTESIAN_POINT('',(4.350630999658E-02,4.810322952855E-02,
    9.679354836429E-02));
#498 = CARTESIAN_POINT('',(4.258821228808E-02,4.891766661882E-02,
    0.100410604427));
#499 = CARTESIAN_POINT('',(4.168390267039E-02,4.968584013362E-02,
    0.104040962575));
#500 = CARTESIAN_POINT('',(4.079382927456E-02,5.041204630092E-02,
    0.107683418238));
#501 = CARTESIAN_POINT('',(3.991819413054E-02,5.109853783685E-02,
    0.111336756915));
#502 = CARTESIAN_POINT('',(3.905701084372E-02,5.174853635674E-02,0.115)
  );
#503 = PCURVE('',#281,#504);
#504 = DEFINITIONAL_REPRESENTATION('',(#505),#509);
#505 = LINE('',#506,#507);
#506 = CARTESIAN_POINT('',(0.,1.));
#507 = VECTOR('',#508,1.);
#508 = DIRECTION('',(1.,0.));
#509 = ( GEOMETRIC_REPRESENTATION_CONTEXT(2) 
PARAMETRIC_REPRESENTATION_CONTEXT() REPRESENTATION_CONTEXT('2D SPACE',''
  ) );
#510 = PCURVE('',#511,#650);
#511 = B_SPLINE_SURFACE_WITH_KNOTS('',8,1,(
    (#512,#513)
    ,(#514,#515)
    ,(#516,#517)
    ,(#518,#519)
    ,(#520,#521)
    ,(#522,#523)
    ,(#524,#525)
    ,(#526,#527)
    ,(#528,#529)
    ,(#530,#531)
    ,(#532,#533)
    ,(#534,#535)
    ,(#536,#537)
    ,(#538,#539)
    ,(#540,#541)
    ,(#542,#543)
    ,(#544,#545)
    ,(#546,#547)
    ,(#548,#549)
    ,(#550,#551)
    ,(#552,#553)
    ,(#554,#555)
    ,(#556,#557)
    ,(#558,#559)
    ,(#560,#561)
    ,(#562,#563)
    ,(#564,#565)
    ,(#566,#567)
    ,(#568,#569)
    ,(#570,#571)
    ,(#572,#573)
    ,(#574,#575)
    ,(#576,#577)
    ,(#578,#579)
    ,(#580,#581)
    ,(#582,#583)
    ,(#584,#585)
    ,(#586,#587)
    ,(#588,#589)
    ,(#590,#591)
    ,(#592,#593)
    ,(#594,#595)
    ,(#596,#597)
    ,(#598,#599)
    ,(#600,#601)
    ,(#602,#603)
    ,(#604,#605)
    ,(#606,#607)
    ,(#608,#609)
    ,(#610,#611)
    ,(#612,#613)
    ,(#614,#615)
    ,(#616,#617)
    ,(#618,#619)
    ,(#620,#621)
    ,(#622,#623)
    ,(#624,#625)
    ,(#626,#627)
    ,(#628,#629)
    ,(#630,#631)
    ,(#632,#633)
    ,(#634,#635)
    ,(#636,#637)
    ,(#638,#639)
    ,(#640,#641)
    ,(#642,#643)
    ,(#644,#645)
    ,(#646,#647)
    ,(#648,#649
    )),.UNSPECIFIED.,.F.,.F.,.F.,(9,6,6,6,6,6,6,6,6,6,6,9),(2,2),(0.,
    9.051415050349E-02,9.206871486955E-02,0.234809690559,0.235531212935,
    0.394923574254,0.395031286201,0.563122727464,0.563482420267,
    0.758204221792,0.758693955991,1.),(0.,1.),.UNSPECIFIED.);
#512 = CARTESIAN_POINT('',(6.481028284748E-02,1.728683990824E-03,1.E-02)
  );
#513 = CARTESIAN_POINT('',(6.694640714629E-02,2.679285390504E-03,1.E-02)
  );
#514 = CARTESIAN_POINT('',(6.479243796605E-02,2.682175513544E-03,
    8.813577840014E-03));
#515 = CARTESIAN_POINT('',(6.692031076397E-02,3.576126162567E-03,
    8.78126895659E-03));
#516 = CARTESIAN_POINT('',(6.471079372536E-02,3.853164099128E-03,
    8.387588899052E-03));
#517 = CARTESIAN_POINT('',(6.681256829091E-02,4.88264754691E-03,
    8.24543581733E-03));
#518 = CARTESIAN_POINT('',(6.472191895262E-02,4.882055231852E-03,
    6.663855203131E-03));
#519 = CARTESIAN_POINT('',(6.682772409968E-02,5.589216290682E-03,
    6.68648128761E-03));
#520 = CARTESIAN_POINT('',(6.445703724765E-02,7.322399891804E-03,
    7.583892901256E-03));
#521 = CARTESIAN_POINT('',(6.655213453717E-02,8.152188862719E-03,
    6.92208660661E-03));
#522 = CARTESIAN_POINT('',(6.4342690744E-02,8.097853489032E-03,
    8.14919486777E-03));
#523 = CARTESIAN_POINT('',(6.639792375854E-02,9.095890060365E-03,
    7.647956746337E-03));
#524 = CARTESIAN_POINT('',(6.416318700901E-02,9.412392719702E-03,
    9.023797693401E-03));
#525 = CARTESIAN_POINT('',(6.62028909648E-02,1.041344832306E-02,
    8.400267998658E-03));
#526 = CARTESIAN_POINT('',(6.399402904215E-02,1.04449565361E-02,
    1.002635710704E-02));
#527 = CARTESIAN_POINT('',(6.601051219629E-02,1.152026873955E-02,
    9.366398668915E-03));
#528 = CARTESIAN_POINT('',(6.382168349577E-02,1.14080959447E-02,
    1.110356709242E-02));
#529 = CARTESIAN_POINT('',(6.581748480009E-02,1.253225798158E-02,
    1.042157745616E-02));
#530 = CARTESIAN_POINT('',(6.381877257533E-02,1.142433854636E-02,
    1.112177671309E-02));
#531 = CARTESIAN_POINT('',(6.581422534781E-02,1.254931890717E-02,
    1.043941879075E-02));
#532 = CARTESIAN_POINT('',(6.381586077194E-02,1.144056126334E-02,
    1.114000728458E-02));
#533 = CARTESIAN_POINT('',(6.581096563982E-02,1.256635425706E-02,
    1.045728435901E-02));
#534 = CARTESIAN_POINT('',(6.381294809777E-02,1.145676405662E-02,
    1.115825864338E-02));
#535 = CARTESIAN_POINT('',(6.580770563338E-02,1.258336486314E-02,
    1.047517354583E-02));
#536 = CARTESIAN_POINT('',(6.381003456459E-02,1.147294689167E-02,
    1.117653062762E-02));
#537 = CARTESIAN_POINT('',(6.580444528031E-02,1.260035163207E-02,
    1.049308570876E-02));
#538 = CARTESIAN_POINT('',(6.353952008625E-02,1.297319141558E-02,
    1.287444608382E-02));
#539 = CARTESIAN_POINT('',(6.550178027863E-02,1.417495212713E-02,
    1.215777311723E-02));
#540 = CARTESIAN_POINT('',(6.326179540576E-02,1.430099802654E-02,
    1.474731493396E-02));
#541 = CARTESIAN_POINT('',(6.519514225149E-02,1.55619300587E-02,
    1.400858948541E-02));
#542 = CARTESIAN_POINT('',(6.298841417724E-02,1.542560888028E-02,
    1.664834858092E-02));
#543 = CARTESIAN_POINT('',(6.489331397512E-02,1.673699004757E-02,
    1.594188705248E-02));
#544 = CARTESIAN_POINT('',(6.269399382567E-02,1.66390759326E-02,
    1.858695580556E-02));
#545 = CARTESIAN_POINT('',(6.457458008928E-02,1.798497270353E-02,
    1.784093439807E-02));
#546 = CARTESIAN_POINT('',(6.240236238096E-02,1.763929048439E-02,
    2.055546887173E-02));
#547 = CARTESIAN_POINT('',(6.425530465772E-02,1.903445163423E-02,
    1.985017122425E-02));
#548 = CARTESIAN_POINT('',(6.208947615751E-02,1.872064169124E-02,
    2.253198984942E-02));
#549 = CARTESIAN_POINT('',(6.391777239949E-02,2.014577127986E-02,
    2.181971882447E-02));
#550 = CARTESIAN_POINT('',(6.176334413277E-02,1.974366351108E-02,
    2.452908431912E-02));
#551 = CARTESIAN_POINT('',(6.356547756694E-02,2.120585335989E-02,
    2.382895121944E-02));
#552 = CARTESIAN_POINT('',(6.141794215003E-02,2.076498576596E-02,
    2.652683191076E-02));
#553 = CARTESIAN_POINT('',(6.319365871537E-02,2.226094700662E-02,
    2.583689533895E-02));
#554 = CARTESIAN_POINT('',(6.141620451633E-02,2.0770122304E-02,
    2.653687928766E-02));
#555 = CARTESIAN_POINT('',(6.319178821548E-02,2.226625331691E-02,
    2.584699394581E-02));
#556 = CARTESIAN_POINT('',(6.141446639405E-02,2.077525879746E-02,
    2.654692667873E-02));
#557 = CARTESIAN_POINT('',(6.318991722009E-02,2.227155951447E-02,
    2.585709251204E-02));
#558 = CARTESIAN_POINT('',(6.141272778261E-02,2.078039524559E-02,
    2.655697408282E-02));
#559 = CARTESIAN_POINT('',(6.318804572839E-02,2.227686560619E-02,
    2.586719103354E-02));
#560 = CARTESIAN_POINT('',(6.141098868143E-02,2.078553164762E-02,
    2.656702149876E-02));
#561 = CARTESIAN_POINT('',(6.318617373951E-02,2.228217159908E-02,
    2.587728950611E-02));
#562 = CARTESIAN_POINT('',(6.102495387962E-02,2.192534630263E-02,
    2.879665783215E-02));
#563 = CARTESIAN_POINT('',(6.277064795939E-02,2.345961040357E-02,
    2.811824169498E-02));
#564 = CARTESIAN_POINT('',(6.061474701566E-02,2.306281886917E-02,
    3.102676741956E-02));
#565 = CARTESIAN_POINT('',(6.233055536971E-02,2.463288962742E-02,
    3.035636242723E-02));
#566 = CARTESIAN_POINT('',(6.017641024961E-02,2.418502231686E-02,
    3.323522188321E-02));
#567 = CARTESIAN_POINT('',(6.186002290551E-02,2.579407766096E-02,
    3.258304937965E-02));
#568 = CARTESIAN_POINT('',(5.971536643138E-02,2.532311931293E-02,
    3.544979763019E-02));
#569 = CARTESIAN_POINT('',(6.136756672935E-02,2.696463596971E-02,
    3.479746986303E-02));
#570 = CARTESIAN_POINT('',(5.922846780349E-02,2.642419707368E-02,
    3.765818355034E-02));
#571 = CARTESIAN_POINT('',(6.084678643468E-02,2.810357663456E-02,
    3.702463565568E-02));
#572 = CARTESIAN_POINT('',(5.871944560172E-02,2.753114788533E-02,
    3.987112036088E-02));
#573 = CARTESIAN_POINT('',(6.030413058287E-02,2.924333718951E-02,
    3.924423075103E-02));
#574 = CARTESIAN_POINT('',(5.818938873848E-02,2.861455138709E-02,
    4.208789107689E-02));
#575 = CARTESIAN_POINT('',(5.973950686193E-02,3.036011045578E-02,
    4.147262465488E-02));
#576 = CARTESIAN_POINT('',(5.76408287058E-02,2.967982596127E-02,
    4.430950044804E-02));
#577 = CARTESIAN_POINT('',(5.9156027026E-02,3.145728632013E-02,
    4.370559371675E-02));
#578 = CARTESIAN_POINT('',(5.764045824945E-02,2.968054534326E-02,
    4.431100072461E-02));
#579 = CARTESIAN_POINT('',(5.91556329878E-02,3.145802724471E-02,
    4.370710166451E-02));
#580 = CARTESIAN_POINT('',(5.764008778466E-02,2.968126471698E-02,
    4.43125010034E-02));
#581 = CARTESIAN_POINT('',(5.915523894101E-02,3.145876816034E-02,
    4.370860961436E-02));
#582 = CARTESIAN_POINT('',(5.763971731143E-02,2.968198408242E-02,
    4.431400128439E-02));
#583 = CARTESIAN_POINT('',(5.915484488562E-02,3.145950906705E-02,
    4.371011756629E-02));
#584 = CARTESIAN_POINT('',(5.763934682977E-02,2.968270343958E-02,
    4.431550156759E-02));
#585 = CARTESIAN_POINT('',(5.915445082164E-02,3.146024996482E-02,
    4.371162552031E-02));
#586 = CARTESIAN_POINT('',(5.706080265029E-02,3.080601312017E-02,
    4.665829399738E-02));
#587 = CARTESIAN_POINT('',(5.853908107206E-02,3.261719567878E-02,
    4.606639622907E-02));
#588 = CARTESIAN_POINT('',(5.646169181895E-02,3.190912746009E-02,
    4.900647189227E-02));
#589 = CARTESIAN_POINT('',(5.790275476823E-02,3.375236707529E-02,
    4.842624232226E-02));
#590 = CARTESIAN_POINT('',(5.584498823482E-02,3.298230460961E-02,
    5.135972677385E-02));
#591 = CARTESIAN_POINT('',(5.724840579903E-02,3.485695338672E-02,
    5.079441847381E-02));
#592 = CARTESIAN_POINT('',(5.521293828241E-02,3.4035462536E-02,
    5.372207285284E-02));
#593 = CARTESIAN_POINT('',(5.657895090202E-02,3.593858731306E-02,
    5.316808426653E-02));
#594 = CARTESIAN_POINT('',(5.456843453705E-02,3.505160220391E-02,
    5.609331287296E-02));
#595 = CARTESIAN_POINT('',(5.589681974409E-02,3.698297556817E-02,
    5.55558974762E-02));
#596 = CARTESIAN_POINT('',(5.391401164526E-02,3.604154369208E-02,
    5.847521511893E-02));
#597 = CARTESIAN_POINT('',(5.52052176778E-02,3.799874269992E-02,
    5.795251077154E-02));
#598 = CARTESIAN_POINT('',(5.325073151383E-02,3.700032308211E-02,
    6.087275898057E-02));
#599 = CARTESIAN_POINT('',(5.450498414024E-02,3.898207822832E-02,
    6.036665786424E-02));
#600 = CARTESIAN_POINT('',(5.258214096547E-02,3.79272850124E-02,
    6.32811677017E-02));
#601 = CARTESIAN_POINT('',(5.379992525817E-02,3.993203552086E-02,
    6.279243562288E-02));
#602 = CARTESIAN_POINT('',(5.258071330346E-02,3.792926420419E-02,
    6.328631041348E-02));
#603 = CARTESIAN_POINT('',(5.379841972774E-02,3.993406380738E-02,
    6.279761542616E-02));
#604 = CARTESIAN_POINT('',(5.257928561729E-02,3.793124325093E-02,
    6.329145317479E-02));
#605 = CARTESIAN_POINT('',(5.379691417535E-02,3.993609194169E-02,
    6.280279528248E-02));
#606 = CARTESIAN_POINT('',(5.257785790696E-02,3.793322215265E-02,
    6.329659598566E-02));
#607 = CARTESIAN_POINT('',(5.379540860103E-02,3.99381199238E-02,
    6.280797519184E-02));
#608 = CARTESIAN_POINT('',(5.25764301725E-02,3.793520090936E-02,
    6.330173884608E-02));
#609 = CARTESIAN_POINT('',(5.379390300479E-02,3.994014775368E-02,
    6.281315515426E-02));
#610 = CARTESIAN_POINT('',(5.18020769719E-02,3.900831253634E-02,
    6.60910261252E-02));
#611 = CARTESIAN_POINT('',(5.29773222137E-02,4.103987058197E-02,
    6.562256681832E-02));
#612 = CARTESIAN_POINT('',(5.102063879769E-02,4.003877871283E-02,
    6.889489020863E-02));
#613 = CARTESIAN_POINT('',(5.215430860237E-02,4.209481341054E-02,
    6.844758572581E-02));
#614 = CARTESIAN_POINT('',(5.023696083099E-02,4.102328117604E-02,
    7.170822564651E-02));
#615 = CARTESIAN_POINT('',(5.132988883594E-02,4.310194855739E-02,
    7.128370208965E-02));
#616 = CARTESIAN_POINT('',(4.945249132171E-02,4.1966480189E-02,
    7.45361571086E-02));
#617 = CARTESIAN_POINT('',(5.050563889862E-02,4.406561276949E-02,
    7.413471431381E-02));
#618 = CARTESIAN_POINT('',(4.866962685409E-02,4.286663932761E-02,
    7.737788650767E-02));
#619 = CARTESIAN_POINT('',(4.968390207067E-02,4.49847693833E-02,
    7.700138105808E-02));
#620 = CARTESIAN_POINT('',(4.789023143211E-02,4.372751517281E-02,
    8.023289917454E-02));
#621 = CARTESIAN_POINT('',(4.886667111803E-02,4.586287793414E-02,
    7.988178203778E-02));
#622 = CARTESIAN_POINT('',(4.711384625305E-02,4.455171260055E-02,
    8.310752812288E-02));
#623 = CARTESIAN_POINT('',(4.805335499968E-02,4.670292031837E-02,
    8.27829132631E-02));
#624 = CARTESIAN_POINT('',(4.634359244033E-02,4.533908352298E-02,
    8.599385164411E-02));
#625 = CARTESIAN_POINT('',(4.7247179866E-02,4.750477807425E-02,
    8.569652015104E-02));
#626 = CARTESIAN_POINT('',(4.63416601155E-02,4.534105859698E-02,
    8.60010927413E-02));
#627 = CARTESIAN_POINT('',(4.724515743041E-02,4.750678948334E-02,
    8.570382969991E-02));
#628 = CARTESIAN_POINT('',(4.63397278293E-02,4.534303343927E-02,
    8.600833391208E-02));
#629 = CARTESIAN_POINT('',(4.724313503981E-02,4.750880065216E-02,
    8.571113932727E-02));
#630 = CARTESIAN_POINT('',(4.633779558174E-02,4.534500804989E-02,
    8.601557515642E-02));
#631 = CARTESIAN_POINT('',(4.72411126942E-02,4.751081158075E-02,
    8.571844903312E-02));
#632 = CARTESIAN_POINT('',(4.633586337284E-02,4.534698242886E-02,
    8.602281647431E-02));
#633 = CARTESIAN_POINT('',(4.723909039361E-02,4.751282226912E-02,
    8.572575881743E-02));
#634 = CARTESIAN_POINT('',(4.538189568527E-02,4.632167543367E-02,
    8.959809849575E-02));
#635 = CARTESIAN_POINT('',(4.624064499767E-02,4.850543803152E-02,
    8.933484709388E-02));
#636 = CARTESIAN_POINT('',(4.443736137425E-02,4.723991782119E-02,
    9.319130464819E-02));
#637 = CARTESIAN_POINT('',(4.525318177084E-02,4.943951241983E-02,
    9.296305685016E-02));
#638 = CARTESIAN_POINT('',(4.350630999658E-02,4.810322952855E-02,
    9.679354836429E-02));
#639 = CARTESIAN_POINT('',(4.428080796753E-02,5.031683716149E-02,
    9.660141582716E-02));
#640 = CARTESIAN_POINT('',(4.258821228808E-02,4.891766661882E-02,
    0.100410604427));
#641 = CARTESIAN_POINT('',(4.332287983722E-02,5.1143592892E-02,
    0.100255310242));
#642 = CARTESIAN_POINT('',(4.168390267039E-02,4.968584013362E-02,
    0.104040962575));
#643 = CARTESIAN_POINT('',(4.238012654303E-02,5.192277650929E-02,
    0.103923623415));
#644 = CARTESIAN_POINT('',(4.079382927456E-02,5.041204630092E-02,
    0.107683418238));
#645 = CARTESIAN_POINT('',(4.145296377692E-02,5.265863686417E-02,
    0.107604482849));
#646 = CARTESIAN_POINT('',(3.991819413054E-02,5.109853783685E-02,
    0.111336756915));
#647 = CARTESIAN_POINT('',(4.054148604924E-02,5.335373201865E-02,
    0.111297041043));
#648 = CARTESIAN_POINT('',(3.905701084372E-02,5.174853635674E-02,0.115)
  );
#649 = CARTESIAN_POINT('',(3.964565245798E-02,5.401131586234E-02,0.115)
  );
#650 = DEFINITIONAL_REPRESENTATION('',(#651),#655);
#651 = LINE('',#652,#653);
#652 = CARTESIAN_POINT('',(0.,0.));
#653 = VECTOR('',#654,1.);
#654 = DIRECTION('',(1.,0.));
#655 = ( GEOMETRIC_REPRESENTATION_CONTEXT(2) 
PARAMETRIC_REPRESENTATION_CONTEXT() REPRESENTATION_CONTEXT('2D SPACE',''
  ) );
#656 = ORIENTED_EDGE('',*,*,#657,.F.);
#657 = EDGE_CURVE('',#230,#460,#658,.T.);
#658 = SURFACE_CURVE('',#659,(#662),.PCURVE_S1.);
#659 = B_SPLINE_CURVE_WITH_KNOTS('',1,(#660,#661),.UNSPECIFIED.,.F.,.F.,
  (2,2),(0.,1.),.PIECEWISE_BEZIER_KNOTS.);
#660 = CARTESIAN_POINT('',(6.266109637882E-02,8.35530798574E-04,1.E-02)
  );
#661 = CARTESIAN_POINT('',(6.481028284748E-02,1.728683990824E-03,1.E-02)
  );
#662 = PCURVE('',#281,#663);
#663 = DEFINITIONAL_REPRESENTATION('',(#664),#668);
#664 = LINE('',#665,#666);
#665 = CARTESIAN_POINT('',(0.,0.));
#666 = VECTOR('',#667,1.);
#667 = DIRECTION('',(0.,1.));
#668 = ( GEOMETRIC_REPRESENTATION_CONTEXT(2) 
PARAMETRIC_REPRESENTATION_CONTEXT() REPRESENTATION_CONTEXT('2D SPACE',''
  ) );
#669 = ADVANCED_FACE('',(#670),#511,.T.);
#670 = FACE_BOUND('',#671,.T.);
#671 = EDGE_LOOP('',(#672,#673,#688,#898));
#672 = ORIENTED_EDGE('',*,*,#459,.T.);
#673 = ORIENTED_EDGE('',*,*,#674,.T.);
#674 = EDGE_CURVE('',#445,#675,#677,.T.);
#675 = VERTEX_POINT('',#676);
#676 = CARTESIAN_POINT('',(3.964565245798E-02,5.401131586234E-02,0.115)
  );
#677 = SURFACE_CURVE('',#678,(#681),.PCURVE_S1.);
#678 = B_SPLINE_CURVE_WITH_KNOTS('',1,(#679,#680),.UNSPECIFIED.,.F.,.F.,
  (2,2),(0.,1.),.PIECEWISE_BEZIER_KNOTS.);
#679 = CARTESIAN_POINT('',(3.905701084372E-02,5.174853635674E-02,0.115)
  );
#680 = CARTESIAN_POINT('',(3.964565245798E-02,5.401131586234E-02,0.115)
  );
#681 = PCURVE('',#511,#682);
#682 = DEFINITIONAL_REPRESENTATION('',(#683),#687);
#683 = LINE('',#684,#685);
#684 = CARTESIAN_POINT('',(1.,0.));
#685 = VECTOR('',#686,1.);
#686 = DIRECTION('',(0.,1.));
#687 = ( GEOMETRIC_REPRESENTATION_CONTEXT(2) 
PARAMETRIC_REPRESENTATION_CONTEXT() REPRESENTATION_CONTEXT('2D SPACE',''
  ) );
#688 = ORIENTED_EDGE('',*,*,#689,.F.);
#689 = EDGE_CURVE('',#690,#675,#692,.T.);
#690 = VERTEX_POINT('',#691);
#691 = CARTESIAN_POINT('',(6.694640714629E-02,2.679285390504E-03,1.E-02)
  );
#692 = SURFACE_CURVE('',#693,(#733,#740),.PCURVE_S1.);
#693 = B_SPLINE_CURVE_WITH_KNOTS('',8,(#694,#695,#696,#697,#698,#699,
    #700,#701,#702,#703,#704,#705,#706,#707,#708,#709,#710,#711,#712,
    #713,#714,#715,#716,#717,#718,#719,#720,#721,#722,#723,#724,#725,
    #726,#727,#728,#729,#730,#731,#732),.UNSPECIFIED.,.F.,.F.,(9,6,6,6,6
    ,6,9),(0.,9.206871486955E-02,0.235531212935,0.395031286201,
    0.563122727464,0.758204221792,1.),.UNSPECIFIED.);
#694 = CARTESIAN_POINT('',(6.694640714629E-02,2.679285390504E-03,1.E-02)
  );
#695 = CARTESIAN_POINT('',(6.691986256326E-02,3.591529242621E-03,
    8.760337468626E-03));
#696 = CARTESIAN_POINT('',(6.680884329194E-02,4.927646935016E-03,
    8.227231577892E-03));
#697 = CARTESIAN_POINT('',(6.682861478643E-02,5.625085839447E-03,
    6.605242963859E-03));
#698 = CARTESIAN_POINT('',(6.653267872025E-02,8.331598876215E-03,
    6.941506112535E-03));
#699 = CARTESIAN_POINT('',(6.638506032228E-02,9.171974443228E-03,
    7.711668468893E-03));
#700 = CARTESIAN_POINT('',(6.618259522581E-02,1.05510846538E-02,
    8.47786400461E-03));
#701 = CARTESIAN_POINT('',(6.569262816723E-02,1.331338632987E-02,
    1.10045274676E-02));
#702 = CARTESIAN_POINT('',(6.5192075582E-02,1.557579600573E-02,
    1.402710344897E-02));
#703 = CARTESIAN_POINT('',(6.488873707641E-02,1.675479391072E-02,
    1.59712119993E-02));
#704 = CARTESIAN_POINT('',(6.456813298592E-02,1.801021706877E-02,
    1.78793260443E-02));
#705 = CARTESIAN_POINT('',(6.424723522599E-02,1.906092492031E-02,
    1.99009806861E-02));
#706 = CARTESIAN_POINT('',(6.390752847472E-02,2.017950043002E-02,
    2.187943684867E-02));
#707 = CARTESIAN_POINT('',(6.316272418744E-02,2.241443059994E-02,
    2.612447400632E-02));
#708 = CARTESIAN_POINT('',(6.232996323968E-02,2.463446820432E-02,
    3.035937368689E-02));
#709 = CARTESIAN_POINT('',(6.185906895148E-02,2.579643172601E-02,
    3.258756353619E-02));
#710 = CARTESIAN_POINT('',(6.136623552862E-02,2.696780008969E-02,
    3.48034555502E-02));
#711 = CARTESIAN_POINT('',(6.084502667709E-02,2.810742477725E-02,
    3.703216092919E-02));
#712 = CARTESIAN_POINT('',(6.030193018263E-02,2.924795846431E-02,
    3.92532302612E-02));
#713 = CARTESIAN_POINT('',(5.91420897686E-02,3.154146107526E-02,
    4.383011005304E-02));
#714 = CARTESIAN_POINT('',(5.790275476823E-02,3.375236707529E-02,
    4.842624232226E-02));
#715 = CARTESIAN_POINT('',(5.724840579903E-02,3.485695338672E-02,
    5.079441847381E-02));
#716 = CARTESIAN_POINT('',(5.657895090202E-02,3.593858731306E-02,
    5.316808426653E-02));
#717 = CARTESIAN_POINT('',(5.589681974409E-02,3.698297556817E-02,
    5.55558974762E-02));
#718 = CARTESIAN_POINT('',(5.52052176778E-02,3.799874269992E-02,
    5.795251077154E-02));
#719 = CARTESIAN_POINT('',(5.369554621821E-02,4.011876909511E-02,
    6.31573014158E-02));
#720 = CARTESIAN_POINT('',(5.21634458883E-02,4.20836488219E-02,
    6.8416153008E-02));
#721 = CARTESIAN_POINT('',(5.133750175096E-02,4.309304656921E-02,
    7.125737047796E-02));
#722 = CARTESIAN_POINT('',(5.051171068535E-02,4.405882041387E-02,
    7.411353320924E-02));
#723 = CARTESIAN_POINT('',(4.968843093256E-02,4.497990280928E-02,
    7.698541904626E-02));
#724 = CARTESIAN_POINT('',(4.886966834173E-02,4.585978211449E-02,
    7.987109094941E-02));
#725 = CARTESIAN_POINT('',(4.704946302171E-02,4.773992798898E-02,
    8.636367987156E-02));
#726 = CARTESIAN_POINT('',(4.526502334565E-02,4.942882603344E-02,
    9.29187531888E-02));
#727 = CARTESIAN_POINT('',(4.429052923935E-02,5.030844563652E-02,
    9.656433825639E-02));
#728 = CARTESIAN_POINT('',(4.333053354974E-02,5.113726636236E-02,
    0.100225530968));
#729 = CARTESIAN_POINT('',(4.238577180864E-02,5.191829568699E-02,
    0.103901212483));
#730 = CARTESIAN_POINT('',(4.145666355652E-02,5.265581529779E-02,
    0.107589494688));
#731 = CARTESIAN_POINT('',(4.054330415681E-02,5.335239744247E-02,
    0.111289525833));
#732 = CARTESIAN_POINT('',(3.964565245798E-02,5.401131586234E-02,0.115)
  );
#733 = PCURVE('',#511,#734);
#734 = DEFINITIONAL_REPRESENTATION('',(#735),#739);
#735 = LINE('',#736,#737);
#736 = CARTESIAN_POINT('',(0.,1.));
#737 = VECTOR('',#738,1.);
#738 = DIRECTION('',(1.,0.));
#739 = ( GEOMETRIC_REPRESENTATION_CONTEXT(2) 
PARAMETRIC_REPRESENTATION_CONTEXT() REPRESENTATION_CONTEXT('2D SPACE',''
  ) );
#740 = PCURVE('',#741,#892);
#741 = B_SPLINE_SURFACE_WITH_KNOTS('',8,1,(
    (#742,#743)
    ,(#744,#745)
    ,(#746,#747)
    ,(#748,#749)
    ,(#750,#751)
    ,(#752,#753)
    ,(#754,#755)
    ,(#756,#757)
    ,(#758,#759)
    ,(#760,#761)
    ,(#762,#763)
    ,(#764,#765)
    ,(#766,#767)
    ,(#768,#769)
    ,(#770,#771)
    ,(#772,#773)
    ,(#774,#775)
    ,(#776,#777)
    ,(#778,#779)
    ,(#780,#781)
    ,(#782,#783)
    ,(#784,#785)
    ,(#786,#787)
    ,(#788,#789)
    ,(#790,#791)
    ,(#792,#793)
    ,(#794,#795)
    ,(#796,#797)
    ,(#798,#799)
    ,(#800,#801)
    ,(#802,#803)
    ,(#804,#805)
    ,(#806,#807)
    ,(#808,#809)
    ,(#810,#811)
    ,(#812,#813)
    ,(#814,#815)
    ,(#816,#817)
    ,(#818,#819)
    ,(#820,#821)
    ,(#822,#823)
    ,(#824,#825)
    ,(#826,#827)
    ,(#828,#829)
    ,(#830,#831)
    ,(#832,#833)
    ,(#834,#835)
    ,(#836,#837)
    ,(#838,#839)
    ,(#840,#841)
    ,(#842,#843)
    ,(#844,#845)
    ,(#846,#847)
    ,(#848,#849)
    ,(#850,#851)
    ,(#852,#853)
    ,(#854,#855)
    ,(#856,#857)
    ,(#858,#859)
    ,(#860,#861)
    ,(#862,#863)
    ,(#864,#865)
    ,(#866,#867)
    ,(#868,#869)
    ,(#870,#871)
    ,(#872,#873)
    ,(#874,#875)
    ,(#876,#877)
    ,(#878,#879)
    ,(#880,#881)
    ,(#882,#883)
    ,(#884,#885)
    ,(#886,#887)
    ,(#888,#889)
    ,(#890,#891
  )),.UNSPECIFIED.,.F.,.F.,.F.,(9,6,6,6,6,6,6,6,6,6,6,6,9),(2,2),(0.,
    7.852709000823E-02,9.206871486955E-02,0.191188979109,0.235531212935,
    0.327150983008,0.395031286201,0.464973311961,0.563122727464,
    0.614904102557,0.758204221792,0.788984952157,1.),(0.,1.),
  .UNSPECIFIED.);
#742 = CARTESIAN_POINT('',(6.694640714629E-02,2.679285390504E-03,1.E-02)
  );
#743 = CARTESIAN_POINT('',(6.906831961151E-02,3.687140331007E-03,1.E-02)
  );
#744 = CARTESIAN_POINT('',(6.692376678617E-02,3.457354848584E-03,
    8.942669164884E-03));
#745 = CARTESIAN_POINT('',(6.903298116751E-02,4.410085282453E-03,
    9.040615935023E-03));
#746 = CARTESIAN_POINT('',(6.683967365886E-02,4.543779637089E-03,
    8.399336802159E-03));
#747 = CARTESIAN_POINT('',(6.894880760402E-02,5.609075241174E-03,
    8.017938046802E-03));
#748 = CARTESIAN_POINT('',(6.682769397604E-02,5.279275479093E-03,
    7.25598285168E-03));
#749 = CARTESIAN_POINT('',(6.890053413694E-02,6.175638139779E-03,
    7.552857540468E-03));
#750 = CARTESIAN_POINT('',(6.667118060895E-02,6.968096354577E-03,
    6.961335493809E-03));
#751 = CARTESIAN_POINT('',(6.877066265727E-02,7.839497983484E-03,
    6.445410619023E-03));
#752 = CARTESIAN_POINT('',(6.651296365217E-02,8.258996338503E-03,
    7.277603201565E-03));
#753 = CARTESIAN_POINT('',(6.857403873127E-02,9.186250138899E-03,
    6.922073808732E-03));
#754 = CARTESIAN_POINT('',(6.635233601533E-02,9.394843323047E-03,
    7.83372371448E-03));
#755 = CARTESIAN_POINT('',(6.839812003288E-02,1.039039764202E-02,
    7.292174851393E-03));
#756 = CARTESIAN_POINT('',(6.616097872068E-02,1.061511100773E-02,
    8.656214730599E-03));
#757 = CARTESIAN_POINT('',(6.818189058376E-02,1.167696878184E-02,
    8.057100957516E-03));
#758 = CARTESIAN_POINT('',(6.596822625333E-02,1.171560851815E-02,
    9.622173397331E-03));
#759 = CARTESIAN_POINT('',(6.796635261232E-02,1.283164228831E-02,
    8.982175586166E-03));
#760 = CARTESIAN_POINT('',(6.593985375602E-02,1.187492125338E-02,
    9.767141500657E-03));
#761 = CARTESIAN_POINT('',(6.793466537646E-02,1.299876102702E-02,
    9.121441184268E-03));
#762 = CARTESIAN_POINT('',(6.591146871613E-02,1.203167827761E-02,
    9.914839693752E-03));
#763 = CARTESIAN_POINT('',(6.790299186083E-02,1.316329961578E-02,
    9.26366911928E-03));
#764 = CARTESIAN_POINT('',(6.58830824503E-02,1.218584811587E-02,
    1.006511803657E-02));
#765 = CARTESIAN_POINT('',(6.787133104802E-02,1.332538265479E-02,
    9.408636603559E-03));
#766 = CARTESIAN_POINT('',(6.585470442917E-02,1.233744331576E-02,
    1.021778911988E-02));
#767 = CARTESIAN_POINT('',(6.783968163145E-02,1.348512727084E-02,
    9.5561393013E-03));
#768 = CARTESIAN_POINT('',(6.56186498244E-02,1.357901637935E-02,
    1.150545759272E-02));
#769 = CARTESIAN_POINT('',(6.757645043456E-02,1.479561106828E-02,
    1.080285214209E-02));
#770 = CARTESIAN_POINT('',(6.5380173245E-02,1.470621386334E-02,
    1.290659113741E-02));
#771 = CARTESIAN_POINT('',(6.731376989023E-02,1.595901492348E-02,
    1.220033971236E-02));
#772 = CARTESIAN_POINT('',(6.517029227408E-02,1.560491466383E-02,
    1.420044719371E-02));
#773 = CARTESIAN_POINT('',(6.708236265934E-02,1.690929915906E-02,
    1.347981539275E-02));
#774 = CARTESIAN_POINT('',(6.495661362586E-02,1.647199204363E-02,
    1.551550213058E-02));
#775 = CARTESIAN_POINT('',(6.684917277997E-02,1.780782767919E-02,
    1.478995914888E-02));
#776 = CARTESIAN_POINT('',(6.473933161069E-02,1.730155851207E-02,
    1.685316202854E-02));
#777 = CARTESIAN_POINT('',(6.661235384373E-02,1.866595989737E-02,
    1.613625279278E-02));
#778 = CARTESIAN_POINT('',(6.451773443319E-02,1.810008008574E-02,
    1.82083382541E-02));
#779 = CARTESIAN_POINT('',(6.637187223222E-02,1.949435520186E-02,
    1.748981172332E-02));
#780 = CARTESIAN_POINT('',(6.418929600635E-02,1.922396386635E-02,
    2.018651683949E-02));
#781 = CARTESIAN_POINT('',(6.601615504507E-02,2.065896616532E-02,
    1.947390681513E-02));
#782 = CARTESIAN_POINT('',(6.384760883924E-02,2.031468165034E-02,
    2.218072746463E-02));
#783 = CARTESIAN_POINT('',(6.564754103823E-02,2.178667774629E-02,
    2.147561562211E-02));
#784 = CARTESIAN_POINT('',(6.374064302161E-02,2.064919213313E-02,
    2.279829028563E-02));
#785 = CARTESIAN_POINT('',(6.553222749641E-02,2.21322921972E-02,
    2.209571748081E-02));
#786 = CARTESIAN_POINT('',(6.363223310038E-02,2.098152703387E-02,
    2.341676327176E-02));
#787 = CARTESIAN_POINT('',(6.541550107907E-02,2.247526852277E-02,
    2.271703540358E-02));
#788 = CARTESIAN_POINT('',(6.352229612576E-02,2.131191470402E-02,
    2.403600843757E-02));
#789 = CARTESIAN_POINT('',(6.529727492019E-02,2.281600806944E-02,
    2.333930899394E-02));
#790 = CARTESIAN_POINT('',(6.341075833921E-02,2.16403105308E-02,
    2.46560493385E-02));
#791 = CARTESIAN_POINT('',(6.517741111012E-02,2.315498412825E-02,
    2.396223351279E-02));
#792 = CARTESIAN_POINT('',(6.30635945569E-02,2.264110452917E-02,
    2.655962710987E-02));
#793 = CARTESIAN_POINT('',(6.480440163355E-02,2.4190337591E-02,
    2.587334760735E-02));
#794 = CARTESIAN_POINT('',(6.269871639735E-02,2.363889918078E-02,
    2.84611632042E-02));
#795 = CARTESIAN_POINT('',(6.441332387743E-02,2.521688314692E-02,
    2.778561041337E-02));
#796 = CARTESIAN_POINT('',(6.24432605467E-02,2.430940481461E-02,
    2.974188787673E-02));
#797 = CARTESIAN_POINT('',(6.414040901527E-02,2.590791762963E-02,
    2.907263387873E-02));
#798 = CARTESIAN_POINT('',(6.217872067914E-02,2.497958825668E-02,
    3.102088813252E-02));
#799 = CARTESIAN_POINT('',(6.385724897986E-02,2.660001890522E-02,
    3.035692919896E-02));
#800 = CARTESIAN_POINT('',(6.190539253246E-02,2.564828697739E-02,
    3.229876991255E-02));
#801 = CARTESIAN_POINT('',(6.356442618648E-02,2.729108189706E-02,
    3.163973460117E-02));
#802 = CARTESIAN_POINT('',(6.162350012616E-02,2.631430871043E-02,
    3.357617725948E-02));
#803 = CARTESIAN_POINT('',(6.326446221215E-02,2.797485163554E-02,
    3.292451372343E-02));
#804 = CARTESIAN_POINT('',(6.111831353128E-02,2.746775681202E-02,
    3.579988724592E-02));
#805 = CARTESIAN_POINT('',(6.272521113519E-02,2.916449506609E-02,
    3.515778463783E-02));
#806 = CARTESIAN_POINT('',(6.05889640458E-02,2.860886009062E-02,
    3.802434262506E-02));
#807 = CARTESIAN_POINT('',(6.216160925105E-02,3.033955798037E-02,
    3.739264455072E-02));
#808 = CARTESIAN_POINT('',(6.035943774754E-02,2.90920073905E-02,
    3.897129248451E-02));
#809 = CARTESIAN_POINT('',(6.191730210664E-02,3.083719827075E-02,
    3.834393062299E-02));
#810 = CARTESIAN_POINT('',(6.012581468895E-02,2.957247109755E-02,
    3.991860414585E-02));
#811 = CARTESIAN_POINT('',(6.166876613117E-02,3.13319403331E-02,
    3.929563961477E-02));
#812 = CARTESIAN_POINT('',(5.988826203961E-02,3.005005057317E-02,
    4.086638083197E-02));
#813 = CARTESIAN_POINT('',(6.141619385764E-02,3.182344508565E-02,
    4.024796211693E-02));
#814 = CARTESIAN_POINT('',(5.964695110544E-02,3.052437709963E-02,
    4.181483102095E-02));
#815 = CARTESIAN_POINT('',(6.115975988312E-02,3.231145978252E-02,
    4.120104200143E-02));
#816 = CARTESIAN_POINT('',(5.914963638346E-02,3.147956705958E-02,
    4.374265364396E-02));
#817 = CARTESIAN_POINT('',(6.06316250471E-02,3.329476144197E-02,
    4.313795439783E-02));
#818 = CARTESIAN_POINT('',(5.863825109978E-02,3.242013739871E-02,
    4.567388396029E-02));
#819 = CARTESIAN_POINT('',(6.008907988112E-02,3.426181832915E-02,
    4.507906150157E-02));
#820 = CARTESIAN_POINT('',(5.837528988055E-02,3.289310824986E-02,
    4.665516543197E-02));
#821 = CARTESIAN_POINT('',(5.981024328079E-02,3.474815356638E-02,
    4.606535482919E-02));
#822 = CARTESIAN_POINT('',(5.810908985162E-02,3.33615954433E-02,
    4.763773861772E-02));
#823 = CARTESIAN_POINT('',(5.952811612063E-02,3.522982692431E-02,
    4.705300659532E-02));
#824 = CARTESIAN_POINT('',(5.783985907976E-02,3.382546320615E-02,
    4.862167638977E-02));
#825 = CARTESIAN_POINT('',(5.924293001181E-02,3.570658989357E-02,
    4.804216195218E-02));
#826 = CARTESIAN_POINT('',(5.756780505553E-02,3.428453940404E-02,
    4.960707518037E-02));
#827 = CARTESIAN_POINT('',(5.895491874623E-02,3.617821368825E-02,
    4.903295491042E-02));
#828 = CARTESIAN_POINT('',(5.690768888762E-02,3.537589718538E-02,
    5.19790322286E-02));
#829 = CARTESIAN_POINT('',(5.825635098719E-02,3.729925244287E-02,
    5.141810674683E-02));
#830 = CARTESIAN_POINT('',(5.623363516064E-02,3.643765196294E-02,
    5.436052316306E-02));
#831 = CARTESIAN_POINT('',(5.754390050567E-02,3.838899111245E-02,
    5.381368011388E-02));
#832 = CARTESIAN_POINT('',(5.583586368979E-02,3.70470868454E-02,
    5.575458586141E-02));
#833 = CARTESIAN_POINT('',(5.712373075439E-02,3.901429951823E-02,
    5.521621462935E-02));
#834 = CARTESIAN_POINT('',(5.543445934199E-02,3.764562763829E-02,
    5.715235551832E-02));
#835 = CARTESIAN_POINT('',(5.670000967513E-02,3.962821465715E-02,
    5.662273068585E-02));
#836 = CARTESIAN_POINT('',(5.502996439068E-02,3.823310033483E-02,
    5.855392683429E-02));
#837 = CARTESIAN_POINT('',(5.627330021873E-02,4.023050791838E-02,
    5.803336459192E-02));
#838 = CARTESIAN_POINT('',(5.462290260652E-02,3.88095632469E-02,
    5.995925555997E-02));
#839 = CARTESIAN_POINT('',(5.584414012949E-02,4.082102027743E-02,
    5.9448211439E-02));
#840 = CARTESIAN_POINT('',(5.399787293808E-02,3.967245089379E-02,
    6.211227767783E-02));
#841 = CARTESIAN_POINT('',(5.51855976884E-02,4.170492704387E-02,
    6.16160258502E-02));
#842 = CARTESIAN_POINT('',(5.336902064101E-02,4.050889636642E-02,
    6.427451358688E-02));
#843 = CARTESIAN_POINT('',(5.452362556905E-02,4.256102692453E-02,
    6.379386955394E-02));
#844 = CARTESIAN_POINT('',(5.315144450661E-02,4.079460019645E-02,
    6.502239542139E-02));
#845 = CARTESIAN_POINT('',(5.429466157104E-02,4.285337461113E-02,
    6.454722820662E-02));
#846 = CARTESIAN_POINT('',(5.293354169016E-02,4.107712028682E-02,
    6.577139448496E-02));
#847 = CARTESIAN_POINT('',(5.406542458956E-02,4.314239928967E-02,
    6.530178789439E-02));
#848 = CARTESIAN_POINT('',(5.271537342855E-02,4.135645995387E-02,
    6.65215092224E-02));
#849 = CARTESIAN_POINT('',(5.38359783369E-02,4.342810494835E-02,
    6.60575470143E-02));
#850 = CARTESIAN_POINT('',(5.249699831754E-02,4.163262729738E-02,
    6.727273547741E-02));
#851 = CARTESIAN_POINT('',(5.360638329251E-02,4.371050051506E-02,
    6.681450124734E-02));
#852 = CARTESIAN_POINT('',(5.167372173799E-02,4.266115282678E-02,
    7.010707616032E-02));
#853 = CARTESIAN_POINT('',(5.274106072097E-02,4.476197921877E-02,
    6.967073284646E-02));
#854 = CARTESIAN_POINT('',(5.084905724847E-02,4.364500723053E-02,
    7.295701285175E-02));
#855 = CARTESIAN_POINT('',(5.187523390722E-02,4.576684261503E-02,
    7.254374558803E-02));
#856 = CARTESIAN_POINT('',(5.024366542015E-02,4.434390059301E-02,
    7.505874572394E-02));
#857 = CARTESIAN_POINT('',(5.124011560953E-02,4.648016172784E-02,
    7.466304782195E-02));
#858 = CARTESIAN_POINT('',(4.963962013364E-02,4.501942311536E-02,
    7.716852741019E-02));
#859 = CARTESIAN_POINT('',(5.06068888202E-02,4.716915761504E-02,
    7.679098441753E-02));
#860 = CARTESIAN_POINT('',(4.903773177769E-02,4.567207138829E-02,
    7.928612510339E-02));
#861 = CARTESIAN_POINT('',(4.997637960461E-02,4.78344954262E-02,
    7.892721994731E-02));
#862 = CARTESIAN_POINT('',(4.843868698618E-02,4.630278823175E-02,
    8.141105171535E-02));
#863 = CARTESIAN_POINT('',(4.93492735742E-02,4.847690931964E-02,
    8.107139381413E-02));
#864 = CARTESIAN_POINT('',(4.771508575712E-02,4.70429305328E-02,
    8.40010803469E-02));
#865 = CARTESIAN_POINT('',(4.859227782999E-02,4.923042162448E-02,
    8.368531885533E-02));
#866 = CARTESIAN_POINT('',(4.699716323086E-02,4.775270739186E-02,
    8.660102996043E-02));
#867 = CARTESIAN_POINT('',(4.784179262028E-02,4.995246435942E-02,
    8.63098400515E-02));
#868 = CARTESIAN_POINT('',(4.687040320833E-02,4.787726690125E-02,
    8.706105636219E-02));
#869 = CARTESIAN_POINT('',(4.770930089918E-02,5.007915909403E-02,
    8.67742317057E-02));
#870 = CARTESIAN_POINT('',(4.674382948381E-02,4.800089154005E-02,
    8.752138642768E-02));
#871 = CARTESIAN_POINT('',(4.757702142948E-02,5.020488608388E-02,
    8.723894710132E-02));
#872 = CARTESIAN_POINT('',(4.661744612372E-02,4.812358882622E-02,
    8.798201677379E-02));
#873 = CARTESIAN_POINT('',(4.744495822747E-02,5.032965346709E-02,
    8.77039824637E-02));
#874 = CARTESIAN_POINT('',(4.649125699549E-02,4.824536637953E-02,
    8.84429439785E-02));
#875 = CARTESIAN_POINT('',(4.731311509962E-02,5.045346940668E-02,
    8.816933402625E-02));
#876 = CARTESIAN_POINT('',(4.550154216296E-02,4.919481651485E-02,
    9.206602888946E-02));
#877 = CARTESIAN_POINT('',(4.627918816112E-02,5.141868665783E-02,
    9.182732365621E-02));
#878 = CARTESIAN_POINT('',(4.452425505373E-02,5.008846254507E-02,
    9.570700770725E-02));
#879 = CARTESIAN_POINT('',(4.525927537679E-02,5.232619976208E-02,
    9.550436438987E-02));
#880 = CARTESIAN_POINT('',(4.368196640751E-02,5.082833358481E-02,
    9.88970074247E-02));
#881 = CARTESIAN_POINT('',(4.438096939287E-02,5.307687818892E-02,
    9.872661950982E-02));
#882 = CARTESIAN_POINT('',(4.285098165347E-02,5.153075899537E-02,
    0.102098413816));
#883 = CARTESIAN_POINT('',(4.35151077895E-02,5.378889743289E-02,
    0.101961012341));
#884 = CARTESIAN_POINT('',(4.203170945957E-02,5.219797212232E-02,
    0.105310341801));
#885 = CARTESIAN_POINT('',(4.266205351942E-02,5.446480480906E-02,
    0.105206464058));
#886 = CARTESIAN_POINT('',(4.122437583782E-02,5.283255549152E-02,
    0.108531695763));
#887 = CARTESIAN_POINT('',(4.182197171117E-02,5.510696278584E-02,
    0.108462012008));
#888 = CARTESIAN_POINT('',(4.04290326211E-02,5.343627810559E-02,
    0.111761871156));
#889 = CARTESIAN_POINT('',(4.099487255466E-02,5.571758100877E-02,
    0.111726781929));
#890 = CARTESIAN_POINT('',(3.964565245798E-02,5.401131586234E-02,0.115)
  );
#891 = CARTESIAN_POINT('',(4.018067051824E-02,5.629868110784E-02,0.115)
  );
#892 = DEFINITIONAL_REPRESENTATION('',(#893),#897);
#893 = LINE('',#894,#895);
#894 = CARTESIAN_POINT('',(0.,0.));
#895 = VECTOR('',#896,1.);
#896 = DIRECTION('',(1.,0.));
#897 = ( GEOMETRIC_REPRESENTATION_CONTEXT(2) 
PARAMETRIC_REPRESENTATION_CONTEXT() REPRESENTATION_CONTEXT('2D SPACE',''
  ) );
#898 = ORIENTED_EDGE('',*,*,#899,.F.);
#899 = EDGE_CURVE('',#460,#690,#900,.T.);
#900 = SURFACE_CURVE('',#901,(#904),.PCURVE_S1.);
#901 = B_SPLINE_CURVE_WITH_KNOTS('',1,(#902,#903),.UNSPECIFIED.,.F.,.F.,
  (2,2),(0.,1.),.PIECEWISE_BEZIER_KNOTS.);
#902 = CARTESIAN_POINT('',(6.481028284748E-02,1.728683990824E-03,1.E-02)
  );
#903 = CARTESIAN_POINT('',(6.694640714629E-02,2.679285390504E-03,1.E-02)
  );
#904 = PCURVE('',#511,#905);
#905 = DEFINITIONAL_REPRESENTATION('',(#906),#910);
#906 = LINE('',#907,#908);
#907 = CARTESIAN_POINT('',(0.,0.));
#908 = VECTOR('',#909,1.);
#909 = DIRECTION('',(0.,1.));
#910 = ( GEOMETRIC_REPRESENTATION_CONTEXT(2) 
PARAMETRIC_REPRESENTATION_CONTEXT() REPRESENTATION_CONTEXT('2D SPACE',''
  ) );
#911 = ADVANCED_FACE('',(#912),#741,.T.);
#912 = FACE_BOUND('',#913,.T.);
#913 = EDGE_LOOP('',(#914,#915,#930,#1146));
#914 = ORIENTED_EDGE('',*,*,#689,.T.);
#915 = ORIENTED_EDGE('',*,*,#916,.T.);
#916 = EDGE_CURVE('',#675,#917,#919,.T.);
#917 = VERTEX_POINT('',#918);
#918 = CARTESIAN_POINT('',(4.018067051824E-02,5.629868110784E-02,0.115)
  );
#919 = SURFACE_CURVE('',#920,(#923),.PCURVE_S1.);
#920 = B_SPLINE_CURVE_WITH_KNOTS('',1,(#921,#922),.UNSPECIFIED.,.F.,.F.,
  (2,2),(0.,1.),.PIECEWISE_BEZIER_KNOTS.);
#921 = CARTESIAN_POINT('',(3.964565245798E-02,5.401131586234E-02,0.115)
  );
#922 = CARTESIAN_POINT('',(4.018067051824E-02,5.629868110784E-02,0.115)
  );
#923 = PCURVE('',#741,#924);
#924 = DEFINITIONAL_REPRESENTATION('',(#925),#929);
#925 = LINE('',#926,#927);
#926 = CARTESIAN_POINT('',(1.,0.));
#927 = VECTOR('',#928,1.);
#928 = DIRECTION('',(0.,1.));
#929 = ( GEOMETRIC_REPRESENTATION_CONTEXT(2) 
PARAMETRIC_REPRESENTATION_CONTEXT() REPRESENTATION_CONTEXT('2D SPACE',''
  ) );
#930 = ORIENTED_EDGE('',*,*,#931,.F.);
#931 = EDGE_CURVE('',#932,#917,#934,.T.);
#932 = VERTEX_POINT('',#933);
#933 = CARTESIAN_POINT('',(6.906831961151E-02,3.687140331007E-03,1.E-02)
  );
#934 = SURFACE_CURVE('',#935,(#981,#988),.PCURVE_S1.);
#935 = B_SPLINE_CURVE_WITH_KNOTS('',8,(#936,#937,#938,#939,#940,#941,
    #942,#943,#944,#945,#946,#947,#948,#949,#950,#951,#952,#953,#954,
    #955,#956,#957,#958,#959,#960,#961,#962,#963,#964,#965,#966,#967,
    #968,#969,#970,#971,#972,#973,#974,#975,#976,#977,#978,#979,#980),
  .UNSPECIFIED.,.F.,.F.,(9,6,6,6,6,6,6,9),(0.,7.852709000823E-02,
    0.191188979109,0.327150983008,0.464973311961,0.614904102557,
    0.788984952157,1.),.UNSPECIFIED.);
#936 = CARTESIAN_POINT('',(6.906831961151E-02,3.687140331007E-03,1.E-02)
  );
#937 = CARTESIAN_POINT('',(6.903298116751E-02,4.410085282453E-03,
    9.040615935023E-03));
#938 = CARTESIAN_POINT('',(6.894880760402E-02,5.609075241174E-03,
    8.017938046802E-03));
#939 = CARTESIAN_POINT('',(6.890053413694E-02,6.175638139779E-03,
    7.552857540468E-03));
#940 = CARTESIAN_POINT('',(6.877066265727E-02,7.839497983484E-03,
    6.445410619023E-03));
#941 = CARTESIAN_POINT('',(6.857403873127E-02,9.186250138899E-03,
    6.922073808732E-03));
#942 = CARTESIAN_POINT('',(6.839812003288E-02,1.039039764202E-02,
    7.292174851393E-03));
#943 = CARTESIAN_POINT('',(6.794910010588E-02,1.306207849607E-02,
    8.880612808096E-03));
#944 = CARTESIAN_POINT('',(6.750306198708E-02,1.516498690384E-02,
    1.115964743895E-02));
#945 = CARTESIAN_POINT('',(6.724097310872E-02,1.628770279683E-02,
    1.25924227E-02));
#946 = CARTESIAN_POINT('',(6.697819449172E-02,1.73354908415E-02,
    1.40549515724E-02));
#947 = CARTESIAN_POINT('',(6.671062238237E-02,1.832509300984E-02,
    1.558248094681E-02));
#948 = CARTESIAN_POINT('',(6.643891060573E-02,1.927416793868E-02,
    1.711540566255E-02));
#949 = CARTESIAN_POINT('',(6.582455402421E-02,2.129850230161E-02,
    2.055100795984E-02));
#950 = CARTESIAN_POINT('',(6.517146351162E-02,2.321201413835E-02,
    2.403951077409E-02));
#951 = CARTESIAN_POINT('',(6.479846375282E-02,2.424200751166E-02,
    2.59549525045E-02));
#952 = CARTESIAN_POINT('',(6.441553910108E-02,2.524818649227E-02,
    2.787841782474E-02));
#953 = CARTESIAN_POINT('',(6.399287686216E-02,2.629849240797E-02,
    2.977265970051E-02));
#954 = CARTESIAN_POINT('',(6.356241198527E-02,2.731226488453E-02,
    3.168290392497E-02));
#955 = CARTESIAN_POINT('',(6.264839951544E-02,2.936126404512E-02,
    3.551558957601E-02));
#956 = CARTESIAN_POINT('',(6.166263921527E-02,3.136730280611E-02,
    3.935295709211E-02));
#957 = CARTESIAN_POINT('',(6.114790943113E-02,3.236789073422E-02,
    4.128488449495E-02));
#958 = CARTESIAN_POINT('',(6.061874140131E-02,3.334983857072E-02,
    4.322231405375E-02));
#959 = CARTESIAN_POINT('',(6.007374569858E-02,3.431906267026E-02,
    4.516194938387E-02));
#960 = CARTESIAN_POINT('',(5.951685948276E-02,3.526769200846E-02,
    4.710826450738E-02));
#961 = CARTESIAN_POINT('',(5.833058947914E-02,3.720841883797E-02,
    5.118416427254E-02));
#962 = CARTESIAN_POINT('',(5.710363548714E-02,3.90574192574E-02,
    5.529060483628E-02));
#963 = CARTESIAN_POINT('',(5.645531926729E-02,3.999476575044E-02,
    5.743920726869E-02));
#964 = CARTESIAN_POINT('',(5.580026190561E-02,4.090449818606E-02,
    5.959770264558E-02));
#965 = CARTESIAN_POINT('',(5.514017430755E-02,4.178668009911E-02,
    6.176607288382E-02));
#966 = CARTESIAN_POINT('',(5.447697796304E-02,4.264066070872E-02,
    6.394469415822E-02));
#967 = CARTESIAN_POINT('',(5.304018157834E-02,4.442601926873E-02,
    6.867459783729E-02));
#968 = CARTESIAN_POINT('',(5.160199418998E-02,4.608278473913E-02,
    7.345079401281E-02));
#969 = CARTESIAN_POINT('',(5.083098160741E-02,4.69363905417E-02,
    7.602994853496E-02));
#970 = CARTESIAN_POINT('',(5.006338582495E-02,4.775442682634E-02,
    7.862167960242E-02));
#971 = CARTESIAN_POINT('',(4.930054950478E-02,4.853821731115E-02,
    8.122532171056E-02));
#972 = CARTESIAN_POINT('',(4.854354966547E-02,4.928913096867E-02,
    8.384021479958E-02));
#973 = CARTESIAN_POINT('',(4.688363884544E-02,5.088084957479E-02,
    8.964812772705E-02));
#974 = CARTESIAN_POINT('',(4.525927537679E-02,5.232619976208E-02,
    9.550436438987E-02));
#975 = CARTESIAN_POINT('',(4.438096939287E-02,5.307687818892E-02,
    9.872661950982E-02));
#976 = CARTESIAN_POINT('',(4.35151077895E-02,5.378889743289E-02,
    0.101961012341));
#977 = CARTESIAN_POINT('',(4.266205351942E-02,5.446480480906E-02,
    0.105206464058));
#978 = CARTESIAN_POINT('',(4.182197171117E-02,5.510696278584E-02,
    0.108462012008));
#979 = CARTESIAN_POINT('',(4.099487255466E-02,5.571758100877E-02,
    0.111726781929));
#980 = CARTESIAN_POINT('',(4.018067051824E-02,5.629868110784E-02,0.115)
  );
#981 = PCURVE('',#741,#982);
#982 = DEFINITIONAL_REPRESENTATION('',(#983),#987);
#983 = LINE('',#984,#985);
#984 = CARTESIAN_POINT('',(0.,1.));
#985 = VECTOR('',#986,1.);
#986 = DIRECTION('',(1.,0.));
#987 = ( GEOMETRIC_REPRESENTATION_CONTEXT(2) 
PARAMETRIC_REPRESENTATION_CONTEXT() REPRESENTATION_CONTEXT('2D SPACE',''
  ) );
#988 = PCURVE('',#989,#1140);
#989 = B_SPLINE_SURFACE_WITH_KNOTS('',8,1,(
    (#990,#991)
    ,(#992,#993)
    ,(#994,#995)
    ,(#996,#997)
    ,(#998,#999)
    ,(#1000,#1001)
    ,(#1002,#1003)
    ,(#1004,#1005)
    ,(#1006,#1007)
    ,(#1008,#1009)
    ,(#1010,#1011)
    ,(#1012,#1013)
    ,(#1014,#1015)
    ,(#1016,#1017)
    ,(#1018,#1019)
    ,(#1020,#1021)
    ,(#1022,#1023)
    ,(#1024,#1025)
    ,(#1026,#1027)
    ,(#1028,#1029)
    ,(#1030,#1031)
    ,(#1032,#1033)
    ,(#1034,#1035)
    ,(#1036,#1037)
    ,(#1038,#1039)
    ,(#1040,#1041)
    ,(#1042,#1043)
    ,(#1044,#1045)
    ,(#1046,#1047)
    ,(#1048,#1049)
    ,(#1050,#1051)
    ,(#1052,#1053)
    ,(#1054,#1055)
    ,(#1056,#1057)
    ,(#1058,#1059)
    ,(#1060,#1061)
    ,(#1062,#1063)
    ,(#1064,#1065)
    ,(#1066,#1067)
    ,(#1068,#1069)
    ,(#1070,#1071)
    ,(#1072,#1073)
    ,(#1074,#1075)
    ,(#1076,#1077)
    ,(#1078,#1079)
    ,(#1080,#1081)
    ,(#1082,#1083)
    ,(#1084,#1085)
    ,(#1086,#1087)
    ,(#1088,#1089)
    ,(#1090,#1091)
    ,(#1092,#1093)
    ,(#1094,#1095)
    ,(#1096,#1097)
    ,(#1098,#1099)
    ,(#1100,#1101)
    ,(#1102,#1103)
    ,(#1104,#1105)
    ,(#1106,#1107)
    ,(#1108,#1109)
    ,(#1110,#1111)
    ,(#1112,#1113)
    ,(#1114,#1115)
    ,(#1116,#1117)
    ,(#1118,#1119)
    ,(#1120,#1121)
    ,(#1122,#1123)
    ,(#1124,#1125)
    ,(#1126,#1127)
    ,(#1128,#1129)
    ,(#1130,#1131)
    ,(#1132,#1133)
    ,(#1134,#1135)
    ,(#1136,#1137)
    ,(#1138,#1139
    )),.UNSPECIFIED.,.F.,.F.,.F.,(9,6,6,6,6,6,6,6,6,6,6,6,9),(2,2),(0.,
    7.852709000823E-02,9.51199279619E-02,0.191188979109,0.238093225641,
    0.327150983008,0.396994105838,0.464973311961,0.564482444988,
    0.614904102557,0.758884566949,0.788984952157,1.),(0.,1.),
  .UNSPECIFIED.);
#990 = CARTESIAN_POINT('',(6.906831961151E-02,3.687140331007E-03,1.E-02)
  );
#991 = CARTESIAN_POINT('',(7.117487351668E-02,4.752033704535E-03,1.E-02)
  );
#992 = CARTESIAN_POINT('',(6.903298116751E-02,4.410085282453E-03,
    9.040615935023E-03));
#993 = CARTESIAN_POINT('',(7.113139193498E-02,5.521770069736E-03,
    8.950196012721E-03));
#994 = CARTESIAN_POINT('',(6.894880760402E-02,5.609075241174E-03,
    8.017938046802E-03));
#995 = CARTESIAN_POINT('',(7.102009578666E-02,6.652327718319E-03,
    8.252040745674E-03));
#996 = CARTESIAN_POINT('',(6.890053413694E-02,6.175638139779E-03,
    7.552857540468E-03));
#997 = CARTESIAN_POINT('',(7.097764276395E-02,7.377880111997E-03,
    7.287231210119E-03));
#998 = CARTESIAN_POINT('',(6.877066265727E-02,7.839497983484E-03,
    6.445410619023E-03));
#999 = CARTESIAN_POINT('',(7.080721634139E-02,8.921702719244E-03,
    6.716713265145E-03));
#1000 = CARTESIAN_POINT('',(6.857403873127E-02,9.186250138899E-03,
    6.922073808732E-03));
#1001 = CARTESIAN_POINT('',(7.061105509755E-02,1.030601615396E-02,
    6.823409270218E-03));
#1002 = CARTESIAN_POINT('',(6.839812003288E-02,1.039039764202E-02,
    7.292174851393E-03));
#1003 = CARTESIAN_POINT('',(7.041074630671E-02,1.153455402985E-02,
    7.258417770846E-03));
#1004 = CARTESIAN_POINT('',(6.817472460858E-02,1.171960653031E-02,
    8.082451072948E-03));
#1005 = CARTESIAN_POINT('',(7.016707175178E-02,1.289083124458E-02,
    8.005406248315E-03));
#1006 = CARTESIAN_POINT('',(6.795206725337E-02,1.290803058684E-02,
    9.043666546605E-03));
#1007 = CARTESIAN_POINT('',(6.992381345705E-02,1.411351267599E-02,
    8.936576053484E-03));
#1008 = CARTESIAN_POINT('',(6.791324816958E-02,1.311131558779E-02,
    9.216064617742E-03));
#1009 = CARTESIAN_POINT('',(6.988140262499E-02,1.432290137579E-02,
    9.104085365986E-03));
#1010 = CARTESIAN_POINT('',(6.787444916698E-02,1.331081572603E-02,
    9.392748276696E-03));
#1011 = CARTESIAN_POINT('',(6.983902173995E-02,1.452850257812E-02,
    9.27632027716E-03));
#1012 = CARTESIAN_POINT('',(6.783566813973E-02,1.350675373521E-02,
    9.573323345834E-03));
#1013 = CARTESIAN_POINT('',(6.979667982861E-02,1.473033762872E-02,
    9.45306479744E-03));
#1014 = CARTESIAN_POINT('',(6.779690232197E-02,1.369933591447E-02,
    9.757436712643E-03));
#1015 = CARTESIAN_POINT('',(6.975439113493E-02,1.492838597151E-02,
    9.634104983625E-03));
#1016 = CARTESIAN_POINT('',(6.753377083681E-02,1.498544024312E-02,
    1.102941454292E-02));
#1017 = CARTESIAN_POINT('',(6.94676812601E-02,1.624843429772E-02,
    1.088933525749E-02));
#1018 = CARTESIAN_POINT('',(6.727100312996E-02,1.613380114541E-02,
    1.243709450508E-02));
#1019 = CARTESIAN_POINT('',(6.91821124105E-02,1.744154462912E-02,
    1.22686527075E-02));
#1020 = CARTESIAN_POINT('',(6.704643690421E-02,1.704721620161E-02,
    1.368180007235E-02));
#1021 = CARTESIAN_POINT('',(6.893919355985E-02,1.837660862244E-02,
    1.35145776095E-02));
#1022 = CARTESIAN_POINT('',(6.681999183479E-02,1.791332263612E-02,
    1.49557731104E-02));
#1023 = CARTESIAN_POINT('',(6.869440594245E-02,1.927058474445E-02,
    1.478367253801E-02));
#1024 = CARTESIAN_POINT('',(6.659013059202E-02,1.874239389047E-02,
    1.626130122585E-02));
#1025 = CARTESIAN_POINT('',(6.844695604273E-02,2.012696537671E-02,
    1.607689200684E-02));
#1026 = CARTESIAN_POINT('',(6.635673535089E-02,1.954387725796E-02,
    1.757421661682E-02));
#1027 = CARTESIAN_POINT('',(6.819589363252E-02,2.095244322614E-02,
    1.738980937495E-02));
#1028 = CARTESIAN_POINT('',(6.60019577837E-02,2.070373483916E-02,
    1.955191937502E-02));
#1029 = CARTESIAN_POINT('',(6.781531807631E-02,2.214635326071E-02,
    1.936366082136E-02));
#1030 = CARTESIAN_POINT('',(6.563437120195E-02,2.182694425914E-02,
    2.154711592929E-02));
#1031 = CARTESIAN_POINT('',(6.742203814303E-02,2.330189601186E-02,
    2.135722206731E-02));
#1032 = CARTESIAN_POINT('',(6.551222583268E-02,2.219216971386E-02,
    2.220321650099E-02));
#1033 = CARTESIAN_POINT('',(6.729152505893E-02,2.367754681842E-02,
    2.201283472292E-02));
#1034 = CARTESIAN_POINT('',(6.538849580463E-02,2.255448208017E-02,
    2.28606540457E-02));
#1035 = CARTESIAN_POINT('',(6.715939271917E-02,2.405034836335E-02,
    2.266962775455E-02));
#1036 = CARTESIAN_POINT('',(6.526307023345E-02,2.291437069949E-02,
    2.351910950771E-02));
#1037 = CARTESIAN_POINT('',(6.702551472738E-02,2.442071793751E-02,
    2.332738905567E-02));
#1038 = CARTESIAN_POINT('',(6.513577550187E-02,2.327241013869E-02,
    2.417821352221E-02));
#1039 = CARTESIAN_POINT('',(6.688976713712E-02,2.478881823119E-02,
    2.398621880598E-02));
#1040 = CARTESIAN_POINT('',(6.47608418022E-02,2.430644166318E-02,
    2.608966631018E-02));
#1041 = CARTESIAN_POINT('',(6.649047265647E-02,2.584955676762E-02,
    2.589950822468E-02));
#1042 = CARTESIAN_POINT('',(6.436741399272E-02,2.533283730714E-02,
    2.800151733409E-02));
#1043 = CARTESIAN_POINT('',(6.607264313344E-02,2.690410752245E-02,
    2.780977949013E-02));
#1044 = CARTESIAN_POINT('',(6.410074321345E-02,2.600467617609E-02,
    2.9252190153E-02));
#1045 = CARTESIAN_POINT('',(6.578915201236E-02,2.759401600967E-02,
    2.906077316612E-02));
#1046 = CARTESIAN_POINT('',(6.382446180357E-02,2.667728354003E-02,
    3.050042521845E-02));
#1047 = CARTESIAN_POINT('',(6.549649907302E-02,2.82829617835E-02,
    3.030990171278E-02));
#1048 = CARTESIAN_POINT('',(6.353923909481E-02,2.734844268177E-02,
    3.174751098738E-02));
#1049 = CARTESIAN_POINT('',(6.519501331728E-02,2.896992820184E-02,
    3.155771442879E-02));
#1050 = CARTESIAN_POINT('',(6.324713219923E-02,2.801306580693E-02,
    3.299625915948E-02));
#1051 = CARTESIAN_POINT('',(6.488491403955E-02,2.965401142904E-02,
    3.280496018818E-02));
#1052 = CARTESIAN_POINT('',(6.270951725192E-02,2.919800678677E-02,
    3.522116578487E-02));
#1053 = CARTESIAN_POINT('',(6.431673283019E-02,3.086816694767E-02,
    3.503018993817E-02));
#1054 = CARTESIAN_POINT('',(6.214773411087E-02,3.036847659366E-02,
    3.74476494924E-02));
#1055 = CARTESIAN_POINT('',(6.372304375593E-02,3.206885626226E-02,
    3.725619436278E-02));
#1056 = CARTESIAN_POINT('',(6.189609786877E-02,3.088036128404E-02,
    3.842645290946E-02));
#1057 = CARTESIAN_POINT('',(6.345732632314E-02,3.259369873448E-02,
    3.823492094795E-02));
#1058 = CARTESIAN_POINT('',(6.163999837804E-02,3.138914938475E-02,
    3.940571982558E-02));
#1059 = CARTESIAN_POINT('',(6.318702451908E-02,3.311535842825E-02,
    3.92140663497E-02));
#1060 = CARTESIAN_POINT('',(6.137964339026E-02,3.189447943209E-02,
    4.038565357413E-02));
#1061 = CARTESIAN_POINT('',(6.291234919471E-02,3.363355687473E-02,
    4.019372396744E-02));
#1062 = CARTESIAN_POINT('',(6.111522142875E-02,3.2396084176E-02,
    4.136640650979E-02));
#1063 = CARTESIAN_POINT('',(6.263350780154E-02,3.414793570891E-02,
    4.117415239644E-02));
#1064 = CARTESIAN_POINT('',(6.058579370292E-02,3.337807011964E-02,
    4.330363537105E-02));
#1065 = CARTESIAN_POINT('',(6.207528292343E-02,3.515459255546E-02,
    4.311152146836E-02));
#1066 = CARTESIAN_POINT('',(6.004209028695E-02,3.434365282698E-02,
    4.524515080536E-02));
#1067 = CARTESIAN_POINT('',(6.150247283223E-02,3.614467982843E-02,
    4.505263694014E-02));
#1068 = CARTESIAN_POINT('',(5.977063183115E-02,3.481570210051E-02,
    4.620395163962E-02));
#1069 = CARTESIAN_POINT('',(6.121655524438E-02,3.66286278984E-02,
    4.601140257039E-02));
#1070 = CARTESIAN_POINT('',(5.949608947793E-02,3.528332123129E-02,
    4.716405107117E-02));
#1071 = CARTESIAN_POINT('',(6.092746377752E-02,3.710799124587E-02,
    4.697156739297E-02));
#1072 = CARTESIAN_POINT('',(5.921867590206E-02,3.574628395995E-02,
    4.812558129293E-02));
#1073 = CARTESIAN_POINT('',(6.063541315744E-02,3.758259991431E-02,
    4.793319413787E-02));
#1074 = CARTESIAN_POINT('',(5.893860236984E-02,3.62043903712E-02,
    4.908865961802E-02));
#1075 = CARTESIAN_POINT('',(6.034061404525E-02,3.805228170456E-02,
    4.889637811921E-02));
#1076 = CARTESIAN_POINT('',(5.824237950224E-02,3.732104272263E-02,
    5.14653749278E-02));
#1077 = CARTESIAN_POINT('',(5.960802216323E-02,3.919695104402E-02,
    5.127358306374E-02));
#1078 = CARTESIAN_POINT('',(5.753237335419E-02,3.840661919178E-02,
    5.385243711871E-02));
#1079 = CARTESIAN_POINT('',(5.886124764009E-02,4.030984001469E-02,
    5.366146719663E-02));
#1080 = CARTESIAN_POINT('',(5.710626583305E-02,3.904028140452E-02,
    5.527450702031E-02));
#1081 = CARTESIAN_POINT('',(5.841320552365E-02,4.095936211965E-02,
    5.508424416044E-02));
#1082 = CARTESIAN_POINT('',(5.667652543297E-02,3.966222114179E-02,
    5.67006762174E-02));
#1083 = CARTESIAN_POINT('',(5.796142897639E-02,4.159683597656E-02,
    5.65113610372E-02));
#1084 = CARTESIAN_POINT('',(5.624373730118E-02,4.027220509704E-02,
    5.813108391292E-02));
#1085 = CARTESIAN_POINT('',(5.750653900913E-02,4.222202677182E-02,
    5.794292594684E-02));
#1086 = CARTESIAN_POINT('',(5.58084607668E-02,4.087007049774E-02,
    5.956582745462E-02));
#1087 = CARTESIAN_POINT('',(5.704914894377E-02,4.283487060418E-02,
    5.937881586935E-02));
#1088 = CARTESIAN_POINT('',(5.514967390738E-02,4.175246849022E-02,
    6.173418464975E-02));
#1089 = CARTESIAN_POINT('',(5.635697020645E-02,4.373914778639E-02,
    6.154958763112E-02));
#1090 = CARTESIAN_POINT('',(5.448754882973E-02,4.26070527786E-02,
    6.391257580625E-02));
#1091 = CARTESIAN_POINT('',(5.566146568997E-02,4.461487860665E-02,
    6.373080197982E-02));
#1092 = CARTESIAN_POINT('',(5.426456268212E-02,4.289129895439E-02,
    6.464630569063E-02));
#1093 = CARTESIAN_POINT('',(5.542725614061E-02,4.490614590845E-02,
    6.446554290263E-02));
#1094 = CARTESIAN_POINT('',(5.404132403177E-02,4.317239476388E-02,
    6.538117419247E-02));
#1095 = CARTESIAN_POINT('',(5.519279819059E-02,4.519417042743E-02,
    6.52014880282E-02));
#1096 = CARTESIAN_POINT('',(5.38178914676E-02,4.345034424741E-02,
    6.611717963492E-02));
#1097 = CARTESIAN_POINT('',(5.495815298511E-02,4.547895596199E-02,
    6.593863571289E-02));
#1098 = CARTESIAN_POINT('',(5.359432067573E-02,4.372515585828E-02,
    6.685431791669E-02));
#1099 = CARTESIAN_POINT('',(5.472337908718E-02,4.576051046451E-02,
    6.667698132484E-02));
#1100 = CARTESIAN_POINT('',(5.273200809242E-02,4.47726490046E-02,
    6.97007192309E-02));
#1101 = CARTESIAN_POINT('',(5.381792077859E-02,4.68336377535E-02,
    6.952828810946E-02));
#1102 = CARTESIAN_POINT('',(5.186919477286E-02,4.577385095425E-02,
    7.256378501024E-02));
#1103 = CARTESIAN_POINT('',(5.291216839012E-02,4.785911159788E-02,
    7.239719829943E-02));
#1104 = CARTESIAN_POINT('',(5.123106962717E-02,4.649031991282E-02,
    7.469323382019E-02));
#1105 = CARTESIAN_POINT('',(5.224241365279E-02,4.859279856916E-02,
    7.453148818523E-02));
#1106 = CARTESIAN_POINT('',(5.05948636076E-02,4.718223889304E-02,
    7.683139675485E-02));
#1107 = CARTESIAN_POINT('',(5.157478671603E-02,4.930119024064E-02,
    7.667500923295E-02));
#1108 = CARTESIAN_POINT('',(4.996141289304E-02,4.785028419687E-02,
    7.897793278371E-02));
#1109 = CARTESIAN_POINT('',(5.091015530327E-02,4.99849091863E-02,
    7.882751955783E-02));
#1110 = CARTESIAN_POINT('',(4.933141088E-02,4.849520147907E-02,
    8.113247578952E-02));
#1111 = CARTESIAN_POINT('',(5.024927357192E-02,5.064483809145E-02,
    8.098839397983E-02));
#1112 = CARTESIAN_POINT('',(4.857455244207E-02,4.924794807209E-02,
    8.374666231104E-02));
#1113 = CARTESIAN_POINT('',(4.94554410548E-02,5.141482094318E-02,
    8.361092376988E-02));
#1114 = CARTESIAN_POINT('',(4.782422342371E-02,4.996925923901E-02,
    8.63714289955E-02));
#1115 = CARTESIAN_POINT('',(4.866862341566E-02,5.215236321847E-02,
    8.624469537992E-02));
#1116 = CARTESIAN_POINT('',(4.769468311903E-02,5.009304909806E-02,
    8.682559119035E-02));
#1117 = CARTESIAN_POINT('',(4.853278851555E-02,5.227892957001E-02,
    8.670043457328E-02));
#1118 = CARTESIAN_POINT('',(4.756534612566E-02,5.021591420772E-02,
    8.728006265438E-02));
#1119 = CARTESIAN_POINT('',(4.839717175166E-02,5.240454122767E-02,
    8.715650301643E-02));
#1120 = CARTESIAN_POINT('',(4.743621618641E-02,5.033786217984E-02,
    8.773483985823E-02));
#1121 = CARTESIAN_POINT('',(4.826177702759E-02,5.252920594249E-02,
    8.761289711236E-02));
#1122 = CARTESIAN_POINT('',(4.730729685269E-02,5.045890064833E-02,
    8.818991928034E-02));
#1123 = CARTESIAN_POINT('',(4.812660805205E-02,5.265293152272E-02,
    8.806961320985E-02));
#1124 = CARTESIAN_POINT('',(4.627631841406E-02,5.142124014388E-02,
    9.183766981228E-02));
#1125 = CARTESIAN_POINT('',(4.704569011871E-02,5.363656008151E-02,
    9.173063122258E-02));
#1126 = CARTESIAN_POINT('',(4.525927537679E-02,5.232619976208E-02,
    9.550436438987E-02));
#1127 = CARTESIAN_POINT('',(4.597969736351E-02,5.456093606136E-02,
    9.541183842771E-02));
#1128 = CARTESIAN_POINT('',(4.438096939287E-02,5.307687818892E-02,
    9.872661950982E-02));
#1129 = CARTESIAN_POINT('',(4.505936130807E-02,5.532724251648E-02,
    9.864768446949E-02));
#1130 = CARTESIAN_POINT('',(4.35151077895E-02,5.378889743289E-02,
    0.101961012341));
#1131 = CARTESIAN_POINT('',(4.415230967058E-02,5.605363621207E-02,
    0.101896437991));
#1132 = CARTESIAN_POINT('',(4.266205351942E-02,5.446480480906E-02,
    0.105206464058));
#1133 = CARTESIAN_POINT('',(4.325889930603E-02,5.674265485036E-02,
    0.10515712611));
#1134 = CARTESIAN_POINT('',(4.182197171117E-02,5.510696278584E-02,
    0.108462012008));
#1135 = CARTESIAN_POINT('',(4.237932620236E-02,5.739689183386E-02,
    0.108428432423));
#1136 = CARTESIAN_POINT('',(4.099487255466E-02,5.571758100877E-02,
    0.111726781929));
#1137 = CARTESIAN_POINT('',(4.151355776823E-02,5.801847435528E-02,
    0.111709735262));
#1138 = CARTESIAN_POINT('',(4.018067051824E-02,5.629868110784E-02,0.115)
  );
#1139 = CARTESIAN_POINT('',(4.066151823028E-02,5.860960142889E-02,0.115)
  );
#1140 = DEFINITIONAL_REPRESENTATION('',(#1141),#1145);
#1141 = LINE('',#1142,#1143);
#1142 = CARTESIAN_POINT('',(0.,0.));
#1143 = VECTOR('',#1144,1.);
#1144 = DIRECTION('',(1.,0.));
#1145 = ( GEOMETRIC_REPRESENTATION_CONTEXT(2) 
PARAMETRIC_REPRESENTATION_CONTEXT() REPRESENTATION_CONTEXT('2D SPACE',''
  ) );
#1146 = ORIENTED_EDGE('',*,*,#1147,.F.);
#1147 = EDGE_CURVE('',#690,#932,#1148,.T.);
#1148 = SURFACE_CURVE('',#1149,(#1152),.PCURVE_S1.);
#1149 = B_SPLINE_CURVE_WITH_KNOTS('',1,(#1150,#1151),.UNSPECIFIED.,.F.,
  .F.,(2,2),(0.,1.),.PIECEWISE_BEZIER_KNOTS.);
#1150 = CARTESIAN_POINT('',(6.694640714629E-02,2.679285390504E-03,1.E-02
    ));
#1151 = CARTESIAN_POINT('',(6.906831961151E-02,3.687140331007E-03,1.E-02
    ));
#1152 = PCURVE('',#741,#1153);
#1153 = DEFINITIONAL_REPRESENTATION('',(#1154),#1158);
#1154 = LINE('',#1155,#1156);
#1155 = CARTESIAN_POINT('',(0.,0.));
#1156 = VECTOR('',#1157,1.);
#1157 = DIRECTION('',(0.,1.));
#1158 = ( GEOMETRIC_REPRESENTATION_CONTEXT(2) 
PARAMETRIC_REPRESENTATION_CONTEXT() REPRESENTATION_CONTEXT('2D SPACE',''
  ) );
#1159 = ADVANCED_FACE('',(#1160),#989,.T.);
#1160 = FACE_BOUND('',#1161,.T.);
#1161 = EDGE_LOOP('',(#1162,#1163,#1178,#1376));
#1162 = ORIENTED_EDGE('',*,*,#931,.T.);
#1163 = ORIENTED_EDGE('',*,*,#1164,.T.);
#1164 = EDGE_CURVE('',#917,#1165,#1167,.T.);
#1165 = VERTEX_POINT('',#1166);
#1166 = CARTESIAN_POINT('',(4.066151823028E-02,5.860960142889E-02,0.115)
  );
#1167 = SURFACE_CURVE('',#1168,(#1171),.PCURVE_S1.);
#1168 = B_SPLINE_CURVE_WITH_KNOTS('',1,(#1169,#1170),.UNSPECIFIED.,.F.,
  .F.,(2,2),(0.,1.),.PIECEWISE_BEZIER_KNOTS.);
#1169 = CARTESIAN_POINT('',(4.018067051824E-02,5.629868110784E-02,0.115)
  );
#1170 = CARTESIAN_POINT('',(4.066151823028E-02,5.860960142889E-02,0.115)
  );
#1171 = PCURVE('',#989,#1172);
#1172 = DEFINITIONAL_REPRESENTATION('',(#1173),#1177);
#1173 = LINE('',#1174,#1175);
#1174 = CARTESIAN_POINT('',(1.,0.));
#1175 = VECTOR('',#1176,1.);
#1176 = DIRECTION('',(0.,1.));
#1177 = ( GEOMETRIC_REPRESENTATION_CONTEXT(2) 
PARAMETRIC_REPRESENTATION_CONTEXT() REPRESENTATION_CONTEXT('2D SPACE',''
  ) );
#1178 = ORIENTED_EDGE('',*,*,#1179,.F.);
#1179 = EDGE_CURVE('',#1180,#1165,#1182,.T.);
#1180 = VERTEX_POINT('',#1181);
#1181 = CARTESIAN_POINT('',(7.117487351668E-02,4.752033704535E-03,1.E-02
    ));
#1182 = SURFACE_CURVE('',#1183,(#1223,#1230),.PCURVE_S1.);
#1183 = B_SPLINE_CURVE_WITH_KNOTS('',8,(#1184,#1185,#1186,#1187,#1188,
    #1189,#1190,#1191,#1192,#1193,#1194,#1195,#1196,#1197,#1198,#1199,
    #1200,#1201,#1202,#1203,#1204,#1205,#1206,#1207,#1208,#1209,#1210,
    #1211,#1212,#1213,#1214,#1215,#1216,#1217,#1218,#1219,#1220,#1221,
    #1222),.UNSPECIFIED.,.F.,.F.,(9,6,6,6,6,6,9),(0.,9.51199279619E-02,
    0.238093225641,0.396994105838,0.564482444988,0.758884566949,1.),
  .UNSPECIFIED.);
#1184 = CARTESIAN_POINT('',(7.117487351668E-02,4.752033704535E-03,1.E-02
    ));
#1185 = CARTESIAN_POINT('',(7.112220424143E-02,5.684415989424E-03,
    8.72837157682E-03));
#1186 = CARTESIAN_POINT('',(7.097003406639E-02,7.146213179438E-03,
    7.972699618607E-03));
#1187 = CARTESIAN_POINT('',(7.096124207118E-02,7.776336544634E-03,
    6.634086153576E-03));
#1188 = CARTESIAN_POINT('',(7.062079684894E-02,1.04958790459E-02,
    6.367627713773E-03));
#1189 = CARTESIAN_POINT('',(7.040521239591E-02,1.158138249225E-02,
    7.260722189108E-03));
#1190 = CARTESIAN_POINT('',(7.015462796936E-02,1.302652714402E-02,
    7.944560271676E-03));
#1191 = CARTESIAN_POINT('',(6.954703086671E-02,1.600322602088E-02,
    1.041450799748E-02));
#1192 = CARTESIAN_POINT('',(6.89445298326E-02,1.841299200769E-02,
    1.343865623277E-02));
#1193 = CARTESIAN_POINT('',(6.858378452387E-02,1.968848944021E-02,
    1.538698806473E-02));
#1194 = CARTESIAN_POINT('',(6.821240635474E-02,2.097867344868E-02,
    1.727210669332E-02));
#1195 = CARTESIAN_POINT('',(6.783619960048E-02,2.211934808482E-02,
    1.930803157903E-02));
#1196 = CARTESIAN_POINT('',(6.744478619299E-02,2.328671972175E-02,
    2.128089920685E-02));
#1197 = CARTESIAN_POINT('',(6.65873175209E-02,2.565156741024E-02,
    2.553367886132E-02));
#1198 = CARTESIAN_POINT('',(6.563847742334E-02,2.798591144988E-02,
    2.977158005157E-02));
#1199 = CARTESIAN_POINT('',(6.510318814771E-02,2.921650740132E-02,
    3.200402417897E-02));
#1200 = CARTESIAN_POINT('',(6.454682710259E-02,3.043965667146E-02,
    3.421744584866E-02));
#1201 = CARTESIAN_POINT('',(6.395865411533E-02,3.164521255149E-02,
    3.645069311036E-02));
#1202 = CARTESIAN_POINT('',(6.334884307851E-02,3.284005812683E-02,
    3.867194613271E-02));
#1203 = CARTESIAN_POINT('',(6.204918081487E-02,3.524936697817E-02,
    4.325426778772E-02));
#1204 = CARTESIAN_POINT('',(6.066772007361E-02,3.756574843212E-02,
    4.785760043537E-02));
#1205 = CARTESIAN_POINT('',(5.993970597809E-02,3.872441550197E-02,
    5.023167405342E-02));
#1206 = CARTESIAN_POINT('',(5.919683804598E-02,3.98543891326E-02,
    5.261076152368E-02));
#1207 = CARTESIAN_POINT('',(5.844094412978E-02,4.094826522815E-02,
    5.500703510595E-02));
#1208 = CARTESIAN_POINT('',(5.767613833302E-02,4.200899656941E-02,
    5.741248981251E-02));
#1209 = CARTESIAN_POINT('',(5.600905461323E-02,4.422290636704E-02,
    6.264068973352E-02));
#1210 = CARTESIAN_POINT('',(5.432259480903E-02,4.627050424451E-02,
    6.792972846437E-02));
#1211 = CARTESIAN_POINT('',(5.341475609204E-02,4.732175958381E-02,
    7.078953632696E-02));
#1212 = CARTESIAN_POINT('',(5.250845841825E-02,4.832581852332E-02,
    7.366596979361E-02));
#1213 = CARTESIAN_POINT('',(5.160603868124E-02,4.928306070414E-02,
    7.656035426909E-02));
#1214 = CARTESIAN_POINT('',(5.070972140892E-02,5.019607305968E-02,
    7.947013152399E-02));
#1215 = CARTESIAN_POINT('',(4.871861846406E-02,5.214593303987E-02,
    8.602306172656E-02));
#1216 = CARTESIAN_POINT('',(4.677142208366E-02,5.389274540236E-02,
    9.264635519075E-02));
#1217 = CARTESIAN_POINT('',(4.570906582573E-02,5.480147663012E-02,
    9.633304931638E-02));
#1218 = CARTESIAN_POINT('',(4.466376389675E-02,5.565622303437E-02,
    0.100037249068));
#1219 = CARTESIAN_POINT('',(4.36361441227E-02,5.646068288903E-02,
    0.103757826184));
#1220 = CARTESIAN_POINT('',(4.262660181086E-02,5.721894000862E-02,
    0.107492487422));
#1221 = CARTESIAN_POINT('',(4.163509752838E-02,5.793415263129E-02,
    0.111240393208));
#1222 = CARTESIAN_POINT('',(4.066151823028E-02,5.860960142889E-02,0.115)
  );
#1223 = PCURVE('',#989,#1224);
#1224 = DEFINITIONAL_REPRESENTATION('',(#1225),#1229);
#1225 = LINE('',#1226,#1227);
#1226 = CARTESIAN_POINT('',(0.,1.));
#1227 = VECTOR('',#1228,1.);
#1228 = DIRECTION('',(1.,0.));
#1229 = ( GEOMETRIC_REPRESENTATION_CONTEXT(2) 
PARAMETRIC_REPRESENTATION_CONTEXT() REPRESENTATION_CONTEXT('2D SPACE',''
  ) );
#1230 = PCURVE('',#1231,#1370);
#1231 = B_SPLINE_SURFACE_WITH_KNOTS('',8,1,(
    (#1232,#1233)
    ,(#1234,#1235)
    ,(#1236,#1237)
    ,(#1238,#1239)
    ,(#1240,#1241)
    ,(#1242,#1243)
    ,(#1244,#1245)
    ,(#1246,#1247)
    ,(#1248,#1249)
    ,(#1250,#1251)
    ,(#1252,#1253)
    ,(#1254,#1255)
    ,(#1256,#1257)
    ,(#1258,#1259)
    ,(#1260,#1261)
    ,(#1262,#1263)
    ,(#1264,#1265)
    ,(#1266,#1267)
    ,(#1268,#1269)
    ,(#1270,#1271)
    ,(#1272,#1273)
    ,(#1274,#1275)
    ,(#1276,#1277)
    ,(#1278,#1279)
    ,(#1280,#1281)
    ,(#1282,#1283)
    ,(#1284,#1285)
    ,(#1286,#1287)
    ,(#1288,#1289)
    ,(#1290,#1291)
    ,(#1292,#1293)
    ,(#1294,#1295)
    ,(#1296,#1297)
    ,(#1298,#1299)
    ,(#1300,#1301)
    ,(#1302,#1303)
    ,(#1304,#1305)
    ,(#1306,#1307)
    ,(#1308,#1309)
    ,(#1310,#1311)
    ,(#1312,#1313)
    ,(#1314,#1315)
    ,(#1316,#1317)
    ,(#1318,#1319)
    ,(#1320,#1321)
    ,(#1322,#1323)
    ,(#1324,#1325)
    ,(#1326,#1327)
    ,(#1328,#1329)
    ,(#1330,#1331)
    ,(#1332,#1333)
    ,(#1334,#1335)
    ,(#1336,#1337)
    ,(#1338,#1339)
    ,(#1340,#1341)
    ,(#1342,#1343)
    ,(#1344,#1345)
    ,(#1346,#1347)
    ,(#1348,#1349)
    ,(#1350,#1351)
    ,(#1352,#1353)
    ,(#1354,#1355)
    ,(#1356,#1357)
    ,(#1358,#1359)
    ,(#1360,#1361)
    ,(#1362,#1363)
    ,(#1364,#1365)
    ,(#1366,#1367)
    ,(#1368,#1369
  )),.UNSPECIFIED.,.F.,.F.,.F.,(9,6,6,6,6,6,6,6,6,6,6,9),(2,2),(0.,
    9.51199279619E-02,9.634675355217E-02,0.238093225641,0.240635973201,
    0.396994105838,0.40013215971,0.564482444988,0.567831877772,
    0.758884566949,0.76140398363,1.),(0.,1.),.UNSPECIFIED.);
#1232 = CARTESIAN_POINT('',(7.117487351668E-02,4.752033704535E-03,1.E-02
    ));
#1233 = CARTESIAN_POINT('',(7.326492541324E-02,5.873730006734E-03,1.E-02
    ));
#1234 = CARTESIAN_POINT('',(7.112220424143E-02,5.684415989424E-03,
    8.72837157682E-03));
#1235 = CARTESIAN_POINT('',(7.318828470585E-02,6.912083844772E-03,
    8.785241333643E-03));
#1236 = CARTESIAN_POINT('',(7.097003406639E-02,7.146213179438E-03,
    7.972699618607E-03));
#1237 = CARTESIAN_POINT('',(7.303402176048E-02,8.266768727818E-03,
    8.089660985138E-03));
#1238 = CARTESIAN_POINT('',(7.096124207118E-02,7.776336544634E-03,
    6.634086153576E-03));
#1239 = CARTESIAN_POINT('',(7.296379663547E-02,9.31621201865E-03,
    6.782086449347E-03));
#1240 = CARTESIAN_POINT('',(7.062079684894E-02,1.04958790459E-02,
    6.367627713773E-03));
#1241 = CARTESIAN_POINT('',(7.26121738741E-02,1.170639204985E-02,
    6.939917976457E-03));
#1242 = CARTESIAN_POINT('',(7.040521239591E-02,1.158138249225E-02,
    7.260722189108E-03));
#1243 = CARTESIAN_POINT('',(7.238325711844E-02,1.289231828414E-02,
    7.619411199894E-03));
#1244 = CARTESIAN_POINT('',(7.015462796936E-02,1.302652714402E-02,
    7.944560271676E-03));
#1245 = CARTESIAN_POINT('',(7.211411652582E-02,1.430384334332E-02,
    8.385958525224E-03));
#1246 = CARTESIAN_POINT('',(6.99087578563E-02,1.423107747222E-02,
    8.944048787926E-03));
#1247 = CARTESIAN_POINT('',(7.185122744142E-02,1.552448522374E-02,
    9.365781030794E-03));
#1248 = CARTESIAN_POINT('',(6.966372222212E-02,1.534279279945E-02,
    1.003428738366E-02));
#1249 = CARTESIAN_POINT('',(7.158945976555E-02,1.664922478007E-02,
    1.044537092122E-02));
#1250 = CARTESIAN_POINT('',(6.966060221042E-02,1.535693372816E-02,
    1.004818454285E-02));
#1251 = CARTESIAN_POINT('',(7.158612672617E-02,1.666353127624E-02,
    1.04591337683E-02));
#1252 = CARTESIAN_POINT('',(6.965748233297E-02,1.537105964693E-02,
    1.006209633034E-02));
#1253 = CARTESIAN_POINT('',(7.15827938305E-02,1.667782272251E-02,
    1.047291234133E-02));
#1254 = CARTESIAN_POINT('',(6.965436258916E-02,1.538517057818E-02,
    1.007602270211E-02));
#1255 = CARTESIAN_POINT('',(7.157946105698E-02,1.669209939225E-02,
    1.048670640583E-02));
#1256 = CARTESIAN_POINT('',(6.965124297832E-02,1.539926654511E-02,
    1.008996361352E-02));
#1257 = CARTESIAN_POINT('',(7.15761283822E-02,1.670636157566E-02,
    1.050051572076E-02));
#1258 = CARTESIAN_POINT('',(6.928770137499E-02,1.704025840265E-02,
    1.171631572135E-02));
#1259 = CARTESIAN_POINT('',(7.118774962139E-02,1.836681297272E-02,
    1.211159089962E-02));
#1260 = CARTESIAN_POINT('',(6.892594525627E-02,1.847867492824E-02,
    1.353889858724E-02));
#1261 = CARTESIAN_POINT('',(7.079999705847E-02,1.983913971228E-02,
    1.392295794182E-02));
#1262 = CARTESIAN_POINT('',(6.85678472902E-02,1.974373453175E-02,
    1.546797691161E-02));
#1263 = CARTESIAN_POINT('',(7.041977736738E-02,2.113066634826E-02,
    1.581504740868E-02));
#1264 = CARTESIAN_POINT('',(6.819948701497E-02,2.101783667024E-02,
    1.734195857394E-02));
#1265 = CARTESIAN_POINT('',(7.002467471721E-02,2.243479071149E-02,
    1.770902449423E-02));
#1266 = CARTESIAN_POINT('',(6.782612042663E-02,2.214938860991E-02,
    1.935882704075E-02));
#1267 = CARTESIAN_POINT('',(6.962912703537E-02,2.359877566461E-02,
    1.968371929613E-02));
#1268 = CARTESIAN_POINT('',(6.743781512776E-02,2.330594083989E-02,
    2.13154658058E-02));
#1269 = CARTESIAN_POINT('',(6.921628515654E-02,2.47789068524E-02,
    2.164543743954E-02));
#1270 = CARTESIAN_POINT('',(6.702778646533E-02,2.44362267847E-02,
    2.334817207214E-02));
#1271 = CARTESIAN_POINT('',(6.878196401377E-02,2.593825416679E-02,
    2.36638366332E-02));
#1272 = CARTESIAN_POINT('',(6.659688281469E-02,2.555954377497E-02,
    2.53774791602E-02));
#1273 = CARTESIAN_POINT('',(6.832690293134E-02,2.708649971053E-02,
    2.568382397787E-02));
#1274 = CARTESIAN_POINT('',(6.658928265695E-02,2.557933739055E-02,
    2.541323974427E-02));
#1275 = CARTESIAN_POINT('',(6.831887710676E-02,2.710673148182E-02,
    2.571942173606E-02));
#1276 = CARTESIAN_POINT('',(6.658167593181E-02,2.559912892495E-02,
    2.544899931863E-02));
#1277 = CARTESIAN_POINT('',(6.831084476883E-02,2.712696016664E-02,
    2.575501975586E-02));
#1278 = CARTESIAN_POINT('',(6.657406259942E-02,2.56189184178E-02,
    2.548475790371E-02));
#1279 = CARTESIAN_POINT('',(6.830280587975E-02,2.714718595981E-02,
    2.579061791278E-02));
#1280 = CARTESIAN_POINT('',(6.65664426215E-02,2.56387059075E-02,
    2.55205155184E-02));
#1281 = CARTESIAN_POINT('',(6.829476040061E-02,2.71674090664E-02,
    2.582621607612E-02));
#1282 = CARTESIAN_POINT('',(6.60898388697E-02,2.687513896063E-02,
    2.775501378419E-02));
#1283 = CARTESIAN_POINT('',(6.779156957301E-02,2.843103306865E-02,
    2.80508013125E-02));
#1284 = CARTESIAN_POINT('',(6.558700111593E-02,2.8104034739E-02,
    2.998585284809E-02));
#1285 = CARTESIAN_POINT('',(6.726232523728E-02,2.968589684965E-02,
    3.027431155164E-02));
#1286 = CARTESIAN_POINT('',(6.505859237927E-02,2.931432740301E-02,
    3.218117061896E-02));
#1287 = CARTESIAN_POINT('',(6.670719393674E-02,3.092079940088E-02,
    3.245446188468E-02));
#1288 = CARTESIAN_POINT('',(6.450914582842E-02,3.051680573015E-02,
    3.43603743453E-02));
#1289 = CARTESIAN_POINT('',(6.612959894548E-02,3.214923702844E-02,
    3.463144706137E-02));
#1290 = CARTESIAN_POINT('',(6.392936175143E-02,3.170255584822E-02,
    3.65573346162E-02));
#1291 = CARTESIAN_POINT('',(6.552239620158E-02,3.335979074133E-02,
    3.681140785284E-02));
#1292 = CARTESIAN_POINT('',(6.332858797789E-02,3.287759211034E-02,
    3.874334490832E-02));
#1293 = CARTESIAN_POINT('',(6.489248059266E-02,3.455950230671E-02,
    3.899023724457E-02));
#1294 = CARTESIAN_POINT('',(6.26931723388E-02,3.405459209432E-02,
    4.098266193673E-02));
#1295 = CARTESIAN_POINT('',(6.422715473623E-02,3.576212034033E-02,
    4.121774233989E-02));
#1296 = CARTESIAN_POINT('',(6.203822346281E-02,3.520940128796E-02,
    4.322699632865E-02));
#1297 = CARTESIAN_POINT('',(6.354148115622E-02,3.694224842579E-02,
    4.34508777367E-02));
#1298 = CARTESIAN_POINT('',(6.202532993635E-02,3.523211328924E-02,
    4.32711551188E-02));
#1299 = CARTESIAN_POINT('',(6.352798281878E-02,3.696545848454E-02,
    4.349481638924E-02));
#1300 = CARTESIAN_POINT('',(6.201242888082E-02,3.525481662869E-02,
    4.331531593262E-02));
#1301 = CARTESIAN_POINT('',(6.351447664987E-02,3.698865982507E-02,
    4.353875722944E-02));
#1302 = CARTESIAN_POINT('',(6.199952031262E-02,3.52775112716E-02,
    4.335947880849E-02));
#1303 = CARTESIAN_POINT('',(6.350096267266E-02,3.701185244346E-02,
    4.358270026002E-02));
#1304 = CARTESIAN_POINT('',(6.198660424839E-02,3.530019718405E-02,
    4.340364378332E-02));
#1305 = CARTESIAN_POINT('',(6.348744091074E-02,3.703503633744E-02,
    4.362664548274E-02));
#1306 = CARTESIAN_POINT('',(6.129683188767E-02,3.651055180001E-02,
    4.576098883842E-02));
#1307 = CARTESIAN_POINT('',(6.276532543576E-02,3.827197194365E-02,
    4.597226475561E-02));
#1308 = CARTESIAN_POINT('',(6.058580187171E-02,3.769584879044E-02,
    4.812451160952E-02));
#1309 = CARTESIAN_POINT('',(6.202117219563E-02,3.948405633657E-02,
    4.832412966795E-02));
#1310 = CARTESIAN_POINT('',(5.987006882337E-02,3.883014464886E-02,
    5.045460623524E-02));
#1311 = CARTESIAN_POINT('',(6.127224639025E-02,4.064418556964E-02,
    5.064123591176E-02));
#1312 = CARTESIAN_POINT('',(5.914016975713E-02,3.99362984955E-02,
    5.279036688282E-02));
#1313 = CARTESIAN_POINT('',(6.050819125492E-02,4.177651855196E-02,
    5.29668431522E-02));
#1314 = CARTESIAN_POINT('',(5.83979489436E-02,4.100784865529E-02,
    5.514225555726E-02));
#1315 = CARTESIAN_POINT('',(5.97313258472E-02,4.287400758881E-02,
    5.530535171836E-02));
#1316 = CARTESIAN_POINT('',(5.764722537341E-02,4.204737893207E-02,
    5.750316476811E-02));
#1317 = CARTESIAN_POINT('',(5.894506827973E-02,4.393914800725E-02,
    5.765529766687E-02));
#1318 = CARTESIAN_POINT('',(5.6874622401E-02,4.307263447957E-02,
    5.992615243152E-02));
#1319 = CARTESIAN_POINT('',(5.813565180893E-02,4.499037664753E-02,
    6.006646386697E-02));
#1320 = CARTESIAN_POINT('',(5.609785863271E-02,4.40621764155E-02,
    6.236220454408E-02));
#1321 = CARTESIAN_POINT('',(5.732148586528E-02,4.600541529694E-02,
    6.249119559105E-02));
#1322 = CARTESIAN_POINT('',(5.608234284509E-02,4.408192608768E-02,
    6.241086454061E-02));
#1323 = CARTESIAN_POINT('',(5.730522281837E-02,4.602567402462E-02,
    6.253962968192E-02));
#1324 = CARTESIAN_POINT('',(5.606682543543E-02,4.410166150636E-02,
    6.245952975928E-02));
#1325 = CARTESIAN_POINT('',(5.7288957918E-02,4.604591831863E-02,
    6.258806918339E-02));
#1326 = CARTESIAN_POINT('',(5.605130642257E-02,4.41213826684E-02,
    6.250820020499E-02));
#1327 = CARTESIAN_POINT('',(5.727269118475E-02,4.606614818121E-02,
    6.263651409459E-02));
#1328 = CARTESIAN_POINT('',(5.603578582535E-02,4.414108957081E-02,
    6.255687588237E-02));
#1329 = CARTESIAN_POINT('',(5.725642263924E-02,4.60863636151E-02,
    6.268496441434E-02));
#1330 = CARTESIAN_POINT('',(5.513487466207E-02,4.528405652906E-02,
    6.538233126113E-02));
#1331 = CARTESIAN_POINT('',(5.631208720282E-02,4.725883644E-02,
    6.549734988675E-02));
#1332 = CARTESIAN_POINT('',(5.42287527873E-02,4.637896915128E-02,
    6.822543934292E-02));
#1333 = CARTESIAN_POINT('',(5.536178581815E-02,4.838272786467E-02,
    6.832794346629E-02));
#1334 = CARTESIAN_POINT('',(5.333669287137E-02,4.740811742679E-02,
    7.103738566296E-02));
#1335 = CARTESIAN_POINT('',(5.442572154328E-02,4.943956773343E-02,
    7.112791422806E-02));
#1336 = CARTESIAN_POINT('',(5.244627669847E-02,4.839171062801E-02,
    7.386547129001E-02));
#1337 = CARTESIAN_POINT('',(5.349081213867E-02,5.04500949837E-02,
    7.394528310298E-02));
#1338 = CARTESIAN_POINT('',(5.155971637088E-02,4.933021470813E-02,
    7.671076903703E-02));
#1339 = CARTESIAN_POINT('',(5.255950638648E-02,5.141452073905E-02,
    7.678004012268E-02));
#1340 = CARTESIAN_POINT('',(5.0679098074E-02,5.022605260777E-02,
    7.95709288639E-02));
#1341 = CARTESIAN_POINT('',(5.16339583331E-02,5.233523149193E-02,
    7.963088821624E-02));
#1342 = CARTESIAN_POINT('',(4.979427352055E-02,5.109200214376E-02,
    8.248371443207E-02));
#1343 = CARTESIAN_POINT('',(5.070360396567E-02,5.322527626201E-02,
    8.253493405106E-02));
#1344 = CARTESIAN_POINT('',(4.891812265267E-02,5.191783988291E-02,
    8.541040017247E-02));
#1345 = CARTESIAN_POINT('',(4.978201578377E-02,5.407403575678E-02,
    8.545375959376E-02));
#1346 = CARTESIAN_POINT('',(4.890672067824E-02,5.192858169361E-02,
    8.544849448499E-02));
#1347 = CARTESIAN_POINT('',(4.97700224409E-02,5.408507570455E-02,
    8.549175175139E-02));
#1348 = CARTESIAN_POINT('',(4.889532017816E-02,5.193931671821E-02,
    8.548659114826E-02));
#1349 = CARTESIAN_POINT('',(4.975803058869E-02,5.409610866791E-02,
    8.552974640811E-02));
#1350 = CARTESIAN_POINT('',(4.888392115496E-02,5.195004496116E-02,
    8.552469016031E-02));
#1351 = CARTESIAN_POINT('',(4.974604022996E-02,5.410713465157E-02,
    8.556774356158E-02));
#1352 = CARTESIAN_POINT('',(4.887252361111E-02,5.196076642689E-02,
    8.556279151914E-02));
#1353 = CARTESIAN_POINT('',(4.973405136751E-02,5.411815366024E-02,
    8.560574320948E-02));
#1354 = CARTESIAN_POINT('',(4.778188765323E-02,5.298619340481E-02,
    8.920942570598E-02));
#1355 = CARTESIAN_POINT('',(4.858682616633E-02,5.517203745405E-02,
    8.924265746496E-02));
#1356 = CARTESIAN_POINT('',(4.670484662482E-02,5.394962910445E-02,
    9.287751757524E-02));
#1357 = CARTESIAN_POINT('',(4.745335671294E-02,5.61621239035E-02,
    9.290237534611E-02));
#1358 = CARTESIAN_POINT('',(4.565447330366E-02,5.484607802577E-02,
    9.652659320425E-02));
#1359 = CARTESIAN_POINT('',(4.634752560448E-02,5.70830957711E-02,
    9.654439091498E-02));
#1360 = CARTESIAN_POINT('',(4.462082531694E-02,5.568981600619E-02,
    0.100192763626));
#1361 = CARTESIAN_POINT('',(4.525896376233E-02,5.794955433405E-02,
    0.100204899201));
#1362 = CARTESIAN_POINT('',(4.360450388889E-02,5.648443789403E-02,
    0.103874901017));
#1363 = CARTESIAN_POINT('',(4.418842731303E-02,5.87650816621E-02,
    0.103882330885));
#1364 = CARTESIAN_POINT('',(4.260588329894E-02,5.723388218955E-02,
    0.107570812482));
#1365 = CARTESIAN_POINT('',(4.313635380179E-02,5.953373878053E-02,
    0.107574845931));
#1366 = CARTESIAN_POINT('',(4.162492459215E-02,5.794121040004E-02,
    0.111279677363));
#1367 = CARTESIAN_POINT('',(4.21027940312E-02,6.025862948827E-02,
    0.111281193484));
#1368 = CARTESIAN_POINT('',(4.066151823028E-02,5.860960142889E-02,0.115)
  );
#1369 = CARTESIAN_POINT('',(4.108766679032E-02,6.094303600682E-02,0.115)
  );
#1370 = DEFINITIONAL_REPRESENTATION('',(#1371),#1375);
#1371 = LINE('',#1372,#1373);
#1372 = CARTESIAN_POINT('',(0.,0.));
#1373 = VECTOR('',#1374,1.);
#1374 = DIRECTION('',(1.,0.));
#1375 = ( GEOMETRIC_REPRESENTATION_CONTEXT(2) 
PARAMETRIC_REPRESENTATION_CONTEXT() REPRESENTATION_CONTEXT('2D SPACE',''
  ) );
#1376 = ORIENTED_EDGE('',*,*,#1377,.F.);
#1377 = EDGE_CURVE('',#932,#1180,#1378,.T.);
#1378 = SURFACE_CURVE('',#1379,(#1382),.PCURVE_S1.);
#1379 = B_SPLINE_CURVE_WITH_KNOTS('',1,(#1380,#1381),.UNSPECIFIED.,.F.,
  .F.,(2,2),(0.,1.),.PIECEWISE_BEZIER_KNOTS.);
#1380 = CARTESIAN_POINT('',(6.906831961151E-02,3.687140331007E-03,1.E-02
    ));
#1381 = CARTESIAN_POINT('',(7.117487351668E-02,4.752033704535E-03,1.E-02
    ));
#1382 = PCURVE('',#989,#1383);
#1383 = DEFINITIONAL_REPRESENTATION('',(#1384),#1388);
#1384 = LINE('',#1385,#1386);
#1385 = CARTESIAN_POINT('',(0.,0.));
#1386 = VECTOR('',#1387,1.);
#1387 = DIRECTION('',(0.,1.));
#1388 = ( GEOMETRIC_REPRESENTATION_CONTEXT(2) 
PARAMETRIC_REPRESENTATION_CONTEXT() REPRESENTATION_CONTEXT('2D SPACE',''
  ) );
#1389 = ADVANCED_FACE('',(#1390),#1231,.T.);
#1390 = FACE_BOUND('',#1391,.T.);
#1391 = EDGE_LOOP('',(#1392,#1393,#1408,#1606));
#1392 = ORIENTED_EDGE('',*,*,#1179,.T.);
#1393 = ORIENTED_EDGE('',*,*,#1394,.T.);
#1394 = EDGE_CURVE('',#1165,#1395,#1397,.T.);
#1395 = VERTEX_POINT('',#1396);
#1396 = CARTESIAN_POINT('',(4.108766679032E-02,6.094303600682E-02,0.115)
  );
#1397 = SURFACE_CURVE('',#1398,(#1401),.PCURVE_S1.);
#1398 = B_SPLINE_CURVE_WITH_KNOTS('',1,(#1399,#1400),.UNSPECIFIED.,.F.,
  .F.,(2,2),(0.,1.),.PIECEWISE_BEZIER_KNOTS.);
#1399 = CARTESIAN_POINT('',(4.066151823028E-02,5.860960142889E-02,0.115)
  );
#1400 = CARTESIAN_POINT('',(4.108766679032E-02,6.094303600682E-02,0.115)
  );
#1401 = PCURVE('',#1231,#1402);
#1402 = DEFINITIONAL_REPRESENTATION('',(#1403),#1407);
#1403 = LINE('',#1404,#1405);
#1404 = CARTESIAN_POINT('',(1.,0.));
#1405 = VECTOR('',#1406,1.);
#1406 = DIRECTION('',(0.,1.));
#1407 = ( GEOMETRIC_REPRESENTATION_CONTEXT(2) 
PARAMETRIC_REPRESENTATION_CONTEXT() REPRESENTATION_CONTEXT('2D SPACE',''
  ) );
#1408 = ORIENTED_EDGE('',*,*,#1409,.F.);
#1409 = EDGE_CURVE('',#1410,#1395,#1412,.T.);
#1410 = VERTEX_POINT('',#1411);
#1411 = CARTESIAN_POINT('',(7.326492541324E-02,5.873730006734E-03,1.E-02
    ));
#1412 = SURFACE_CURVE('',#1413,(#1453,#1460),.PCURVE_S1.);
#1413 = B_SPLINE_CURVE_WITH_KNOTS('',8,(#1414,#1415,#1416,#1417,#1418,
    #1419,#1420,#1421,#1422,#1423,#1424,#1425,#1426,#1427,#1428,#1429,
    #1430,#1431,#1432,#1433,#1434,#1435,#1436,#1437,#1438,#1439,#1440,
    #1441,#1442,#1443,#1444,#1445,#1446,#1447,#1448,#1449,#1450,#1451,
    #1452),.UNSPECIFIED.,.F.,.F.,(9,6,6,6,6,6,9),(0.,9.634675355217E-02,
    0.240635973201,0.40013215971,0.567831877772,0.76140398363,1.),
  .UNSPECIFIED.);
#1414 = CARTESIAN_POINT('',(7.326492541324E-02,5.873730006734E-03,1.E-02
    ));
#1415 = CARTESIAN_POINT('',(7.318729621918E-02,6.925476191545E-03,
    8.769573775332E-03));
#1416 = CARTESIAN_POINT('',(7.303002958242E-02,8.30176591086E-03,
    8.071804616649E-03));
#1417 = CARTESIAN_POINT('',(7.296112169958E-02,9.356664478973E-03,
    6.731184606078E-03));
#1418 = CARTESIAN_POINT('',(7.259374940087E-02,1.183105545546E-02,
    6.949541151707E-03));
#1419 = CARTESIAN_POINT('',(7.236870755123E-02,1.29667382585E-02,
    7.664077717386E-03));
#1420 = CARTESIAN_POINT('',(7.209318120587E-02,1.441370161148E-02,
    8.445477370431E-03));
#1421 = CARTESIAN_POINT('',(7.143880620299E-02,1.741903280004E-02,
    1.093277374413E-02));
#1422 = CARTESIAN_POINT('',(7.078620507436E-02,1.989145020077E-02,
    1.398745079498E-02));
#1423 = CARTESIAN_POINT('',(7.039931950629E-02,2.120000902856E-02,
    1.591696464252E-02));
#1424 = CARTESIAN_POINT('',(6.999629502535E-02,2.252839641321E-02,
    1.784492791371E-02));
#1425 = CARTESIAN_POINT('',(6.959364839648E-02,2.370271759907E-02,
    1.986110098057E-02));
#1426 = CARTESIAN_POINT('',(6.917176460183E-02,2.490602344242E-02,
    2.185650776237E-02));
#1427 = CARTESIAN_POINT('',(6.825420016707E-02,2.733674919064E-02,
    2.611128496662E-02));
#1428 = CARTESIAN_POINT('',(6.724141151387E-02,2.973545678535E-02,
    3.03621331118E-02));
#1429 = CARTESIAN_POINT('',(6.667372846605E-02,3.099515182118E-02,
    3.258571702919E-02));
#1430 = CARTESIAN_POINT('',(6.608317651418E-02,3.224783846943E-02,
    3.480620493398E-02));
#1431 = CARTESIAN_POINT('',(6.546134460136E-02,3.348119476003E-02,
    3.703017564748E-02));
#1432 = CARTESIAN_POINT('',(6.481649137817E-02,3.470390477139E-02,
    3.925259985261E-02));
#1433 = CARTESIAN_POINT('',(6.344599755394E-02,3.716563514129E-02,
    4.382348088907E-02));
#1434 = CARTESIAN_POINT('',(6.19914002206E-02,3.95325249396E-02,
    4.84181973822E-02));
#1435 = CARTESIAN_POINT('',(6.122643412442E-02,4.07150788343E-02,
    5.078291430954E-02));
#1436 = CARTESIAN_POINT('',(6.044586838322E-02,4.186875640054E-02,
    5.315644633789E-02));
#1437 = CARTESIAN_POINT('',(5.965211086662E-02,4.29856955285E-02,
    5.554369785049E-02));
#1438 = CARTESIAN_POINT('',(5.884886751929E-02,4.406919127882E-02,
    5.794271781679E-02));
#1439 = CARTESIAN_POINT('',(5.710331229255E-02,4.632441015456E-02,
    6.314057482087E-02));
#1440 = CARTESIAN_POINT('',(5.533715334466E-02,4.84118505682E-02,
    6.840131449606E-02));
#1441 = CARTESIAN_POINT('',(5.438868872691E-02,4.948135257625E-02,
    7.123869355367E-02));
#1442 = CARTESIAN_POINT('',(5.344149867725E-02,5.050335006885E-02,
    7.409391210961E-02));
#1443 = CARTESIAN_POINT('',(5.249810694574E-02,5.147803010936E-02,
    7.696698042542E-02));
#1444 = CARTESIAN_POINT('',(5.156074209592E-02,5.24079661903E-02,
    7.98564953679E-02));
#1445 = CARTESIAN_POINT('',(4.948495360856E-02,5.438752243444E-02,
    8.634280599558E-02));
#1446 = CARTESIAN_POINT('',(4.745335671294E-02,5.61621239035E-02,
    9.290237534611E-02));
#1447 = CARTESIAN_POINT('',(4.634752560448E-02,5.70830957711E-02,
    9.654439091498E-02));
#1448 = CARTESIAN_POINT('',(4.525896376233E-02,5.794955433405E-02,
    0.100204899201));
#1449 = CARTESIAN_POINT('',(4.418842731303E-02,5.87650816621E-02,
    0.103882330885));
#1450 = CARTESIAN_POINT('',(4.313635380179E-02,5.953373878053E-02,
    0.107574845931));
#1451 = CARTESIAN_POINT('',(4.21027940312E-02,6.025862948827E-02,
    0.111281193484));
#1452 = CARTESIAN_POINT('',(4.108766679032E-02,6.094303600682E-02,0.115)
  );
#1453 = PCURVE('',#1231,#1454);
#1454 = DEFINITIONAL_REPRESENTATION('',(#1455),#1459);
#1455 = LINE('',#1456,#1457);
#1456 = CARTESIAN_POINT('',(0.,1.));
#1457 = VECTOR('',#1458,1.);
#1458 = DIRECTION('',(1.,0.));
#1459 = ( GEOMETRIC_REPRESENTATION_CONTEXT(2) 
PARAMETRIC_REPRESENTATION_CONTEXT() REPRESENTATION_CONTEXT('2D SPACE',''
  ) );
#1460 = PCURVE('',#1461,#1600);
#1461 = B_SPLINE_SURFACE_WITH_KNOTS('',8,1,(
    (#1462,#1463)
    ,(#1464,#1465)
    ,(#1466,#1467)
    ,(#1468,#1469)
    ,(#1470,#1471)
    ,(#1472,#1473)
    ,(#1474,#1475)
    ,(#1476,#1477)
    ,(#1478,#1479)
    ,(#1480,#1481)
    ,(#1482,#1483)
    ,(#1484,#1485)
    ,(#1486,#1487)
    ,(#1488,#1489)
    ,(#1490,#1491)
    ,(#1492,#1493)
    ,(#1494,#1495)
    ,(#1496,#1497)
    ,(#1498,#1499)
    ,(#1500,#1501)
    ,(#1502,#1503)
    ,(#1504,#1505)
    ,(#1506,#1507)
    ,(#1508,#1509)
    ,(#1510,#1511)
    ,(#1512,#1513)
    ,(#1514,#1515)
    ,(#1516,#1517)
    ,(#1518,#1519)
    ,(#1520,#1521)
    ,(#1522,#1523)
    ,(#1524,#1525)
    ,(#1526,#1527)
    ,(#1528,#1529)
    ,(#1530,#1531)
    ,(#1532,#1533)
    ,(#1534,#1535)
    ,(#1536,#1537)
    ,(#1538,#1539)
    ,(#1540,#1541)
    ,(#1542,#1543)
    ,(#1544,#1545)
    ,(#1546,#1547)
    ,(#1548,#1549)
    ,(#1550,#1551)
    ,(#1552,#1553)
    ,(#1554,#1555)
    ,(#1556,#1557)
    ,(#1558,#1559)
    ,(#1560,#1561)
    ,(#1562,#1563)
    ,(#1564,#1565)
    ,(#1566,#1567)
    ,(#1568,#1569)
    ,(#1570,#1571)
    ,(#1572,#1573)
    ,(#1574,#1575)
    ,(#1576,#1577)
    ,(#1578,#1579)
    ,(#1580,#1581)
    ,(#1582,#1583)
    ,(#1584,#1585)
    ,(#1586,#1587)
    ,(#1588,#1589)
    ,(#1590,#1591)
    ,(#1592,#1593)
    ,(#1594,#1595)
    ,(#1596,#1597)
    ,(#1598,#1599
  )),.UNSPECIFIED.,.F.,.F.,.F.,(9,6,6,6,6,6,6,6,6,6,6,9),(2,2),(0.,
    9.634675355217E-02,9.770840657686E-02,0.240635973201,0.243300853699,
    0.40013215971,0.403370409769,0.567831877772,0.571256184184,
    0.76140398363,0.763967572058,1.),(0.,1.),.UNSPECIFIED.);
#1462 = CARTESIAN_POINT('',(7.326492541324E-02,5.873730006734E-03,1.E-02
    ));
#1463 = CARTESIAN_POINT('',(7.533733547051E-02,7.051973386767E-03,1.E-02
    ));
#1464 = CARTESIAN_POINT('',(7.318729621918E-02,6.925476191545E-03,
    8.769573775332E-03));
#1465 = CARTESIAN_POINT('',(7.523431524242E-02,8.195645086891E-03,
    8.846645433377E-03));
#1466 = CARTESIAN_POINT('',(7.303002958242E-02,8.30176591086E-03,
    8.071804616649E-03));
#1467 = CARTESIAN_POINT('',(7.507168278916E-02,9.523720742643E-03,
    8.162100762075E-03));
#1468 = CARTESIAN_POINT('',(7.296112169958E-02,9.356664478973E-03,
    6.731184606078E-03));
#1469 = CARTESIAN_POINT('',(7.493474350112E-02,1.091144208923E-02,
    7.011685253677E-03));
#1470 = CARTESIAN_POINT('',(7.259374940087E-02,1.183105545546E-02,
    6.949541151707E-03));
#1471 = CARTESIAN_POINT('',(7.457206366347E-02,1.306734454439E-02,
    7.454173035538E-03));
#1472 = CARTESIAN_POINT('',(7.236870755123E-02,1.29667382585E-02,
    7.664077717386E-03));
#1473 = CARTESIAN_POINT('',(7.432330523035E-02,1.432543838981E-02,
    8.053967149432E-03));
#1474 = CARTESIAN_POINT('',(7.209318120587E-02,1.441370161148E-02,
    8.445477370431E-03));
#1475 = CARTESIAN_POINT('',(7.403283464363E-02,1.572951915108E-02,
    8.88481592294E-03));
#1476 = CARTESIAN_POINT('',(7.18274772133E-02,1.563399348124E-02,
    9.455425143931E-03));
#1477 = CARTESIAN_POINT('',(7.374925343808E-02,1.696734825913E-02,
    9.881021356077E-03));
#1478 = CARTESIAN_POINT('',(7.156206568014E-02,1.676642362804E-02,
    1.05589172111E-02));
#1479 = CARTESIAN_POINT('',(7.346671220994E-02,1.811311753303E-02,
    1.097426859518E-02));
#1480 = CARTESIAN_POINT('',(7.155836699577E-02,1.678218799458E-02,
    1.057431342654E-02));
#1481 = CARTESIAN_POINT('',(7.346277492237E-02,1.812906722726E-02,
    1.098952264709E-02));
#1482 = CARTESIAN_POINT('',(7.155466837437E-02,1.679793532868E-02,
    1.058972763081E-02));
#1483 = CARTESIAN_POINT('',(7.345883777878E-02,1.814499959019E-02,
    1.10047952238E-02));
#1484 = CARTESIAN_POINT('',(7.155096981874E-02,1.681366564792E-02,
    1.060515973483E-02));
#1485 = CARTESIAN_POINT('',(7.345490074631E-02,1.816091492194E-02,
    1.102008616597E-02));
#1486 = CARTESIAN_POINT('',(7.154727133149E-02,1.682937897123E-02,
    1.062060964963E-02));
#1487 = CARTESIAN_POINT('',(7.345096378925E-02,1.817681354161E-02,
    1.103539531537E-02));
#1488 = CARTESIAN_POINT('',(7.115536413562E-02,1.849266154032E-02,
    1.225965659231E-02));
#1489 = CARTESIAN_POINT('',(7.303378324159E-02,1.985979514336E-02,
    1.265956067477E-02));
#1490 = CARTESIAN_POINT('',(7.076427762381E-02,1.996556678968E-02,
    1.409670279366E-02));
#1491 = CARTESIAN_POINT('',(7.261654629543E-02,2.136297471558E-02,
    1.448466184244E-02));
#1492 = CARTESIAN_POINT('',(7.038030302942E-02,2.126255310975E-02,
    1.600801294619E-02));
#1493 = CARTESIAN_POINT('',(7.220865588406E-02,2.269263260296E-02,
    1.636420296871E-02));
#1494 = CARTESIAN_POINT('',(6.998108570743E-02,2.257273977515E-02,
    1.79210232307E-02));
#1495 = CARTESIAN_POINT('',(7.178367362616E-02,2.402397722357E-02,
    1.828822668872E-02));
#1496 = CARTESIAN_POINT('',(6.958170075374E-02,2.37367712841E-02,
    1.991759954943E-02));
#1497 = CARTESIAN_POINT('',(7.135989530317E-02,2.522687681475E-02,
    2.025185209535E-02));
#1498 = CARTESIAN_POINT('',(6.916353711654E-02,2.492781321436E-02,
    2.189464993867E-02));
#1499 = CARTESIAN_POINT('',(7.091723129407E-02,2.643834270529E-02,
    2.222842956084E-02));
#1500 = CARTESIAN_POINT('',(6.872357986111E-02,2.609269608286E-02,
    2.393378956986E-02));
#1501 = CARTESIAN_POINT('',(7.045202765532E-02,2.763255489455E-02,
    2.425503491195E-02));
#1502 = CARTESIAN_POINT('',(6.826175046477E-02,2.725022467137E-02,
    2.597202673174E-02));
#1503 = CARTESIAN_POINT('',(6.996531008502E-02,2.881484752007E-02,
    2.628390336359E-02));
#1504 = CARTESIAN_POINT('',(6.825328990506E-02,2.727140930629E-02,
    2.600933367789E-02));
#1505 = CARTESIAN_POINT('',(6.995639410136E-02,2.883648403549E-02,
    2.632103985189E-02));
#1506 = CARTESIAN_POINT('',(6.824482192899E-02,2.729259156122E-02,
    2.604664025593E-02));
#1507 = CARTESIAN_POINT('',(6.994747082161E-02,2.885811692476E-02,
    2.63581769577E-02));
#1508 = CARTESIAN_POINT('',(6.823634649487E-02,2.73137714762E-02,
    2.608394643441E-02));
#1509 = CARTESIAN_POINT('',(6.993854019942E-02,2.887974638572E-02,
    2.639531460865E-02));
#1510 = CARTESIAN_POINT('',(6.822786356265E-02,2.733494909002E-02,
    2.612125218278E-02));
#1511 = CARTESIAN_POINT('',(6.992960218685E-02,2.890137262653E-02,
    2.64324527309E-02));
#1512 = CARTESIAN_POINT('',(6.77196991659E-02,2.86023183428E-02,
    2.835401694838E-02));
#1513 = CARTESIAN_POINT('',(6.939420648444E-02,3.019554858738E-02,
    2.865523608734E-02));
#1514 = CARTESIAN_POINT('',(6.718440550779E-02,2.986170908412E-02,
    3.058503211187E-02));
#1515 = CARTESIAN_POINT('',(6.883197571835E-02,3.147980072554E-02,
    3.087916156708E-02));
#1516 = CARTESIAN_POINT('',(6.662430647926E-02,3.109974841318E-02,
    3.277122734939E-02));
#1517 = CARTESIAN_POINT('',(6.824431433056E-02,3.274350983556E-02,
    3.305120037053E-02));
#1518 = CARTESIAN_POINT('',(6.604157939652E-02,3.23302486442E-02,
    3.49548359051E-02));
#1519 = CARTESIAN_POINT('',(6.76332252203E-02,3.399746437606E-02,
    3.52307397033E-02));
#1520 = CARTESIAN_POINT('',(6.542900233203E-02,3.354246328094E-02,
    3.714157798585E-02));
#1521 = CARTESIAN_POINT('',(6.699231162819E-02,3.523553357192E-02,
    3.740283235309E-02));
#1522 = CARTESIAN_POINT('',(6.479416154506E-02,3.474399810955E-02,
    3.932705744958E-02));
#1523 = CARTESIAN_POINT('',(6.632789654926E-02,3.646060948381E-02,
    3.957984428493E-02));
#1524 = CARTESIAN_POINT('',(6.412335857668E-02,3.594793873976E-02,
    4.156330173775E-02));
#1525 = CARTESIAN_POINT('',(6.562650222449E-02,3.76897890057E-02,
    4.180479328621E-02));
#1526 = CARTESIAN_POINT('',(6.343242690125E-02,3.71291809344E-02,
    4.380525062648E-02));
#1527 = CARTESIAN_POINT('',(6.490418575949E-02,3.889590183027E-02,
    4.403554236717E-02));
#1528 = CARTESIAN_POINT('',(6.341844094932E-02,3.715306845055E-02,
    4.385060821378E-02));
#1529 = CARTESIAN_POINT('',(6.488956456479E-02,3.892029236375E-02,
    4.408067341651E-02));
#1530 = CARTESIAN_POINT('',(6.340444679792E-02,3.717694659674E-02,
    4.389596818551E-02));
#1531 = CARTESIAN_POINT('',(6.48749348554E-02,3.894467343373E-02,
    4.412580688697E-02));
#1532 = CARTESIAN_POINT('',(6.339044446653E-02,3.720081533428E-02,
    4.394133056565E-02));
#1533 = CARTESIAN_POINT('',(6.486029665592E-02,3.896904503046E-02,
    4.417094280356E-02));
#1534 = CARTESIAN_POINT('',(6.337643397478E-02,3.722467462544E-02,
    4.39866953776E-02));
#1535 = CARTESIAN_POINT('',(6.484564999132E-02,3.899340714546E-02,
    4.42160811923E-02));
#1536 = CARTESIAN_POINT('',(6.265044906024E-02,3.84597880323E-02,
    4.633613649137E-02));
#1537 = CARTESIAN_POINT('',(6.408670401501E-02,4.025456007372E-02,
    4.655379880038E-02));
#1538 = CARTESIAN_POINT('',(6.190268521082E-02,3.96693716858E-02,
    4.869222081585E-02));
#1539 = CARTESIAN_POINT('',(6.330519319701E-02,4.149024963053E-02,
    4.889829478706E-02));
#1540 = CARTESIAN_POINT('',(6.115102231307E-02,4.082632856648E-02,
    5.101212761587E-02));
#1541 = CARTESIAN_POINT('',(6.251965559175E-02,4.267285874053E-02,
    5.120534586232E-02));
#1542 = CARTESIAN_POINT('',(6.038453799787E-02,4.195495302816E-02,
    5.334086223761E-02));
#1543 = CARTESIAN_POINT('',(6.171844344083E-02,4.382668025989E-02,
    5.352346182589E-02));
#1544 = CARTESIAN_POINT('',(5.960557158636E-02,4.304842084484E-02,
    5.568268714586E-02));
#1545 = CARTESIAN_POINT('',(6.090406933296E-02,4.494593613925E-02,
    5.58522849576E-02));
#1546 = CARTESIAN_POINT('',(5.881757339136E-02,4.41096069836E-02,
    5.803590456566E-02));
#1547 = CARTESIAN_POINT('',(6.007984433887E-02,4.603212593886E-02,
    5.819410721218E-02));
#1548 = CARTESIAN_POINT('',(5.800631472984E-02,4.51569255474E-02,
    6.045165032542E-02));
#1549 = CARTESIAN_POINT('',(5.923096160977E-02,4.710498997465E-02,
    6.059792786344E-02));
#1550 = CARTESIAN_POINT('',(5.719060662912E-02,4.616801181796E-02,
    6.288097579828E-02));
#1551 = CARTESIAN_POINT('',(5.837700014915E-02,4.814116161872E-02,
    6.301570199473E-02));
#1552 = CARTESIAN_POINT('',(5.7173967091E-02,4.618861950703E-02,
    6.293053153837E-02));
#1553 = CARTESIAN_POINT('',(5.835958011047E-02,4.81622807782E-02,
    6.306502228229E-02));
#1554 = CARTESIAN_POINT('',(5.715732574354E-02,4.620921211402E-02,
    6.298009293425E-02));
#1555 = CARTESIAN_POINT('',(5.834215800351E-02,4.818338467316E-02,
    6.311434838251E-02));
#1556 = CARTESIAN_POINT('',(5.714068260754E-02,4.622978963498E-02,
    6.302965998888E-02));
#1557 = CARTESIAN_POINT('',(5.832473385053E-02,4.820447330441E-02,
    6.316368029939E-02));
#1558 = CARTESIAN_POINT('',(5.712403770377E-02,4.625035206613E-02,
    6.307923270511E-02));
#1559 = CARTESIAN_POINT('',(5.830730767383E-02,4.82255466732E-02,
    6.321301803701E-02));
#1560 = CARTESIAN_POINT('',(5.61830216663E-02,4.74118694554E-02,
    6.588184157502E-02));
#1561 = CARTESIAN_POINT('',(5.732211279377E-02,4.941593731937E-02,
    6.60023529182E-02));
#1562 = CARTESIAN_POINT('',(5.523648910581E-02,4.852514507103E-02,
    6.870255904322E-02));
#1563 = CARTESIAN_POINT('',(5.633059350401E-02,5.055756926853E-02,
    6.881031540036E-02));
#1564 = CARTESIAN_POINT('',(5.430492138848E-02,4.957160074029E-02,
    7.14912945861E-02));
#1565 = CARTESIAN_POINT('',(5.535417684901E-02,5.163123274465E-02,
    7.158681680366E-02));
#1566 = CARTESIAN_POINT('',(5.337475532025E-02,5.057223476776E-02,
    7.429724223077E-02));
#1567 = CARTESIAN_POINT('',(5.437863688443E-02,5.265819858812E-02,
    7.438165820566E-02));
#1568 = CARTESIAN_POINT('',(5.244836790474E-02,5.152734143084E-02,
    7.712034248693E-02));
#1569 = CARTESIAN_POINT('',(5.340653203241E-02,5.363882356768E-02,
    7.719394257312E-02));
#1570 = CARTESIAN_POINT('',(5.152784963605E-02,5.243932355475E-02,
    7.995928920105E-02));
#1571 = CARTESIAN_POINT('',(5.244007180898E-02,5.457521216858E-02,
    8.002316549829E-02));
#1572 = CARTESIAN_POINT('',(5.060237507875E-02,5.33213184408E-02,
    8.285190835083E-02));
#1573 = CARTESIAN_POINT('',(5.146796496939E-02,5.548089432344E-02,
    8.290667162394E-02));
#1574 = CARTESIAN_POINT('',(4.968568768974E-02,5.4162559599E-02,
    8.575909445107E-02));
#1575 = CARTESIAN_POINT('',(5.050468794169E-02,5.63446664213E-02,
    8.58056111414E-02));
#1576 = CARTESIAN_POINT('',(4.967349479867E-02,5.417374319948E-02,
    8.57977705515E-02));
#1577 = CARTESIAN_POINT('',(5.04918752889E-02,5.635614954045E-02,
    8.584417769307E-02));
#1578 = CARTESIAN_POINT('',(4.966130346836E-02,5.418491959725E-02,
    8.583644922528E-02));
#1579 = CARTESIAN_POINT('',(5.047906420507E-02,5.636762525267E-02,
    8.588274697146E-02));
#1580 = CARTESIAN_POINT('',(4.964911370167E-02,5.419608879694E-02,
    8.587513047019E-02));
#1581 = CARTESIAN_POINT('',(5.046625469341E-02,5.637909356276E-02,
    8.59213189744E-02));
#1582 = CARTESIAN_POINT('',(4.963692550144E-02,5.420725080314E-02,
    8.5913814284E-02));
#1583 = CARTESIAN_POINT('',(5.045344675708E-02,5.639055447557E-02,
    8.595989369968E-02));
#1584 = CARTESIAN_POINT('',(4.850270225479E-02,5.524544201668E-02,
    8.951439859306E-02));
#1585 = CARTESIAN_POINT('',(4.926154484061E-02,5.745654631066E-02,
    8.955033930409E-02));
#1586 = CARTESIAN_POINT('',(4.73820972019E-02,5.622140173775E-02,
    9.313719655528E-02));
#1587 = CARTESIAN_POINT('',(4.808334370631E-02,5.845854527617E-02,
    9.316432865263E-02));
#1588 = CARTESIAN_POINT('',(4.628906630308E-02,5.712958522718E-02,
    9.674106158929E-02));
#1589 = CARTESIAN_POINT('',(4.693364271196E-02,5.939070097564E-02,
    9.676071092347E-02));
#1590 = CARTESIAN_POINT('',(4.521296715175E-02,5.798457152928E-02,
    0.100362957902));
#1591 = CARTESIAN_POINT('',(4.580136423728E-02,6.02678382486E-02,
    0.100376509585));
#1592 = CARTESIAN_POINT('',(4.415452179887E-02,5.87898429552E-02,
    0.104001358058));
#1593 = CARTESIAN_POINT('',(4.46873791472E-02,6.109352416686E-02,
    0.104009828051));
#1594 = CARTESIAN_POINT('',(4.311414581985E-02,5.954931124399E-02,
    0.107654492871));
#1595 = CARTESIAN_POINT('',(4.359219762569E-02,6.187166236464E-02,
    0.107659173146));
#1596 = CARTESIAN_POINT('',(4.209188702409E-02,6.026598307555E-02,
    0.111321150099));
#1597 = CARTESIAN_POINT('',(4.251595047946E-02,6.260539159112E-02,
    0.111322980147));
#1598 = CARTESIAN_POINT('',(4.108766679032E-02,6.094303600682E-02,0.115)
  );
#1599 = CARTESIAN_POINT('',(4.145860555778E-02,6.329793416573E-02,0.115)
  );
#1600 = DEFINITIONAL_REPRESENTATION('',(#1601),#1605);
#1601 = LINE('',#1602,#1603);
#1602 = CARTESIAN_POINT('',(0.,0.));
#1603 = VECTOR('',#1604,1.);
#1604 = DIRECTION('',(1.,0.));
#1605 = ( GEOMETRIC_REPRESENTATION_CONTEXT(2) 
PARAMETRIC_REPRESENTATION_CONTEXT() REPRESENTATION_CONTEXT('2D SPACE',''
  ) );
#1606 = ORIENTED_EDGE('',*,*,#1607,.F.);
#1607 = EDGE_CURVE('',#1180,#1410,#1608,.T.);
#1608 = SURFACE_CURVE('',#1609,(#1612),.PCURVE_S1.);
#1609 = B_SPLINE_CURVE_WITH_KNOTS('',1,(#1610,#1611),.UNSPECIFIED.,.F.,
  .F.,(2,2),(0.,1.),.PIECEWISE_BEZIER_KNOTS.);
#1610 = CARTESIAN_POINT('',(7.117487351668E-02,4.752033704535E-03,1.E-02
    ));
#1611 = CARTESIAN_POINT('',(7.326492541324E-02,5.873730006734E-03,1.E-02
    ));
#1612 = PCURVE('',#1231,#1613);
#1613 = DEFINITIONAL_REPRESENTATION('',(#1614),#1618);
#1614 = LINE('',#1615,#1616);
#1615 = CARTESIAN_POINT('',(0.,0.));
#1616 = VECTOR('',#1617,1.);
#1617 = DIRECTION('',(0.,1.));
#1618 = ( GEOMETRIC_REPRESENTATION_CONTEXT(2) 
PARAMETRIC_REPRESENTATION_CONTEXT() REPRESENTATION_CONTEXT('2D SPACE',''
  ) );
#1619 = ADVANCED_FACE('',(#1620),#1461,.T.);
#1620 = FACE_BOUND('',#1621,.T.);
#1621 = EDGE_LOOP('',(#1622,#1623,#1638,#1836));
#1622 = ORIENTED_EDGE('',*,*,#1409,.T.);
#1623 = ORIENTED_EDGE('',*,*,#1624,.T.);
#1624 = EDGE_CURVE('',#1395,#1625,#1627,.T.);
#1625 = VERTEX_POINT('',#1626);
#1626 = CARTESIAN_POINT('',(4.145860555778E-02,6.329793416573E-02,0.115)
  );
#1627 = SURFACE_CURVE('',#1628,(#1631),.PCURVE_S1.);
#1628 = B_SPLINE_CURVE_WITH_KNOTS('',1,(#1629,#1630),.UNSPECIFIED.,.F.,
  .F.,(2,2),(0.,1.),.PIECEWISE_BEZIER_KNOTS.);
#1629 = CARTESIAN_POINT('',(4.108766679032E-02,6.094303600682E-02,0.115)
  );
#1630 = CARTESIAN_POINT('',(4.145860555778E-02,6.329793416573E-02,0.115)
  );
#1631 = PCURVE('',#1461,#1632);
#1632 = DEFINITIONAL_REPRESENTATION('',(#1633),#1637);
#1633 = LINE('',#1634,#1635);
#1634 = CARTESIAN_POINT('',(1.,0.));
#1635 = VECTOR('',#1636,1.);
#1636 = DIRECTION('',(0.,1.));
#1637 = ( GEOMETRIC_REPRESENTATION_CONTEXT(2) 
PARAMETRIC_REPRESENTATION_CONTEXT() REPRESENTATION_CONTEXT('2D SPACE',''
  ) );
#1638 = ORIENTED_EDGE('',*,*,#1639,.F.);
#1639 = EDGE_CURVE('',#1640,#1625,#1642,.T.);
#1640 = VERTEX_POINT('',#1641);
#1641 = CARTESIAN_POINT('',(7.533733547051E-02,7.051973386767E-03,1.E-02
    ));
#1642 = SURFACE_CURVE('',#1643,(#1683,#1690),.PCURVE_S1.);
#1643 = B_SPLINE_CURVE_WITH_KNOTS('',8,(#1644,#1645,#1646,#1647,#1648,
    #1649,#1650,#1651,#1652,#1653,#1654,#1655,#1656,#1657,#1658,#1659,
    #1660,#1661,#1662,#1663,#1664,#1665,#1666,#1667,#1668,#1669,#1670,
    #1671,#1672,#1673,#1674,#1675,#1676,#1677,#1678,#1679,#1680,#1681,
    #1682),.UNSPECIFIED.,.F.,.F.,(9,6,6,6,6,6,9),(0.,9.770840657686E-02,
    0.243300853699,0.403370409769,0.571256184184,0.763967572058,1.),
  .UNSPECIFIED.);
#1644 = CARTESIAN_POINT('',(7.533733547051E-02,7.051973386767E-03,1.E-02
    ));
#1645 = CARTESIAN_POINT('',(7.523285927427E-02,8.211808413337E-03,
    8.83034526055E-03));
#1646 = CARTESIAN_POINT('',(7.506707396627E-02,9.561296530176E-03,
    8.142845283416E-03));
#1647 = CARTESIAN_POINT('',(7.492895311539E-02,1.097031479885E-02,
    6.96262755336E-03));
#1648 = CARTESIAN_POINT('',(7.455128749739E-02,1.319014926103E-02,
    7.481119804627E-03));
#1649 = CARTESIAN_POINT('',(7.430596416751E-02,1.441249980928E-02,
    8.096624087196E-03));
#1650 = CARTESIAN_POINT('',(7.400806954312E-02,1.584907897716E-02,
    8.955966764508E-03));
#1651 = CARTESIAN_POINT('',(7.330468213043E-02,1.888937211292E-02,
    1.146839810928E-02));
#1652 = CARTESIAN_POINT('',(7.260113436111E-02,2.141843789171E-02,
    1.455214604287E-02));
#1653 = CARTESIAN_POINT('',(7.218584624457E-02,2.276684084396E-02,
    1.646940886916E-02));
#1654 = CARTESIAN_POINT('',(7.175194225963E-02,2.412327646737E-02,
    1.843181225273E-02));
#1655 = CARTESIAN_POINT('',(7.132039402402E-02,2.53385618301E-02,
    2.043504816657E-02));
#1656 = CARTESIAN_POINT('',(7.086760939057E-02,2.657393211414E-02,
    2.244961299557E-02));
#1657 = CARTESIAN_POINT('',(6.988765026743E-02,2.907116201698E-02,
    2.670744253868E-02));
#1658 = CARTESIAN_POINT('',(6.880913472131E-02,3.153194496079E-02,
    3.096946672758E-02));
#1659 = CARTESIAN_POINT('',(6.820786764521E-02,3.28217902283E-02,
    3.318572604988E-02));
#1660 = CARTESIAN_POINT('',(6.758269466739E-02,3.410100556953E-02,
    3.541077203942E-02));
#1661 = CARTESIAN_POINT('',(6.692601603221E-02,3.536328346632E-02,
    3.762704590997E-02));
#1662 = CARTESIAN_POINT('',(6.624543441834E-02,3.661229900029E-02,
    3.984958342262E-02));
#1663 = CARTESIAN_POINT('',(6.480249985111E-02,3.912519210743E-02,
    4.440885176501E-02));
#1664 = CARTESIAN_POINT('',(6.327326802237E-02,4.154070277975E-02,
    4.899404342291E-02));
#1665 = CARTESIAN_POINT('',(6.247056293914E-02,4.274669117719E-02,
    5.13494636653E-02));
#1666 = CARTESIAN_POINT('',(6.16516735845E-02,4.39227017872E-02,
    5.371655574977E-02));
#1667 = CARTESIAN_POINT('',(6.081923074005E-02,4.506230773733E-02,
    5.609477730907E-02));
#1668 = CARTESIAN_POINT('',(5.997681211843E-02,4.616760669863E-02,
    5.848675128223E-02));
#1669 = CARTESIAN_POINT('',(5.815154458603E-02,4.846230510855E-02,
    6.365340137225E-02));
#1670 = CARTESIAN_POINT('',(5.630432985691E-02,5.058779931367E-02,
    6.888469364104E-02));
#1671 = CARTESIAN_POINT('',(5.53146831375E-02,5.167463235285E-02,
    7.169912580296E-02));
#1672 = CARTESIAN_POINT('',(5.432602862965E-02,5.271353022556E-02,
    7.453239934433E-02));
#1673 = CARTESIAN_POINT('',(5.334100834702E-02,5.370484368129E-02,
    7.738355151377E-02));
#1674 = CARTESIAN_POINT('',(5.236190792506E-02,5.465083847561E-02,
    8.025207456776E-02));
#1675 = CARTESIAN_POINT('',(5.020050583586E-02,5.665800867689E-02,
    8.667019012012E-02));
#1676 = CARTESIAN_POINT('',(4.808334370631E-02,5.845854527617E-02,
    9.316432865263E-02));
#1677 = CARTESIAN_POINT('',(4.693364271196E-02,5.939070097564E-02,
    9.676071092347E-02));
#1678 = CARTESIAN_POINT('',(4.580136423728E-02,6.02678382486E-02,
    0.100376509585));
#1679 = CARTESIAN_POINT('',(4.46873791472E-02,6.109352416686E-02,
    0.104009828051));
#1680 = CARTESIAN_POINT('',(4.359219762569E-02,6.187166236464E-02,
    0.107659173146));
#1681 = CARTESIAN_POINT('',(4.251595047946E-02,6.260539159112E-02,
    0.111322980147));
#1682 = CARTESIAN_POINT('',(4.145860555778E-02,6.329793416573E-02,0.115)
  );
#1683 = PCURVE('',#1461,#1684);
#1684 = DEFINITIONAL_REPRESENTATION('',(#1685),#1689);
#1685 = LINE('',#1686,#1687);
#1686 = CARTESIAN_POINT('',(0.,1.));
#1687 = VECTOR('',#1688,1.);
#1688 = DIRECTION('',(1.,0.));
#1689 = ( GEOMETRIC_REPRESENTATION_CONTEXT(2) 
PARAMETRIC_REPRESENTATION_CONTEXT() REPRESENTATION_CONTEXT('2D SPACE',''
  ) );
#1690 = PCURVE('',#1691,#1830);
#1691 = B_SPLINE_SURFACE_WITH_KNOTS('',8,1,(
    (#1692,#1693)
    ,(#1694,#1695)
    ,(#1696,#1697)
    ,(#1698,#1699)
    ,(#1700,#1701)
    ,(#1702,#1703)
    ,(#1704,#1705)
    ,(#1706,#1707)
    ,(#1708,#1709)
    ,(#1710,#1711)
    ,(#1712,#1713)
    ,(#1714,#1715)
    ,(#1716,#1717)
    ,(#1718,#1719)
    ,(#1720,#1721)
    ,(#1722,#1723)
    ,(#1724,#1725)
    ,(#1726,#1727)
    ,(#1728,#1729)
    ,(#1730,#1731)
    ,(#1732,#1733)
    ,(#1734,#1735)
    ,(#1736,#1737)
    ,(#1738,#1739)
    ,(#1740,#1741)
    ,(#1742,#1743)
    ,(#1744,#1745)
    ,(#1746,#1747)
    ,(#1748,#1749)
    ,(#1750,#1751)
    ,(#1752,#1753)
    ,(#1754,#1755)
    ,(#1756,#1757)
    ,(#1758,#1759)
    ,(#1760,#1761)
    ,(#1762,#1763)
    ,(#1764,#1765)
    ,(#1766,#1767)
    ,(#1768,#1769)
    ,(#1770,#1771)
    ,(#1772,#1773)
    ,(#1774,#1775)
    ,(#1776,#1777)
    ,(#1778,#1779)
    ,(#1780,#1781)
    ,(#1782,#1783)
    ,(#1784,#1785)
    ,(#1786,#1787)
    ,(#1788,#1789)
    ,(#1790,#1791)
    ,(#1792,#1793)
    ,(#1794,#1795)
    ,(#1796,#1797)
    ,(#1798,#1799)
    ,(#1800,#1801)
    ,(#1802,#1803)
    ,(#1804,#1805)
    ,(#1806,#1807)
    ,(#1808,#1809)
    ,(#1810,#1811)
    ,(#1812,#1813)
    ,(#1814,#1815)
    ,(#1816,#1817)
    ,(#1818,#1819)
    ,(#1820,#1821)
    ,(#1822,#1823)
    ,(#1824,#1825)
    ,(#1826,#1827)
    ,(#1828,#1829
  )),.UNSPECIFIED.,.F.,.F.,.F.,(9,6,6,6,6,6,6,6,6,6,6,9),(2,2),(0.,
    9.770840657686E-02,9.918105876577E-02,0.243300853699,0.245893434525,
    0.403370409769,0.406415653717,0.571256184184,0.574407416091,
    0.763967572058,0.766295656564,1.),(0.,1.),.UNSPECIFIED.);
#1692 = CARTESIAN_POINT('',(7.533733547051E-02,7.051973386767E-03,1.E-02
    ));
#1693 = CARTESIAN_POINT('',(7.739096781491E-02,8.286487702832E-03,1.E-02
    ));
#1694 = CARTESIAN_POINT('',(7.523285927427E-02,8.211808413337E-03,
    8.83034526055E-03));
#1695 = CARTESIAN_POINT('',(7.726141442415E-02,9.517809606254E-03,
    8.906700575034E-03));
#1696 = CARTESIAN_POINT('',(7.506707396627E-02,9.561296530176E-03,
    8.142845283416E-03));
#1697 = CARTESIAN_POINT('',(7.708287215974E-02,1.087289969943E-02,
    8.220791023017E-03));
#1698 = CARTESIAN_POINT('',(7.492895311539E-02,1.097031479885E-02,
    6.96262755336E-03));
#1699 = CARTESIAN_POINT('',(7.688465100092E-02,1.248309793122E-02,
    7.284421734065E-03));
#1700 = CARTESIAN_POINT('',(7.455128749739E-02,1.319014926103E-02,
    7.481119804627E-03));
#1701 = CARTESIAN_POINT('',(7.651497179433E-02,1.446509052435E-02,
    7.856181376386E-03));
#1702 = CARTESIAN_POINT('',(7.430596416751E-02,1.441249980928E-02,
    8.096624087196E-03));
#1703 = CARTESIAN_POINT('',(7.623979031892E-02,1.579928695375E-02,
    8.437335416748E-03));
#1704 = CARTESIAN_POINT('',(7.400806954312E-02,1.584907897716E-02,
    8.955966764508E-03));
#1705 = CARTESIAN_POINT('',(7.592798315164E-02,1.720103988617E-02,
    9.310360004202E-03));
#1706 = CARTESIAN_POINT('',(7.372133520885E-02,1.708844779802E-02,
    9.980153885362E-03));
#1707 = CARTESIAN_POINT('',(7.562193693487E-02,1.846082788382E-02,
    1.032363477931E-02));
#1708 = CARTESIAN_POINT('',(7.343457422704E-02,1.824286252726E-02,
    1.109928053003E-02));
#1709 = CARTESIAN_POINT('',(7.531692194933E-02,1.963130808227E-02,
    1.14319196368E-02));
#1710 = CARTESIAN_POINT('',(7.343031636588E-02,1.825998470399E-02,
    1.111591824964E-02));
#1711 = CARTESIAN_POINT('',(7.531239324595E-02,1.96486680758E-02,
    1.144839641613E-02));
#1712 = CARTESIAN_POINT('',(7.342605851049E-02,1.827708819017E-02,
    1.113257662681E-02));
#1713 = CARTESIAN_POINT('',(7.53078647033E-02,1.966600890222E-02,
    1.146489392297E-02));
#1714 = CARTESIAN_POINT('',(7.342180066622E-02,1.829417300771E-02,
    1.114925552647E-02));
#1715 = CARTESIAN_POINT('',(7.530333628355E-02,1.968333084702E-02,
    1.14814120586E-02));
#1716 = CARTESIAN_POINT('',(7.341754283812E-02,1.831123917999E-02,
    1.116595481464E-02));
#1717 = CARTESIAN_POINT('',(7.529880794558E-02,1.970063421331E-02,
    1.149795073215E-02));
#1718 = CARTESIAN_POINT('',(7.299659852536E-02,1.99966302188E-02,
    1.281891762164E-02));
#1719 = CARTESIAN_POINT('',(7.485112152108E-02,2.140951116767E-02,
    1.313505426672E-02));
#1720 = CARTESIAN_POINT('',(7.257590264708E-02,2.150028089854E-02,
    1.466857268853E-02));
#1721 = CARTESIAN_POINT('',(7.44033265976E-02,2.294328170308E-02,
    1.497137160214E-02));
#1722 = CARTESIAN_POINT('',(7.216390394787E-02,2.283529910195E-02,
    1.656869785403E-02));
#1723 = CARTESIAN_POINT('',(7.396524972924E-02,2.431441501992E-02,
    1.684850164776E-02));
#1724 = CARTESIAN_POINT('',(7.17344689943E-02,2.417245845593E-02,
    1.851286929283E-02));
#1725 = CARTESIAN_POINT('',(7.351009681865E-02,2.567070637853E-02,
    1.879322603795E-02));
#1726 = CARTESIAN_POINT('',(7.130665011609E-02,2.537603470166E-02,
    2.049618363255E-02));
#1727 = CARTESIAN_POINT('',(7.305567060053E-02,2.691496538934E-02,
    2.075581027166E-02));
#1728 = CARTESIAN_POINT('',(7.085816439206E-02,2.659799412869E-02,
    2.249064077666E-02));
#1729 = CARTESIAN_POINT('',(7.258197960757E-02,2.815757637466E-02,
    2.27454522871E-02));
#1730 = CARTESIAN_POINT('',(7.038757336694E-02,2.779653619676E-02,
    2.453433363445E-02));
#1731 = CARTESIAN_POINT('',(7.208485648276E-02,2.938551578709E-02,
    2.477969610069E-02));
#1732 = CARTESIAN_POINT('',(6.989427660903E-02,2.898668150197E-02,
    2.657899286767E-02));
#1733 = CARTESIAN_POINT('',(7.156544362625E-02,3.060084981605E-02,
    2.681649358442E-02));
#1734 = CARTESIAN_POINT('',(6.98855523427E-02,2.90077101995E-02,
    2.661512463962E-02));
#1735 = CARTESIAN_POINT('',(7.155625798771E-02,3.062232240728E-02,
    2.685248696114E-02));
#1736 = CARTESIAN_POINT('',(6.987682090733E-02,2.902873636835E-02,
    2.665125657313E-02));
#1737 = CARTESIAN_POINT('',(7.154706530764E-02,3.064379135022E-02,
    2.68884810645E-02));
#1738 = CARTESIAN_POINT('',(6.986808226579E-02,2.904976005285E-02,
    2.668738860227E-02));
#1739 = CARTESIAN_POINT('',(7.153786554365E-02,3.066525679853E-02,
    2.692447586111E-02));
#1740 = CARTESIAN_POINT('',(6.985933638239E-02,2.907078129583E-02,
    2.672352066375E-02));
#1741 = CARTESIAN_POINT('',(7.152865865196E-02,3.068671891279E-02,
    2.696047131899E-02));
#1742 = CARTESIAN_POINT('',(6.931890410033E-02,3.036851396507E-02,
    2.895436278229E-02));
#1743 = CARTESIAN_POINT('',(7.095976945581E-02,3.201162430419E-02,
    2.918292003932E-02));
#1744 = CARTESIAN_POINT('',(6.875060916809E-02,3.165724916956E-02,
    3.118487489323E-02));
#1745 = CARTESIAN_POINT('',(7.036335940543E-02,3.33251308922E-02,
    3.140766349693E-02));
#1746 = CARTESIAN_POINT('',(6.81571569679E-02,3.292534057434E-02,
    3.336589444856E-02));
#1747 = CARTESIAN_POINT('',(6.974081698916E-02,3.46199570266E-02,
    3.357769176841E-02));
#1748 = CARTESIAN_POINT('',(6.754011323237E-02,3.41827629239E-02,
    3.555436614808E-02));
#1749 = CARTESIAN_POINT('',(6.90944077411E-02,3.590029794589E-02,
    3.576107913782E-02));
#1750 = CARTESIAN_POINT('',(6.689292809889E-02,3.54239551192E-02,
    3.773504068157E-02));
#1751 = CARTESIAN_POINT('',(6.841727926596E-02,3.716795211385E-02,
    3.793121066328E-02));
#1752 = CARTESIAN_POINT('',(6.622261540319E-02,3.665202319411E-02,
    3.992166968705E-02));
#1753 = CARTESIAN_POINT('',(6.771615507361E-02,3.841962247714E-02,
    4.010965082165E-02));
#1754 = CARTESIAN_POINT('',(6.551601744203E-02,3.788161626633E-02,
    4.215336620239E-02));
#1755 = CARTESIAN_POINT('',(6.69776022718E-02,3.96743930671E-02,
    4.233212021885E-02));
#1756 = CARTESIAN_POINT('',(6.478874484181E-02,3.908787897261E-02,
    4.439127328782E-02));
#1757 = CARTESIAN_POINT('',(6.621761903816E-02,4.090544088424E-02,
    4.456054837375E-02));
#1758 = CARTESIAN_POINT('',(6.477494043358E-02,3.911075438256E-02,
    4.443373054492E-02));
#1759 = CARTESIAN_POINT('',(6.620319381299E-02,4.092878636239E-02,
    4.460282573647E-02));
#1760 = CARTESIAN_POINT('',(6.47611286176E-02,3.913362133662E-02,
    4.447619005401E-02));
#1761 = CARTESIAN_POINT('',(6.618876091584E-02,4.095212327246E-02,
    4.464510530109E-02));
#1762 = CARTESIAN_POINT('',(6.474730941047E-02,3.915647980594E-02,
    4.451865182381E-02));
#1763 = CARTESIAN_POINT('',(6.617432036756E-02,4.097545159981E-02,
    4.468738709855E-02));
#1764 = CARTESIAN_POINT('',(6.473348282889E-02,3.917932976224E-02,
    4.456111586327E-02));
#1765 = CARTESIAN_POINT('',(6.615987218934E-02,4.099877133018E-02,
    4.472967116148E-02));
#1766 = CARTESIAN_POINT('',(6.397081105509E-02,4.043858806857E-02,
    4.690230456621E-02));
#1767 = CARTESIAN_POINT('',(6.536291766997E-02,4.22839246441E-02,
    4.706093883055E-02));
#1768 = CARTESIAN_POINT('',(6.318582789574E-02,4.16718050637E-02,
    4.925044773312E-02));
#1769 = CARTESIAN_POINT('',(6.454290531128E-02,4.354286546874E-02,
    4.939930682445E-02));
#1770 = CARTESIAN_POINT('',(6.239625026977E-02,4.285322854028E-02,
    5.156418130867E-02));
#1771 = CARTESIAN_POINT('',(6.37181210687E-02,4.474977246351E-02,
    5.170236629364E-02));
#1772 = CARTESIAN_POINT('',(6.15912559465E-02,4.400531826822E-02,
    5.388913508952E-02));
#1773 = CARTESIAN_POINT('',(6.287723104537E-02,4.592639763224E-02,
    5.401801737361E-02));
#1774 = CARTESIAN_POINT('',(6.077338211677E-02,4.512241761773E-02,
    5.622495314124E-02));
#1775 = CARTESIAN_POINT('',(6.202270832869E-02,4.706879031885E-02,
    5.634331440882E-02));
#1776 = CARTESIAN_POINT('',(5.994598177534E-02,4.620635209908E-02,
    5.857402063857E-02));
#1777 = CARTESIAN_POINT('',(6.115797949651E-02,4.81770316043E-02,
    5.868267114146E-02));
#1778 = CARTESIAN_POINT('',(5.909555620928E-02,4.727471985631E-02,
    6.098126742872E-02));
#1779 = CARTESIAN_POINT('',(6.026890316428E-02,4.927009399482E-02,
    6.108011843923E-02));
#1780 = CARTESIAN_POINT('',(5.824036731597E-02,4.830636424473E-02,
    6.340254388541E-02));
#1781 = CARTESIAN_POINT('',(5.93745039044E-02,5.032590902911E-02,
    6.349192836871E-02));
#1782 = CARTESIAN_POINT('',(5.822432380732E-02,4.83257031655E-02,
    6.344796773844E-02));
#1783 = CARTESIAN_POINT('',(5.935772468199E-02,5.034570116662E-02,
    6.353717476727E-02));
#1784 = CARTESIAN_POINT('',(5.820827865593E-02,4.834502915789E-02,
    6.349339653027E-02));
#1785 = CARTESIAN_POINT('',(5.934094362214E-02,5.036548019549E-02,
    6.358242622978E-02));
#1786 = CARTESIAN_POINT('',(5.819223187843E-02,4.836434221887E-02,
    6.353883026197E-02));
#1787 = CARTESIAN_POINT('',(5.932416074264E-02,5.038524611483E-02,
    6.362768276167E-02));
#1788 = CARTESIAN_POINT('',(5.817618349141E-02,4.838364234554E-02,
    6.358426893458E-02));
#1789 = CARTESIAN_POINT('',(5.930737606129E-02,5.040499892394E-02,
    6.367294436861E-02));
#1790 = CARTESIAN_POINT('',(5.719465816935E-02,4.956313696365E-02,
    6.636334146669E-02));
#1791 = CARTESIAN_POINT('',(5.828081148546E-02,5.161216640191E-02,
    6.644119707594E-02));
#1792 = CARTESIAN_POINT('',(5.620723737705E-02,5.069423896587E-02,
    6.916090003572E-02));
#1793 = CARTESIAN_POINT('',(5.724764141034E-02,5.277030074781E-02,
    6.922847536369E-02));
#1794 = CARTESIAN_POINT('',(5.523386016996E-02,5.175944591772E-02,
    7.193082315522E-02));
#1795 = CARTESIAN_POINT('',(5.622867921935E-02,5.386143432108E-02,
    7.198867985425E-02));
#1796 = CARTESIAN_POINT('',(5.42616096371E-02,5.277829769042E-02,
    7.471891626033E-02));
#1797 = CARTESIAN_POINT('',(5.521042370941E-02,5.490520310314E-02,
    7.476802858539E-02));
#1798 = CARTESIAN_POINT('',(5.329298346226E-02,5.375121549005E-02,
    7.752428352355E-02));
#1799 = CARTESIAN_POINT('',(5.419549918539E-02,5.590225238127E-02,
    7.756515550969E-02));
#1800 = CARTESIAN_POINT('',(5.233013805854E-02,5.468033238595E-02,
    8.03464239212E-02));
#1801 = CARTESIAN_POINT('',(5.318621336206E-02,5.68543382842E-02,
    8.038001201819E-02));
#1802 = CARTESIAN_POINT('',(5.136292819064E-02,5.557798015532E-02,
    8.321916068159E-02));
#1803 = CARTESIAN_POINT('',(5.217197757849E-02,5.777418416666E-02,
    8.324618170805E-02));
#1804 = CARTESIAN_POINT('',(5.040457999545E-02,5.643423730489E-02,
    8.610712554736E-02));
#1805 = CARTESIAN_POINT('',(5.116670235201E-02,5.865148580726E-02,
    8.612844040811E-02));
#1806 = CARTESIAN_POINT('',(5.039295414058E-02,5.644461975747E-02,
    8.614216602733E-02));
#1807 = CARTESIAN_POINT('',(5.115450716963E-02,5.866212341245E-02,
    8.616341178493E-02));
#1808 = CARTESIAN_POINT('',(5.038132959479E-02,5.645499612427E-02,
    8.617720874536E-02));
#1809 = CARTESIAN_POINT('',(5.114231331136E-02,5.867275476221E-02,
    8.619838552692E-02));
#1810 = CARTESIAN_POINT('',(5.03697063604E-02,5.646536640869E-02,
    8.62122536997E-02));
#1811 = CARTESIAN_POINT('',(5.113012077976E-02,5.868337986004E-02,
    8.623336163253E-02));
#1812 = CARTESIAN_POINT('',(5.035808443972E-02,5.647573061416E-02,
    8.624730088861E-02));
#1813 = CARTESIAN_POINT('',(5.111792957738E-02,5.869399870944E-02,
    8.626834010025E-02));
#1814 = CARTESIAN_POINT('',(4.917993152984E-02,5.752588775067E-02,
    8.980078019228E-02));
#1815 = CARTESIAN_POINT('',(4.988206174283E-02,5.976995570341E-02,
    8.981486507155E-02));
#1816 = CARTESIAN_POINT('',(4.801532931704E-02,5.851363045675E-02,
    9.337719249827E-02));
#1817 = CARTESIAN_POINT('',(4.865990905207E-02,6.078175826957E-02,
    9.338563868337E-02));
#1818 = CARTESIAN_POINT('',(4.687781988224E-02,5.943390877847E-02,
    9.693904846898E-02));
#1819 = CARTESIAN_POINT('',(4.746578495486E-02,6.172412381749E-02,
    9.694315312068E-02));
#1820 = CARTESIAN_POINT('',(4.575742444907E-02,6.030038681955E-02,
    0.100519866566));
#1821 = CARTESIAN_POINT('',(4.628932361061E-02,6.261089318906E-02,
    0.100520960045));
#1822 = CARTESIAN_POINT('',(4.46549780017E-02,6.111653649593E-02,
    0.104117817227));
#1823 = CARTESIAN_POINT('',(4.513148403143E-02,6.344567994417E-02,
    0.104116980033));
#1824 = CARTESIAN_POINT('',(4.357096853185E-02,6.188613250145E-02,
    0.107731449689));
#1825 = CARTESIAN_POINT('',(4.399285965004E-02,6.423219709459E-02,
    0.107729901132));
#1826 = CARTESIAN_POINT('',(4.250552145346E-02,6.261222242217E-02,
    0.1113592481));
#1827 = CARTESIAN_POINT('',(4.287363934113E-02,6.497366571669E-02,
    0.111357973244));
#1828 = CARTESIAN_POINT('',(4.145860555778E-02,6.329793416573E-02,0.115)
  );
#1829 = CARTESIAN_POINT('',(4.177384222342E-02,6.567323567231E-02,0.115)
  );
#1830 = DEFINITIONAL_REPRESENTATION('',(#1831),#1835);
#1831 = LINE('',#1832,#1833);
#1832 = CARTESIAN_POINT('',(0.,0.));
#1833 = VECTOR('',#1834,1.);
#1834 = DIRECTION('',(1.,0.));
#1835 = ( GEOMETRIC_REPRESENTATION_CONTEXT(2) 
PARAMETRIC_REPRESENTATION_CONTEXT() REPRESENTATION_CONTEXT('2D SPACE',''
  ) );
#1836 = ORIENTED_EDGE('',*,*,#1837,.F.);
#1837 = EDGE_CURVE('',#1410,#1640,#1838,.T.);
#1838 = SURFACE_CURVE('',#1839,(#1842),.PCURVE_S1.);
#1839 = B_SPLINE_CURVE_WITH_KNOTS('',1,(#1840,#1841),.UNSPECIFIED.,.F.,
  .F.,(2,2),(0.,1.),.PIECEWISE_BEZIER_KNOTS.);
#1840 = CARTESIAN_POINT('',(7.326492541324E-02,5.873730006734E-03,1.E-02
    ));
#1841 = CARTESIAN_POINT('',(7.533733547051E-02,7.051973386767E-03,1.E-02
    ));
#1842 = PCURVE('',#1461,#1843);
#1843 = DEFINITIONAL_REPRESENTATION('',(#1844),#1848);
#1844 = LINE('',#1845,#1846);
#1845 = CARTESIAN_POINT('',(0.,0.));
#1846 = VECTOR('',#1847,1.);
#1847 = DIRECTION('',(0.,1.));
#1848 = ( GEOMETRIC_REPRESENTATION_CONTEXT(2) 
PARAMETRIC_REPRESENTATION_CONTEXT() REPRESENTATION_CONTEXT('2D SPACE',''
  ) );
#1849 = ADVANCED_FACE('',(#1850),#1691,.T.);
#1850 = FACE_BOUND('',#1851,.T.);
#1851 = EDGE_LOOP('',(#1852,#1853,#1868,#2066));
#1852 = ORIENTED_EDGE('',*,*,#1639,.T.);
#1853 = ORIENTED_EDGE('',*,*,#1854,.T.);
#1854 = EDGE_CURVE('',#1625,#1855,#1857,.T.);
#1855 = VERTEX_POINT('',#1856);
#1856 = CARTESIAN_POINT('',(4.177384222342E-02,6.567323567231E-02,0.115)
  );
#1857 = SURFACE_CURVE('',#1858,(#1861),.PCURVE_S1.);
#1858 = B_SPLINE_CURVE_WITH_KNOTS('',1,(#1859,#1860),.UNSPECIFIED.,.F.,
  .F.,(2,2),(0.,1.),.PIECEWISE_BEZIER_KNOTS.);
#1859 = CARTESIAN_POINT('',(4.145860555778E-02,6.329793416573E-02,0.115)
  );
#1860 = CARTESIAN_POINT('',(4.177384222342E-02,6.567323567231E-02,0.115)
  );
#1861 = PCURVE('',#1691,#1862);
#1862 = DEFINITIONAL_REPRESENTATION('',(#1863),#1867);
#1863 = LINE('',#1864,#1865);
#1864 = CARTESIAN_POINT('',(1.,0.));
#1865 = VECTOR('',#1866,1.);
#1866 = DIRECTION('',(0.,1.));
#1867 = ( GEOMETRIC_REPRESENTATION_CONTEXT(2) 
PARAMETRIC_REPRESENTATION_CONTEXT() REPRESENTATION_CONTEXT('2D SPACE',''
  ) );
#1868 = ORIENTED_EDGE('',*,*,#1869,.F.);
#1869 = EDGE_CURVE('',#1870,#1855,#1872,.T.);
#1870 = VERTEX_POINT('',#1871);
#1871 = CARTESIAN_POINT('',(7.739096781491E-02,8.286487702832E-03,1.E-02
    ));
#1872 = SURFACE_CURVE('',#1873,(#1913,#1920),.PCURVE_S1.);
#1873 = B_SPLINE_CURVE_WITH_KNOTS('',8,(#1874,#1875,#1876,#1877,#1878,
    #1879,#1880,#1881,#1882,#1883,#1884,#1885,#1886,#1887,#1888,#1889,
    #1890,#1891,#1892,#1893,#1894,#1895,#1896,#1897,#1898,#1899,#1900,
    #1901,#1902,#1903,#1904,#1905,#1906,#1907,#1908,#1909,#1910,#1911,
    #1912),.UNSPECIFIED.,.F.,.F.,(9,6,6,6,6,6,9),(0.,9.918105876577E-02,
    0.245893434525,0.406415653717,0.574407416091,0.766295656564,1.),
  .UNSPECIFIED.);
#1874 = CARTESIAN_POINT('',(7.739096781491E-02,8.286487702832E-03,1.E-02
    ));
#1875 = CARTESIAN_POINT('',(7.725946180726E-02,9.536367977635E-03,
    8.890222465855E-03));
#1876 = CARTESIAN_POINT('',(7.707747908587E-02,1.09137754034E-02,
    8.200207634322E-03));
#1877 = CARTESIAN_POINT('',(7.687567497669E-02,1.255607851636E-02,
    7.241910179145E-03));
#1878 = CARTESIAN_POINT('',(7.649244892831E-02,1.458508851399E-02,
    7.892731163178E-03));
#1879 = CARTESIAN_POINT('',(7.621927664578E-02,1.589832463597E-02,
    8.481100102554E-03));
#1880 = CARTESIAN_POINT('',(7.589965188696E-02,1.732808297491E-02,
    9.390324161162E-03));
#1881 = CARTESIAN_POINT('',(7.51436700346E-02,2.04127066776E-02,
    1.192945649005E-02));
#1882 = CARTESIAN_POINT('',(7.438737869563E-02,2.299785022152E-02,
    1.503683378371E-02));
#1883 = CARTESIAN_POINT('',(7.394161301328E-02,2.438826856453E-02,
    1.694986197253E-02));
#1884 = CARTESIAN_POINT('',(7.347731203473E-02,2.576827432356E-02,
    1.893329260707E-02));
#1885 = CARTESIAN_POINT('',(7.301480048838E-02,2.702651236797E-02,
    2.093239044989E-02));
#1886 = CARTESIAN_POINT('',(7.253075614906E-02,2.829170204067E-02,
    2.2960335629E-02));
#1887 = CARTESIAN_POINT('',(7.148640017018E-02,3.085439996246E-02,
    2.722209768304E-02));
#1888 = CARTESIAN_POINT('',(7.03406566337E-02,3.337510438992E-02,
    3.149231361016E-02));
#1889 = CARTESIAN_POINT('',(6.970466113724E-02,3.469507694869E-02,
    3.370356078591E-02));
#1890 = CARTESIAN_POINT('',(6.904435424323E-02,3.599930038871E-02,
    3.59299968854E-02));
#1891 = CARTESIAN_POINT('',(6.835169331597E-02,3.729047245366E-02,
    3.814098598904E-02));
#1892 = CARTESIAN_POINT('',(6.763467266377E-02,3.856475895756E-02,
    4.036245690142E-02));
#1893 = CARTESIAN_POINT('',(6.611753689566E-02,4.112762121557E-02,
    4.491118110133E-02));
#1894 = CARTESIAN_POINT('',(6.451211376815E-02,4.359011711099E-02,
    4.948709210402E-02));
#1895 = CARTESIAN_POINT('',(6.367079771458E-02,4.481895720891E-02,
    5.183445582304E-02));
#1896 = CARTESIAN_POINT('',(6.281289515079E-02,4.601630467614E-02,
    5.419511696683E-02));
#1897 = CARTESIAN_POINT('',(6.194097976105E-02,4.717785969245E-02,
    5.6565611237E-02));
#1898 = CARTESIAN_POINT('',(6.105873867431E-02,4.830396091538E-02,
    5.895107565435E-02));
#1899 = CARTESIAN_POINT('',(5.915222614399E-02,5.063661716102E-02,
    6.409027429168E-02));
#1900 = CARTESIAN_POINT('',(5.72226776533E-02,5.279827569139E-02,
    6.929582257147E-02));
#1901 = CARTESIAN_POINT('',(5.619113483467E-02,5.390161486717E-02,
    7.209038664531E-02));
#1902 = CARTESIAN_POINT('',(5.516040152276E-02,5.495643645974E-02,
    7.490458428675E-02));
#1903 = CARTESIAN_POINT('',(5.413318024168E-02,5.596340826534E-02,
    7.773694697858E-02));
#1904 = CARTESIAN_POINT('',(5.311185289582E-02,5.692439492041E-02,
    8.058747622107E-02));
#1905 = CARTESIAN_POINT('',(5.086358558129E-02,5.895736628965E-02,
    8.694713876511E-02));
#1906 = CARTESIAN_POINT('',(4.865990905207E-02,6.078175826957E-02,
    9.338563868337E-02));
#1907 = CARTESIAN_POINT('',(4.746578495486E-02,6.172412381749E-02,
    9.694315312068E-02));
#1908 = CARTESIAN_POINT('',(4.628932361061E-02,6.261089318906E-02,
    0.100520960045));
#1909 = CARTESIAN_POINT('',(4.513148403143E-02,6.344567994417E-02,
    0.104116980033));
#1910 = CARTESIAN_POINT('',(4.399285965004E-02,6.423219709459E-02,
    0.107729901132));
#1911 = CARTESIAN_POINT('',(4.287363934113E-02,6.497366571669E-02,
    0.111357973244));
#1912 = CARTESIAN_POINT('',(4.177384222342E-02,6.567323567231E-02,0.115)
  );
#1913 = PCURVE('',#1691,#1914);
#1914 = DEFINITIONAL_REPRESENTATION('',(#1915),#1919);
#1915 = LINE('',#1916,#1917);
#1916 = CARTESIAN_POINT('',(0.,1.));
#1917 = VECTOR('',#1918,1.);
#1918 = DIRECTION('',(1.,0.));
#1919 = ( GEOMETRIC_REPRESENTATION_CONTEXT(2) 
PARAMETRIC_REPRESENTATION_CONTEXT() REPRESENTATION_CONTEXT('2D SPACE',''
  ) );
#1920 = PCURVE('',#1921,#2060);
#1921 = B_SPLINE_SURFACE_WITH_KNOTS('',8,1,(
    (#1922,#1923)
    ,(#1924,#1925)
    ,(#1926,#1927)
    ,(#1928,#1929)
    ,(#1930,#1931)
    ,(#1932,#1933)
    ,(#1934,#1935)
    ,(#1936,#1937)
    ,(#1938,#1939)
    ,(#1940,#1941)
    ,(#1942,#1943)
    ,(#1944,#1945)
    ,(#1946,#1947)
    ,(#1948,#1949)
    ,(#1950,#1951)
    ,(#1952,#1953)
    ,(#1954,#1955)
    ,(#1956,#1957)
    ,(#1958,#1959)
    ,(#1960,#1961)
    ,(#1962,#1963)
    ,(#1964,#1965)
    ,(#1966,#1967)
    ,(#1968,#1969)
    ,(#1970,#1971)
    ,(#1972,#1973)
    ,(#1974,#1975)
    ,(#1976,#1977)
    ,(#1978,#1979)
    ,(#1980,#1981)
    ,(#1982,#1983)
    ,(#1984,#1985)
    ,(#1986,#1987)
    ,(#1988,#1989)
    ,(#1990,#1991)
    ,(#1992,#1993)
    ,(#1994,#1995)
    ,(#1996,#1997)
    ,(#1998,#1999)
    ,(#2000,#2001)
    ,(#2002,#2003)
    ,(#2004,#2005)
    ,(#2006,#2007)
    ,(#2008,#2009)
    ,(#2010,#2011)
    ,(#2012,#2013)
    ,(#2014,#2015)
    ,(#2016,#2017)
    ,(#2018,#2019)
    ,(#2020,#2021)
    ,(#2022,#2023)
    ,(#2024,#2025)
    ,(#2026,#2027)
    ,(#2028,#2029)
    ,(#2030,#2031)
    ,(#2032,#2033)
    ,(#2034,#2035)
    ,(#2036,#2037)
    ,(#2038,#2039)
    ,(#2040,#2041)
    ,(#2042,#2043)
    ,(#2044,#2045)
    ,(#2046,#2047)
    ,(#2048,#2049)
    ,(#2050,#2051)
    ,(#2052,#2053)
    ,(#2054,#2055)
    ,(#2056,#2057)
    ,(#2058,#2059
  )),.UNSPECIFIED.,.F.,.F.,.F.,(9,6,6,6,6,6,6,6,6,6,6,9),(2,2),(0.,
    9.918105876577E-02,0.100749240853,0.245893434525,0.248546323291,
    0.406415653717,0.409486217774,0.574407416091,0.577552923491,
    0.766295656564,0.768605746524,1.),(0.,1.),.UNSPECIFIED.);
#1922 = CARTESIAN_POINT('',(7.739096781491E-02,8.286487702832E-03,1.E-02
    ));
#1923 = CARTESIAN_POINT('',(7.942469086831E-02,9.576976583114E-03,1.E-02
    ));
#1924 = CARTESIAN_POINT('',(7.725946180726E-02,9.536367977635E-03,
    8.890222465855E-03));
#1925 = CARTESIAN_POINT('',(7.926733683003E-02,1.089086716366E-02,
    8.970295836777E-03));
#1926 = CARTESIAN_POINT('',(7.707747908587E-02,1.09137754034E-02,
    8.200207634322E-03));
#1927 = CARTESIAN_POINT('',(7.906634793019E-02,1.230448425039E-02,
    8.296726229893E-03));
#1928 = CARTESIAN_POINT('',(7.687567497669E-02,1.255607851636E-02,
    7.241910179145E-03));
#1929 = CARTESIAN_POINT('',(7.881101845999E-02,1.406787527743E-02,
    7.596599298359E-03));
#1930 = CARTESIAN_POINT('',(7.649244892831E-02,1.458508851399E-02,
    7.892731163178E-03));
#1931 = CARTESIAN_POINT('',(7.843511004001E-02,1.591782186085E-02,
    8.232694554486E-03));
#1932 = CARTESIAN_POINT('',(7.621927664578E-02,1.589832463597E-02,
    8.481100102554E-03));
#1933 = CARTESIAN_POINT('',(7.813063220837E-02,1.73209825464E-02,
    8.82924627698E-03));
#1934 = CARTESIAN_POINT('',(7.589965188696E-02,1.732808297491E-02,
    9.390324161162E-03));
#1935 = CARTESIAN_POINT('',(7.779727997644E-02,1.872377358112E-02,
    9.735748787394E-03));
#1936 = CARTESIAN_POINT('',(7.558990552113E-02,1.859193736356E-02,
    1.043067586903E-02));
#1937 = CARTESIAN_POINT('',(7.746769252571E-02,2.000670796876E-02,
    1.076834385128E-02));
#1938 = CARTESIAN_POINT('',(7.528010719981E-02,1.977194081137E-02,
    1.156642250717E-02));
#1939 = CARTESIAN_POINT('',(7.713907181126E-02,2.120291286747E-02,
    1.189377677945E-02));
#1940 = CARTESIAN_POINT('',(7.52752851212E-02,1.979028751756E-02,
    1.158412356765E-02));
#1941 = CARTESIAN_POINT('',(7.713395696687E-02,2.122151124405E-02,
    1.191131678119E-02));
#1942 = CARTESIAN_POINT('',(7.527046304326E-02,1.980861397326E-02,
    1.160184739206E-02));
#1943 = CARTESIAN_POINT('',(7.712884229092E-02,2.124008906133E-02,
    1.1928879128E-02));
#1944 = CARTESIAN_POINT('',(7.526564097205E-02,1.982692021295E-02,
    1.161959380942E-02));
#1945 = CARTESIAN_POINT('',(7.712372774606E-02,2.125864656496E-02,
    1.194646376383E-02));
#1946 = CARTESIAN_POINT('',(7.526081891326E-02,1.984520627252E-02,
    1.163736265073E-02));
#1947 = CARTESIAN_POINT('',(7.711861329171E-02,2.127718401438E-02,
    1.196407064538E-02));
#1948 = CARTESIAN_POINT('',(7.480968948048E-02,2.155408692912E-02,
    1.330182132634E-02));
#1949 = CARTESIAN_POINT('',(7.664013127515E-02,2.300961755673E-02,
    1.361337323334E-02));
#1950 = CARTESIAN_POINT('',(7.435875916524E-02,2.308700128702E-02,
    1.515964118998E-02));
#1951 = CARTESIAN_POINT('',(7.616163903114E-02,2.457145631346E-02,
    1.545699023841E-02));
#1952 = CARTESIAN_POINT('',(7.391680062835E-02,2.446188416587E-02,
    1.705588269029E-02));
#1953 = CARTESIAN_POINT('',(7.569236068044E-02,2.598262775763E-02,
    1.73349021211E-02));
#1954 = CARTESIAN_POINT('',(7.34575224977E-02,2.582207517046E-02,
    1.901878425948E-02));
#1955 = CARTESIAN_POINT('',(7.520719883844E-02,2.736178739875E-02,
    1.929186982944E-02));
#1956 = CARTESIAN_POINT('',(7.299927386493E-02,2.706706835635E-02,
    2.099742191524E-02));
#1957 = CARTESIAN_POINT('',(7.472106598577E-02,2.864637233185E-02,
    2.125606859589E-02));
#1958 = CARTESIAN_POINT('',(7.252009233623E-02,2.831786191315E-02,
    2.300384148971E-02));
#1959 = CARTESIAN_POINT('',(7.421604353687E-02,2.991847474149E-02,
    2.325458402958E-02));
#1960 = CARTESIAN_POINT('',(7.201744955332E-02,2.955056032351E-02,
    2.505400896904E-02));
#1961 = CARTESIAN_POINT('',(7.368600099619E-02,3.117993434076E-02,
    2.529633461912E-02));
#1962 = CARTESIAN_POINT('',(7.149134416963E-02,3.077354080975E-02,
    2.710613280135E-02));
#1963 = CARTESIAN_POINT('',(7.313293893705E-02,3.242794586989E-02,
    2.734079217886E-02));
#1964 = CARTESIAN_POINT('',(7.148189322003E-02,3.079548967383E-02,
    2.714296799836E-02));
#1965 = CARTESIAN_POINT('',(7.312300427334E-02,3.245034288662E-02,
    2.737749008735E-02));
#1966 = CARTESIAN_POINT('',(7.147243462528E-02,3.081743553474E-02,
    2.717980363008E-02));
#1967 = CARTESIAN_POINT('',(7.311306211019E-02,3.247273582326E-02,
    2.741418882208E-02));
#1968 = CARTESIAN_POINT('',(7.146296834493E-02,3.083937845276E-02,
    2.721663960495E-02));
#1969 = CARTESIAN_POINT('',(7.310311240441E-02,3.249512481333E-02,
    2.745088836424E-02));
#1970 = CARTESIAN_POINT('',(7.145349434015E-02,3.086131848582E-02,
    2.725347583537E-02));
#1971 = CARTESIAN_POINT('',(7.309315511155E-02,3.251750999554E-02,
    2.748758869799E-02));
#1972 = CARTESIAN_POINT('',(7.087976723148E-02,3.21887049458E-02,
    2.948238988017E-02));
#1973 = CARTESIAN_POINT('',(7.249019278303E-02,3.387178126264E-02,
    2.970831658035E-02));
#1974 = CARTESIAN_POINT('',(7.027749121046E-02,3.350592816546E-02,
    3.171163970719E-02));
#1975 = CARTESIAN_POINT('',(7.185911179321E-02,3.521318845236E-02,
    3.193186212223E-02));
#1976 = CARTESIAN_POINT('',(6.965000994089E-02,3.480281311534E-02,
    3.388749700385E-02));
#1977 = CARTESIAN_POINT('',(7.120167215093E-02,3.65366465712E-02,
    3.409790415379E-02));
#1978 = CARTESIAN_POINT('',(6.899852496517E-02,3.60846274348E-02,
    3.607617455034E-02));
#1979 = CARTESIAN_POINT('',(7.052022247404E-02,3.784095367911E-02,
    3.628019457406E-02));
#1980 = CARTESIAN_POINT('',(6.83161236491E-02,3.73536333488E-02,
    3.825112715572E-02));
#1981 = CARTESIAN_POINT('',(6.980703047887E-02,3.913582294613E-02,
    3.84462759063E-02));
#1982 = CARTESIAN_POINT('',(6.761016388569E-02,3.860614479677E-02,
    4.043592440187E-02));
#1983 = CARTESIAN_POINT('',(6.906953407676E-02,4.041173242182E-02,
    4.06223141412E-02));
#1984 = CARTESIAN_POINT('',(6.686656566015E-02,3.986130093206E-02,
    4.266446433435E-02));
#1985 = CARTESIAN_POINT('',(6.829319635099E-02,4.169151962675E-02,
    4.284202671199E-02));
#1986 = CARTESIAN_POINT('',(6.610177805524E-02,4.10923686707E-02,
    4.489952922671E-02));
#1987 = CARTESIAN_POINT('',(6.749490179498E-02,4.294693434548E-02,
    4.50677795273E-02));
#1988 = CARTESIAN_POINT('',(6.608717901507E-02,4.111584735572E-02,
    4.494217429287E-02));
#1989 = CARTESIAN_POINT('',(6.74796632027E-02,4.297087744585E-02,
    4.51102467837E-02));
#1990 = CARTESIAN_POINT('',(6.607257229534E-02,4.113931722198E-02,
    4.498482173817E-02));
#1991 = CARTESIAN_POINT('',(6.746441666109E-02,4.299481163144E-02,
    4.515271630671E-02));
#1992 = CARTESIAN_POINT('',(6.605795791297E-02,4.116277824477E-02,
    4.502747156553E-02));
#1993 = CARTESIAN_POINT('',(6.744916219228E-02,4.30187368804E-02,
    4.519518813323E-02));
#1994 = CARTESIAN_POINT('',(6.604333588498E-02,4.118623039968E-02,
    4.507012377842E-02));
#1995 = CARTESIAN_POINT('',(6.743389981884E-02,4.304265317067E-02,
    4.523766230231E-02));
#1996 = CARTESIAN_POINT('',(6.524294164884E-02,4.246882049818E-02,
    4.740377378786E-02));
#1997 = CARTESIAN_POINT('',(6.659845818445E-02,4.435063142313E-02,
    4.756157115667E-02));
#1998 = CARTESIAN_POINT('',(6.441976519589E-02,4.372472367624E-02,
    4.974458990779E-02));
#1999 = CARTESIAN_POINT('',(6.573949557402E-02,4.563165953022E-02,
    4.989274680819E-02));
#2000 = CARTESIAN_POINT('',(6.359234713743E-02,4.492826361394E-02,
    5.205023055274E-02));
#2001 = CARTESIAN_POINT('',(6.487608113424E-02,4.68601993315E-02,
    5.218806180001E-02));
#2002 = CARTESIAN_POINT('',(6.274912681783E-02,4.610115746939E-02,
    5.436845911624E-02));
#2003 = CARTESIAN_POINT('',(6.399622945954E-02,4.805705095305E-02,
    5.449676976787E-02));
#2004 = CARTESIAN_POINT('',(6.189259506714E-02,4.723957123736E-02,
    5.669642979213E-02));
#2005 = CARTESIAN_POINT('',(6.310224238911E-02,4.922015318776E-02,
    5.68146377526E-02));
#2006 = CARTESIAN_POINT('',(6.102620354839E-02,4.834375379309E-02,
    5.903877770852E-02));
#2007 = CARTESIAN_POINT('',(6.219773112699E-02,5.034811717562E-02,
    5.914718719561E-02));
#2008 = CARTESIAN_POINT('',(6.013575586895E-02,4.943244069126E-02,
    6.143908703945E-02));
#2009 = CARTESIAN_POINT('',(6.126780279586E-02,5.146089321879E-02,
    6.153778925576E-02));
#2010 = CARTESIAN_POINT('',(5.924028413587E-02,5.048383365075E-02,
    6.385386697014E-02));
#2011 = CARTESIAN_POINT('',(6.033227052601E-02,5.253587644273E-02,
    6.394313521262E-02));
#2012 = CARTESIAN_POINT('',(5.922352289886E-02,5.050349827333E-02,
    6.389906664296E-02));
#2013 = CARTESIAN_POINT('',(6.031475932102E-02,5.255598240209E-02,
    6.398815842227E-02));
#2014 = CARTESIAN_POINT('',(5.920675993584E-02,5.052314982693E-02,
    6.394427138549E-02));
#2015 = CARTESIAN_POINT('',(6.02972461894E-02,5.257607511812E-02,
    6.403318680903E-02));
#2016 = CARTESIAN_POINT('',(5.91899952637E-02,5.054278830893E-02,
    6.398948119824E-02));
#2017 = CARTESIAN_POINT('',(6.027973114932E-02,5.259615458836E-02,
    6.40782203797E-02));
#2018 = CARTESIAN_POINT('',(5.917322889928E-02,5.056241371679E-02,
    6.403469608176E-02));
#2019 = CARTESIAN_POINT('',(6.0262214219E-02,5.261622081039E-02,
    6.412325914139E-02));
#2020 = CARTESIAN_POINT('',(5.815031295737E-02,5.175884254668E-02,
    6.679328999785E-02));
#2021 = CARTESIAN_POINT('',(5.919349883246E-02,5.383953041343E-02,
    6.687111669379E-02));
#2022 = CARTESIAN_POINT('',(5.712122442381E-02,5.290659840829E-02,
    6.957075913089E-02));
#2023 = CARTESIAN_POINT('',(5.811788470696E-02,5.501351983592E-02,
    6.963834972938E-02));
#2024 = CARTESIAN_POINT('',(5.610666345027E-02,5.398794162087E-02,
    7.232109262125E-02));
#2025 = CARTESIAN_POINT('',(5.705694584623E-02,5.612003962381E-02,
    7.237902818331E-02));
#2026 = CARTESIAN_POINT('',(5.509305659746E-02,5.502238905724E-02,
    7.509033035974E-02));
#2027 = CARTESIAN_POINT('',(5.599652818393E-02,5.717864951885E-02,
    7.513945823885E-02));
#2028 = CARTESIAN_POINT('',(5.408296041321E-02,5.601063111428E-02,
    7.787714156002E-02));
#2029 = CARTESIAN_POINT('',(5.493928825066E-02,5.819029114638E-02,
    7.791806841518E-02));
#2030 = CARTESIAN_POINT('',(5.307862194483E-02,5.695443445676E-02,
    8.068148764307E-02));
#2031 = CARTESIAN_POINT('',(5.388764336376E-02,5.915635477242E-02,
    8.07150738191E-02));
#2032 = CARTESIAN_POINT('',(5.206949991313E-02,5.78663638685E-02,
    8.353666616555E-02));
#2033 = CARTESIAN_POINT('',(5.28305930936E-02,6.008977112351E-02,
    8.35636566721E-02));
#2034 = CARTESIAN_POINT('',(5.106936383016E-02,5.873626029774E-02,
    8.640773201986E-02));
#2035 = CARTESIAN_POINT('',(5.178260420761E-02,6.098001616993E-02,
    8.64289823163E-02));
#2036 = CARTESIAN_POINT('',(5.105727213309E-02,5.87467723935E-02,
    8.644244945419E-02));
#2037 = CARTESIAN_POINT('',(5.176993391598E-02,6.099077414186E-02,
    8.6463630469E-02));
#2038 = CARTESIAN_POINT('',(5.104518175465E-02,5.875727835063E-02,
    8.647716920777E-02));
#2039 = CARTESIAN_POINT('',(5.17572649545E-02,6.100152580869E-02,
    8.649828106662E-02));
#2040 = CARTESIAN_POINT('',(5.103309269727E-02,5.876777817246E-02,
    8.651189127885E-02));
#2041 = CARTESIAN_POINT('',(5.174459732586E-02,6.101227117375E-02,
    8.653293410772E-02));
#2042 = CARTESIAN_POINT('',(5.102100496336E-02,5.877827186233E-02,
    8.654661566569E-02));
#2043 = CARTESIAN_POINT('',(5.173193103273E-02,6.102301024032E-02,
    8.656758959088E-02));
#2044 = CARTESIAN_POINT('',(4.979826208304E-02,5.983926457481E-02,
    9.005980387982E-02));
#2045 = CARTESIAN_POINT('',(5.045065842668E-02,6.210881007528E-02,
    9.0073819854E-02));
#2046 = CARTESIAN_POINT('',(4.858911383203E-02,6.083756668387E-02,
    9.35966574892E-02));
#2047 = CARTESIAN_POINT('',(4.918310881753E-02,6.313021468792E-02,
    9.360501515873E-02));
#2048 = CARTESIAN_POINT('',(4.740765850337E-02,6.176790016918E-02,
    9.711999808024E-02));
#2049 = CARTESIAN_POINT('',(4.794416116616E-02,6.40817247108E-02,
    9.712400382324E-02));
#2050 = CARTESIAN_POINT('',(4.624355543442E-02,6.264387126527E-02,
    0.100663151808));
#2051 = CARTESIAN_POINT('',(4.672308808223E-02,6.497709690626E-02,
    0.100664113594));
#2052 = CARTESIAN_POINT('',(4.509772494553E-02,6.346899012647E-02,
    0.104224122055));
#2053 = CARTESIAN_POINT('',(4.5520931182E-02,6.581999014561E-02,
    0.104223175327));
#2054 = CARTESIAN_POINT('',(4.397073530437E-02,6.424685134387E-02,
    0.107801627075));
#2055 = CARTESIAN_POINT('',(4.433837981761E-02,6.661392076884E-02,
    0.107799968314));
#2056 = CARTESIAN_POINT('',(4.286276821121E-02,6.498058073379E-02,
    0.111393973471));
#2057 = CARTESIAN_POINT('',(4.31756776739E-02,6.73621900343E-02,
    0.111392637115));
#2058 = CARTESIAN_POINT('',(4.177384222342E-02,6.567323567231E-02,0.115)
  );
#2059 = CARTESIAN_POINT('',(4.203290297264E-02,6.806787103835E-02,0.115)
  );
#2060 = DEFINITIONAL_REPRESENTATION('',(#2061),#2065);
#2061 = LINE('',#2062,#2063);
#2062 = CARTESIAN_POINT('',(0.,0.));
#2063 = VECTOR('',#2064,1.);
#2064 = DIRECTION('',(1.,0.));
#2065 = ( GEOMETRIC_REPRESENTATION_CONTEXT(2) 
PARAMETRIC_REPRESENTATION_CONTEXT() REPRESENTATION_CONTEXT('2D SPACE',''
  ) );
#2066 = ORIENTED_EDGE('',*,*,#2067,.F.);
#2067 = EDGE_CURVE('',#1640,#1870,#2068,.T.);
#2068 = SURFACE_CURVE('',#2069,(#2072),.PCURVE_S1.);
#2069 = B_SPLINE_CURVE_WITH_KNOTS('',1,(#2070,#2071),.UNSPECIFIED.,.F.,
  .F.,(2,2),(0.,1.),.PIECEWISE_BEZIER_KNOTS.);
#2070 = CARTESIAN_POINT('',(7.533733547051E-02,7.051973386767E-03,1.E-02
    ));
#2071 = CARTESIAN_POINT('',(7.739096781491E-02,8.286487702832E-03,1.E-02
    ));
#2072 = PCURVE('',#1691,#2073);
#2073 = DEFINITIONAL_REPRESENTATION('',(#2074),#2078);
#2074 = LINE('',#2075,#2076);
#2075 = CARTESIAN_POINT('',(0.,0.));
#2076 = VECTOR('',#2077,1.);
#2077 = DIRECTION('',(0.,1.));
#2078 = ( GEOMETRIC_REPRESENTATION_CONTEXT(2) 
PARAMETRIC_REPRESENTATION_CONTEXT() REPRESENTATION_CONTEXT('2D SPACE',''
  ) );
#2079 = ADVANCED_FACE('',(#2080),#1921,.T.);
#2080 = FACE_BOUND('',#2081,.T.);
#2081 = EDGE_LOOP('',(#2082,#2083,#2098,#2150));
#2082 = ORIENTED_EDGE('',*,*,#1869,.T.);
#2083 = ORIENTED_EDGE('',*,*,#2084,.T.);
#2084 = EDGE_CURVE('',#1855,#2085,#2087,.T.);
#2085 = VERTEX_POINT('',#2086);
#2086 = CARTESIAN_POINT('',(4.203290297264E-02,6.806787103835E-02,0.115)
  );
#2087 = SURFACE_CURVE('',#2088,(#2091),.PCURVE_S1.);
#2088 = B_SPLINE_CURVE_WITH_KNOTS('',1,(#2089,#2090),.UNSPECIFIED.,.F.,
  .F.,(2,2),(0.,1.),.PIECEWISE_BEZIER_KNOTS.);
#2089 = CARTESIAN_POINT('',(4.177384222342E-02,6.567323567231E-02,0.115)
  );
#2090 = CARTESIAN_POINT('',(4.203290297264E-02,6.806787103835E-02,0.115)
  );
#2091 = PCURVE('',#1921,#2092);
#2092 = DEFINITIONAL_REPRESENTATION('',(#2093),#2097);
#2093 = LINE('',#2094,#2095);
#2094 = CARTESIAN_POINT('',(1.,0.));
#2095 = VECTOR('',#2096,1.);
#2096 = DIRECTION('',(0.,1.));
#2097 = ( GEOMETRIC_REPRESENTATION_CONTEXT(2) 
PARAMETRIC_REPRESENTATION_CONTEXT() REPRESENTATION_CONTEXT('2D SPACE',''
  ) );
#2098 = ORIENTED_EDGE('',*,*,#2099,.F.);
#2099 = EDGE_CURVE('',#2100,#2085,#2102,.T.);
#2100 = VERTEX_POINT('',#2101);
#2101 = CARTESIAN_POINT('',(7.942469086831E-02,9.576976583114E-03,1.E-02
    ));
#2102 = SURFACE_CURVE('',#2103,(#2143),.PCURVE_S1.);
#2103 = B_SPLINE_CURVE_WITH_KNOTS('',8,(#2104,#2105,#2106,#2107,#2108,
    #2109,#2110,#2111,#2112,#2113,#2114,#2115,#2116,#2117,#2118,#2119,
    #2120,#2121,#2122,#2123,#2124,#2125,#2126,#2127,#2128,#2129,#2130,
    #2131,#2132,#2133,#2134,#2135,#2136,#2137,#2138,#2139,#2140,#2141,
    #2142),.UNSPECIFIED.,.F.,.F.,(9,6,6,6,6,6,9),(0.,0.100749240853,
    0.248546323291,0.409486217774,0.577552923491,0.768605746524,1.),
  .UNSPECIFIED.);
#2104 = CARTESIAN_POINT('',(7.942469086831E-02,9.576976583114E-03,1.E-02
    ));
#2105 = CARTESIAN_POINT('',(7.926484885716E-02,1.091164148992E-02,
    8.954014868979E-03));
#2106 = CARTESIAN_POINT('',(7.905998122752E-02,1.234921144691E-02,
    8.275515232033E-03));
#2107 = CARTESIAN_POINT('',(7.879886638537E-02,1.415178313987E-02,
    7.563368104039E-03));
#2108 = CARTESIAN_POINT('',(7.841115371019E-02,1.603494778635E-02,
    8.274950510549E-03));
#2109 = CARTESIAN_POINT('',(7.810674749262E-02,1.743077344333E-02,
    8.876253487573E-03));
#2110 = CARTESIAN_POINT('',(7.776553908634E-02,1.885688816395E-02,
    9.822938296761E-03));
#2111 = CARTESIAN_POINT('',(7.695495152059E-02,2.198718901352E-02,
    1.239449203217E-02));
#2112 = CARTESIAN_POINT('',(7.614433460215E-02,2.462788362902E-02,
    1.552372723269E-02));
#2113 = CARTESIAN_POINT('',(7.566663295588E-02,2.60598722076E-02,
    1.743792662532E-02));
#2114 = CARTESIAN_POINT('',(7.517169611734E-02,2.746255669209E-02,
    1.943510368038E-02));
#2115 = CARTESIAN_POINT('',(7.467663694194E-02,2.876344817609E-02,
    2.143559259412E-02));
#2116 = CARTESIAN_POINT('',(7.416056301985E-02,3.00579284017E-02,
    2.34739279659E-02));
#2117 = CARTESIAN_POINT('',(7.304976874811E-02,3.268500865669E-02,
    2.774021732217E-02));
#2118 = CARTESIAN_POINT('',(7.183495812281E-02,3.526450220736E-02,
    3.201692974468E-02));
#2119 = CARTESIAN_POINT('',(7.116326865606E-02,3.661387540454E-02,
    3.422426920722E-02));
#2120 = CARTESIAN_POINT('',(7.046715147358E-02,3.794238479353E-02,
    3.645001505606E-02));
#2121 = CARTESIAN_POINT('',(6.973755176513E-02,3.926171424606E-02,
    3.865686394079E-02));
#2122 = CARTESIAN_POINT('',(6.898333130118E-02,4.056052229637E-02,
    4.087631874434E-02));
#2123 = CARTESIAN_POINT('',(6.739043446842E-02,4.317175736678E-02,
    4.541424713273E-02));
#2124 = CARTESIAN_POINT('',(6.570732059274E-02,4.567962247425E-02,
    4.998004804434E-02));
#2125 = CARTESIAN_POINT('',(6.482665599238E-02,4.693046262688E-02,
    5.231940334644E-02));
#2126 = CARTESIAN_POINT('',(6.392906878115E-02,4.814829091612E-02,
    5.467293319504E-02));
#2127 = CARTESIAN_POINT('',(6.301693698859E-02,4.933094829851E-02,
    5.703571182105E-02));
#2128 = CARTESIAN_POINT('',(6.209416488402E-02,5.047700577228E-02,
    5.941419744753E-02));
#2129 = CARTESIAN_POINT('',(6.010515677682E-02,5.284576516576E-02,
    6.452565738957E-02));
#2130 = CARTESIAN_POINT('',(5.809198565953E-02,5.504177936199E-02,
    6.970498045837E-02));
#2131 = CARTESIAN_POINT('',(5.701798889137E-02,5.616064722709E-02,
    7.247966907316E-02));
#2132 = CARTESIAN_POINT('',(5.59446133505E-02,5.723043328297E-02,
    7.527461957019E-02));
#2133 = CARTESIAN_POINT('',(5.487459336715E-02,5.825213002675E-02,
    7.80881376496E-02));
#2134 = CARTESIAN_POINT('',(5.381042727231E-02,5.922719640237E-02,
    8.092051647212E-02));
#2135 = CARTESIAN_POINT('',(5.147434833343E-02,6.128391013834E-02,
    8.722197960562E-02));
#2136 = CARTESIAN_POINT('',(4.918310881753E-02,6.313021468792E-02,
    9.360501515873E-02));
#2137 = CARTESIAN_POINT('',(4.794416116616E-02,6.40817247108E-02,
    9.712400382324E-02));
#2138 = CARTESIAN_POINT('',(4.672308808223E-02,6.497709690626E-02,
    0.100664113594));
#2139 = CARTESIAN_POINT('',(4.5520931182E-02,6.581999014561E-02,
    0.104223175327));
#2140 = CARTESIAN_POINT('',(4.433837981761E-02,6.661392076884E-02,
    0.107799968314));
#2141 = CARTESIAN_POINT('',(4.31756776739E-02,6.73621900343E-02,
    0.111392637115));
#2142 = CARTESIAN_POINT('',(4.203290297264E-02,6.806787103835E-02,0.115)
  );
#2143 = PCURVE('',#1921,#2144);
#2144 = DEFINITIONAL_REPRESENTATION('',(#2145),#2149);
#2145 = LINE('',#2146,#2147);
#2146 = CARTESIAN_POINT('',(0.,1.));
#2147 = VECTOR('',#2148,1.);
#2148 = DIRECTION('',(1.,0.));
#2149 = ( GEOMETRIC_REPRESENTATION_CONTEXT(2) 
PARAMETRIC_REPRESENTATION_CONTEXT() REPRESENTATION_CONTEXT('2D SPACE',''
  ) );
#2150 = ORIENTED_EDGE('',*,*,#2151,.F.);
#2151 = EDGE_CURVE('',#1870,#2100,#2152,.T.);
#2152 = SURFACE_CURVE('',#2153,(#2156),.PCURVE_S1.);
#2153 = B_SPLINE_CURVE_WITH_KNOTS('',1,(#2154,#2155),.UNSPECIFIED.,.F.,
  .F.,(2,2),(0.,1.),.PIECEWISE_BEZIER_KNOTS.);
#2154 = CARTESIAN_POINT('',(7.739096781491E-02,8.286487702832E-03,1.E-02
    ));
#2155 = CARTESIAN_POINT('',(7.942469086831E-02,9.576976583114E-03,1.E-02
    ));
#2156 = PCURVE('',#1921,#2157);
#2157 = DEFINITIONAL_REPRESENTATION('',(#2158),#2162);
#2158 = LINE('',#2159,#2160);
#2159 = CARTESIAN_POINT('',(0.,0.));
#2160 = VECTOR('',#2161,1.);
#2161 = DIRECTION('',(0.,1.));
#2162 = ( GEOMETRIC_REPRESENTATION_CONTEXT(2) 
PARAMETRIC_REPRESENTATION_CONTEXT() REPRESENTATION_CONTEXT('2D SPACE',''
  ) );
#2163 = ( GEOMETRIC_REPRESENTATION_CONTEXT(3) 
GLOBAL_UNCERTAINTY_ASSIGNED_CONTEXT((#2167)) 
GLOBAL_UNIT_ASSIGNED_CONTEXT((#2164,#2165,#2166)) REPRESENTATION_CONTEXT
('Context #1','3D Context with UNIT and UNCERTAINTY') );
#2164 = ( LENGTH_UNIT() NAMED_UNIT(*) SI_UNIT(.MILLI.,.METRE.) );
#2165 = ( NAMED_UNIT(*) PLANE_ANGLE_UNIT() SI_UNIT($,.RADIAN.) );
#2166 = ( NAMED_UNIT(*) SI_UNIT($,.STERADIAN.) SOLID_ANGLE_UNIT() );
#2167 = UNCERTAINTY_MEASURE_WITH_UNIT(LENGTH_MEASURE(1.E-07),#2164,
  'distance_accuracy_value','confusion accuracy');
#2168 = PRODUCT_RELATED_PRODUCT_CATEGORY('detail',$,(#7));
#2169 = PRODUCT_CATEGORY_RELATIONSHIP('','',#2170,#2168);
#2170 = PRODUCT_CATEGORY('part',$);
#2171 = CC_DESIGN_PERSON_AND_ORGANIZATION_ASSIGNMENT(#2172,#2175,(#6,#5)
  );
#2172 = PERSON_AND_ORGANIZATION(#2173,#2174);
#2173 = PERSON('IP192.168.10,Administrator','','Administrator',$,$,$);
#2174 = ORGANIZATION('IP192.168.10','Unspecified','');
#2175 = PERSON_AND_ORGANIZATION_ROLE('creator');
#2176 = CC_DESIGN_PERSON_AND_ORGANIZATION_ASSIGNMENT(#2172,#2177,(#7));
#2177 = PERSON_AND_ORGANIZATION_ROLE('design_owner');
#2178 = CC_DESIGN_PERSON_AND_ORGANIZATION_ASSIGNMENT(#2172,#2179,(#6));
#2179 = PERSON_AND_ORGANIZATION_ROLE('design_supplier');
#2180 = CC_DESIGN_PERSON_AND_ORGANIZATION_ASSIGNMENT(#2172,#2181,(#2182)
  );
#2181 = PERSON_AND_ORGANIZATION_ROLE('classification_officer');
#2182 = SECURITY_CLASSIFICATION('','',#2183);
#2183 = SECURITY_CLASSIFICATION_LEVEL('unclassified');
#2184 = CC_DESIGN_SECURITY_CLASSIFICATION(#2182,(#6));
#2185 = CC_DESIGN_DATE_AND_TIME_ASSIGNMENT(#2186,#2190,(#5));
#2186 = DATE_AND_TIME(#2187,#2188);
#2187 = CALENDAR_DATE(2026,6,1);
#2188 = LOCAL_TIME(20,1,$,#2189);
#2189 = COORDINATED_UNIVERSAL_TIME_OFFSET(8,$,.AHEAD.);
#2190 = DATE_TIME_ROLE('creation_date');
#2191 = CC_DESIGN_DATE_AND_TIME_ASSIGNMENT(#2186,#2192,(#2182));
#2192 = DATE_TIME_ROLE('classification_date');
#2193 = CC_DESIGN_APPROVAL(#2194,(#6,#5,#2182));
#2194 = APPROVAL(#2195,'');
#2195 = APPROVAL_STATUS('not_yet_approved');
#2196 = APPROVAL_PERSON_ORGANIZATION(#2172,#2194,#2197);
#2197 = APPROVAL_ROLE('approver');
#2198 = APPROVAL_DATE_TIME(#2186,#2194);
ENDSEC;
END-ISO-10303-21;
