ISO-10303-21;
HEADER;
FILE_DESCRIPTION(('Open CASCADE Model'),'2;1');
FILE_NAME('Open CASCADE Shape Model','2026-01-06T20:01:27',('Author'),(
    'Open CASCADE'),'Open CASCADE STEP processor 7.9','Open CASCADE 7.9'
  ,'Unknown');
FILE_SCHEMA(('CONFIG_CONTROL_DESIGN'));
ENDSEC;
DATA;
#1 = APPLICATION_PROTOCOL_DEFINITION('international standard',
  'config_control_design',1994,#2);
#2 = APPLICATION_CONTEXT(
'configuration controlled 3D designs of mechanical parts and assemblies'
  );
#3 = SHAPE_DEFINITION_REPRESENTATION(#4,#10);
#4 = PRODUCT_DEFINITION_SHAPE('','',#5);
#5 = PRODUCT_DEFINITION('design','',#6,#9);
#6 = PRODUCT_DEFINITION_FORMATION_WITH_SPECIFIED_SOURCE('','',#7,
  .NOT_KNOWN.);
#7 = PRODUCT('Open CASCADE STEP translator 7.9 5',
  'Open CASCADE STEP translator 7.9 5','',(#8));
#8 = MECHANICAL_CONTEXT('',#2,'mechanical');
#9 = DESIGN_CONTEXT('',#2,'design');
#10 = ADVANCED_BREP_SHAPE_REPRESENTATION('',(#11,#15),#1887);
#11 = AXIS2_PLACEMENT_3D('',#12,#13,#14);
#12 = CARTESIAN_POINT('',(0.,0.,0.));
#13 = DIRECTION('',(0.,0.,1.));
#14 = DIRECTION('',(1.,0.,-0.));
#15 = MANIFOLD_SOLID_BREP('',#16);
#16 = CLOSED_SHELL('',(#17));
#17 = ADVANCED_FACE('',(#18),#32,.T.);
#18 = FACE_BOUND('',#19,.T.);
#19 = EDGE_LOOP('',(#20,#46,#65,#84,#103,#122,#141,#160,#179,#198,#217,
    #236,#255,#274,#293,#312,#331,#350,#369,#388,#407,#426,#445,#464,
    #483,#502,#521,#540,#559,#578,#597,#616,#635,#654,#673,#692,#711,
    #730,#749,#768,#787,#806,#825,#844,#863,#882,#901,#920,#939,#958,
    #977,#996,#1015,#1034,#1053,#1072,#1091,#1110,#1129,#1148,#1167,
    #1186,#1205,#1224,#1243,#1262,#1281,#1300,#1319,#1338,#1357,#1376,
    #1395,#1414,#1433,#1452,#1471,#1490,#1509,#1528,#1547,#1566,#1585,
    #1604,#1623,#1642,#1661,#1680,#1699,#1718,#1737,#1756,#1775,#1794,
    #1813,#1832,#1851,#1870));
#20 = ORIENTED_EDGE('',*,*,#21,.F.);
#21 = EDGE_CURVE('',#22,#24,#26,.T.);
#22 = VERTEX_POINT('',#23);
#23 = CARTESIAN_POINT('',(7.942469086831E-02,9.576976583114E-03,1.E-02)
  );
#24 = VERTEX_POINT('',#25);
#25 = CARTESIAN_POINT('',(7.923594097252E-02,1.103021569144E-02,
    1.315785354959E-02));
#26 = SURFACE_CURVE('',#27,(#31),.PCURVE_S1.);
#27 = LINE('',#28,#29);
#28 = CARTESIAN_POINT('',(7.942469086831E-02,9.576976583114E-03,1.E-02)
  );
#29 = VECTOR('',#30,1.);
#30 = DIRECTION('',(-5.421795394413E-02,0.417439441302,0.907085842859));
#31 = PCURVE('',#32,#37);
#32 = CYLINDRICAL_SURFACE('',#33,8.E-02);
#33 = AXIS2_PLACEMENT_3D('',#34,#35,#36);
#34 = CARTESIAN_POINT('',(0.,0.,-4.285186362815E-02));
#35 = DIRECTION('',(0.,0.,1.));
#36 = DIRECTION('',(1.,0.,-0.));
#37 = DEFINITIONAL_REPRESENTATION('',(#38),#45);
#38 = B_SPLINE_CURVE_WITH_KNOTS('',5,(#39,#40,#41,#42,#43,#44),
  .UNSPECIFIED.,.F.,.F.,(6,6),(0.,3.481317203271E-03),
  .PIECEWISE_BEZIER_KNOTS.);
#39 = CARTESIAN_POINT('',(0.12,5.285186362815E-02));
#40 = CARTESIAN_POINT('',(0.123663460008,5.348343433806E-02));
#41 = CARTESIAN_POINT('',(0.127327227337,5.411500504798E-02));
#42 = CARTESIAN_POINT('',(0.130991097174,5.47465757579E-02));
#43 = CARTESIAN_POINT('',(0.134654864502,5.537814646782E-02));
#44 = CARTESIAN_POINT('',(0.138318324511,5.600971717773E-02));
#45 = ( GEOMETRIC_REPRESENTATION_CONTEXT(2) 
PARAMETRIC_REPRESENTATION_CONTEXT() REPRESENTATION_CONTEXT('2D SPACE',''
  ) );
#46 = ORIENTED_EDGE('',*,*,#47,.F.);
#47 = EDGE_CURVE('',#48,#22,#50,.T.);
#48 = VERTEX_POINT('',#49);
#49 = CARTESIAN_POINT('',(7.923594097252E-02,1.103021569144E-02,
    9.067814725338E-03));
#50 = SURFACE_CURVE('',#51,(#55),.PCURVE_S1.);
#51 = LINE('',#52,#53);
#52 = CARTESIAN_POINT('',(7.923594097252E-02,1.103021569144E-02,
    9.067814725338E-03));
#53 = VECTOR('',#54,1.);
#54 = DIRECTION('',(0.108676356305,-0.836730163324,0.536723470107));
#55 = PCURVE('',#32,#56);
#56 = DEFINITIONAL_REPRESENTATION('',(#57),#64);
#57 = B_SPLINE_CURVE_WITH_KNOTS('',5,(#58,#59,#60,#61,#62,#63),
  .UNSPECIFIED.,.F.,.F.,(6,6),(0.,1.736807362788E-03),
  .PIECEWISE_BEZIER_KNOTS.);
#58 = CARTESIAN_POINT('',(0.138318324511,5.191967835348E-02));
#59 = CARTESIAN_POINT('',(0.134654864502,5.210611540842E-02));
#60 = CARTESIAN_POINT('',(0.130991097174,5.229255246335E-02));
#61 = CARTESIAN_POINT('',(0.127327227337,5.247898951828E-02));
#62 = CARTESIAN_POINT('',(0.123663460008,5.266542657321E-02));
#63 = CARTESIAN_POINT('',(0.12,5.285186362815E-02));
#64 = ( GEOMETRIC_REPRESENTATION_CONTEXT(2) 
PARAMETRIC_REPRESENTATION_CONTEXT() REPRESENTATION_CONTEXT('2D SPACE',''
  ) );
#65 = ORIENTED_EDGE('',*,*,#66,.F.);
#66 = EDGE_CURVE('',#67,#48,#69,.T.);
#67 = VERTEX_POINT('',#68);
#68 = CARTESIAN_POINT('',(7.902060332761E-02,1.247975359292E-02,
    8.514034871149E-03));
#69 = SURFACE_CURVE('',#70,(#74),.PCURVE_S1.);
#70 = LINE('',#71,#72);
#71 = CARTESIAN_POINT('',(7.902060332761E-02,1.247975359292E-02,
    8.514034871149E-03));
#72 = VECTOR('',#73,1.);
#73 = DIRECTION('',(0.137456333986,-0.925282553359,0.353493921725));
#74 = PCURVE('',#32,#75);
#75 = DEFINITIONAL_REPRESENTATION('',(#76),#83);
#76 = B_SPLINE_CURVE_WITH_KNOTS('',5,(#77,#78,#79,#80,#81,#82),
  .UNSPECIFIED.,.F.,.F.,(6,6),(0.,1.566589466338E-03),
  .PIECEWISE_BEZIER_KNOTS.);
#77 = CARTESIAN_POINT('',(0.156636649021,5.13658984993E-02));
#78 = CARTESIAN_POINT('',(0.152973189013,5.147665447013E-02));
#79 = CARTESIAN_POINT('',(0.149309421685,5.158741044097E-02));
#80 = CARTESIAN_POINT('',(0.145645551848,5.169816641181E-02));
#81 = CARTESIAN_POINT('',(0.141981784519,5.180892238265E-02));
#82 = CARTESIAN_POINT('',(0.138318324511,5.191967835348E-02));
#83 = ( GEOMETRIC_REPRESENTATION_CONTEXT(2) 
PARAMETRIC_REPRESENTATION_CONTEXT() REPRESENTATION_CONTEXT('2D SPACE',''
  ) );
#84 = ORIENTED_EDGE('',*,*,#85,.F.);
#85 = EDGE_CURVE('',#86,#67,#88,.T.);
#86 = VERTEX_POINT('',#87);
#87 = CARTESIAN_POINT('',(7.877875019049E-02,1.392510389274E-02,
    8.314260356195E-03));
#88 = SURFACE_CURVE('',#89,(#93),.PCURVE_S1.);
#89 = LINE('',#90,#91);
#90 = CARTESIAN_POINT('',(7.877875019049E-02,1.392510389274E-02,
    8.314260356195E-03));
#91 = VECTOR('',#92,1.);
#92 = DIRECTION('',(0.163524798237,-0.977248502856,0.135074068668));
#93 = PCURVE('',#32,#94);
#94 = DEFINITIONAL_REPRESENTATION('',(#95),#102);
#95 = B_SPLINE_CURVE_WITH_KNOTS('',5,(#96,#97,#98,#99,#100,#101),
  .UNSPECIFIED.,.F.,.F.,(6,6),(0.,1.478999758608E-03),
  .PIECEWISE_BEZIER_KNOTS.);
#96 = CARTESIAN_POINT('',(0.174954973532,5.116612398434E-02));
#97 = CARTESIAN_POINT('',(0.171291513524,5.120607888733E-02));
#98 = CARTESIAN_POINT('',(0.167627746195,5.124603379032E-02));
#99 = CARTESIAN_POINT('',(0.163963876358,5.128598869331E-02));
#100 = CARTESIAN_POINT('',(0.16030010903,5.13259435963E-02));
#101 = CARTESIAN_POINT('',(0.156636649021,5.13658984993E-02));
#102 = ( GEOMETRIC_REPRESENTATION_CONTEXT(2) 
PARAMETRIC_REPRESENTATION_CONTEXT() REPRESENTATION_CONTEXT('2D SPACE',''
  ) );
#103 = ORIENTED_EDGE('',*,*,#104,.F.);
#104 = EDGE_CURVE('',#105,#86,#107,.T.);
#105 = VERTEX_POINT('',#106);
#106 = CARTESIAN_POINT('',(7.851046271537E-02,1.536578160127E-02,
    8.444091099236E-03));
#107 = SURFACE_CURVE('',#108,(#112),.PCURVE_S1.);
#108 = LINE('',#109,#110);
#109 = CARTESIAN_POINT('',(7.851046271537E-02,1.536578160127E-02,
    8.444091099236E-03));
#110 = VECTOR('',#111,1.);
#111 = DIRECTION('',(0.182361432482,-0.979263197264,-8.824907040717E-02)
  );
#112 = PCURVE('',#32,#113);
#113 = DEFINITIONAL_REPRESENTATION('',(#114),#121);
#114 = B_SPLINE_CURVE_WITH_KNOTS('',5,(#115,#116,#117,#118,#119,#120),
  .UNSPECIFIED.,.F.,.F.,(6,6),(0.,1.471185389737E-03),
  .PIECEWISE_BEZIER_KNOTS.);
#115 = CARTESIAN_POINT('',(0.193273298043,5.129595472738E-02));
#116 = CARTESIAN_POINT('',(0.189609838035,5.126998857877E-02));
#117 = CARTESIAN_POINT('',(0.185946070706,5.124402243017E-02));
#118 = CARTESIAN_POINT('',(0.182282200869,5.121805628156E-02));
#119 = CARTESIAN_POINT('',(0.178618433541,5.119209013295E-02));
#120 = CARTESIAN_POINT('',(0.174954973532,5.116612398434E-02));
#121 = ( GEOMETRIC_REPRESENTATION_CONTEXT(2) 
PARAMETRIC_REPRESENTATION_CONTEXT() REPRESENTATION_CONTEXT('2D SPACE',''
  ) );
#122 = ORIENTED_EDGE('',*,*,#123,.F.);
#123 = EDGE_CURVE('',#124,#105,#126,.T.);
#124 = VERTEX_POINT('',#125);
#125 = CARTESIAN_POINT('',(7.821583092655E-02,1.680130329673E-02,
    8.879127019032E-03));
#126 = SURFACE_CURVE('',#127,(#131),.PCURVE_S1.);
#127 = LINE('',#128,#129);
#128 = CARTESIAN_POINT('',(7.821583092655E-02,1.680130329673E-02,
    8.879127019032E-03));
#129 = VECTOR('',#130,1.);
#130 = DIRECTION('',(0.192739207201,-0.939074886019,-0.28458734416));
#131 = PCURVE('',#32,#132);
#132 = DEFINITIONAL_REPRESENTATION('',(#133),#140);
#133 = B_SPLINE_CURVE_WITH_KNOTS('',5,(#134,#135,#136,#137,#138,#139),
  .UNSPECIFIED.,.F.,.F.,(6,6),(0.,1.528655186969E-03),
  .PIECEWISE_BEZIER_KNOTS.);
#134 = CARTESIAN_POINT('',(0.211591622554,5.173099064718E-02));
#135 = CARTESIAN_POINT('',(0.207928162545,5.164398346322E-02));
#136 = CARTESIAN_POINT('',(0.204264395217,5.155697627926E-02));
#137 = CARTESIAN_POINT('',(0.20060052538,5.14699690953E-02));
#138 = CARTESIAN_POINT('',(0.196936758051,5.138296191134E-02));
#139 = CARTESIAN_POINT('',(0.193273298043,5.129595472738E-02));
#140 = ( GEOMETRIC_REPRESENTATION_CONTEXT(2) 
PARAMETRIC_REPRESENTATION_CONTEXT() REPRESENTATION_CONTEXT('2D SPACE',''
  ) );
#141 = ORIENTED_EDGE('',*,*,#142,.F.);
#142 = EDGE_CURVE('',#143,#124,#145,.T.);
#143 = VERTEX_POINT('',#144);
#144 = CARTESIAN_POINT('',(7.789495368821E-02,1.82311872875E-02,
    9.594968034344E-03));
#145 = SURFACE_CURVE('',#146,(#150),.PCURVE_S1.);
#146 = LINE('',#147,#148);
#147 = CARTESIAN_POINT('',(7.789495368821E-02,1.82311872875E-02,
    9.594968034344E-03));
#148 = VECTOR('',#149,1.);
#149 = DIRECTION('',(0.196743982068,-0.876724917261,-0.438913687386));
#150 = PCURVE('',#32,#151);
#151 = DEFINITIONAL_REPRESENTATION('',(#152),#159);
#152 = B_SPLINE_CURVE_WITH_KNOTS('',5,(#153,#154,#155,#156,#157,#158),
  .UNSPECIFIED.,.F.,.F.,(6,6),(0.,1.630938008735E-03),
  .PIECEWISE_BEZIER_KNOTS.);
#153 = CARTESIAN_POINT('',(0.229909947064,5.244683166249E-02));
#154 = CARTESIAN_POINT('',(0.226246487056,5.230366345943E-02));
#155 = CARTESIAN_POINT('',(0.222582719728,5.216049525636E-02));
#156 = CARTESIAN_POINT('',(0.21891884989,5.20173270533E-02));
#157 = CARTESIAN_POINT('',(0.215255082562,5.187415885024E-02));
#158 = CARTESIAN_POINT('',(0.211591622554,5.173099064718E-02));
#159 = ( GEOMETRIC_REPRESENTATION_CONTEXT(2) 
PARAMETRIC_REPRESENTATION_CONTEXT() REPRESENTATION_CONTEXT('2D SPACE',''
  ) );
#160 = ORIENTED_EDGE('',*,*,#161,.F.);
#161 = EDGE_CURVE('',#162,#143,#164,.T.);
#162 = VERTEX_POINT('',#163);
#163 = CARTESIAN_POINT('',(7.754793867122E-02,1.965495377366E-02,
    1.056721406393E-02));
#164 = SURFACE_CURVE('',#165,(#169),.PCURVE_S1.);
#165 = LINE('',#166,#167);
#166 = CARTESIAN_POINT('',(7.754793867122E-02,1.965495377366E-02,
    1.056721406393E-02));
#167 = VECTOR('',#168,1.);
#168 = DIRECTION('',(0.19732079583,-0.809586681763,-0.552841666524));
#169 = PCURVE('',#32,#170);
#170 = DEFINITIONAL_REPRESENTATION('',(#171),#178);
#171 = B_SPLINE_CURVE_WITH_KNOTS('',5,(#172,#173,#174,#175,#176,#177),
  .UNSPECIFIED.,.F.,.F.,(6,6),(0.,1.758633779723E-03),
  .PIECEWISE_BEZIER_KNOTS.);
#172 = CARTESIAN_POINT('',(0.248228271575,5.341907769208E-02));
#173 = CARTESIAN_POINT('',(0.244564811567,5.322462848616E-02));
#174 = CARTESIAN_POINT('',(0.240901044238,5.303017928024E-02));
#175 = CARTESIAN_POINT('',(0.237237174401,5.283573007432E-02));
#176 = CARTESIAN_POINT('',(0.233573407073,5.264128086841E-02));
#177 = CARTESIAN_POINT('',(0.229909947064,5.244683166249E-02));
#178 = ( GEOMETRIC_REPRESENTATION_CONTEXT(2) 
PARAMETRIC_REPRESENTATION_CONTEXT() REPRESENTATION_CONTEXT('2D SPACE',''
  ) );
#179 = ORIENTED_EDGE('',*,*,#180,.F.);
#180 = EDGE_CURVE('',#181,#162,#183,.T.);
#181 = VERTEX_POINT('',#182);
#182 = CARTESIAN_POINT('',(7.717490231704E-02,2.107212500805E-02,
    1.177146502655E-02));
#183 = SURFACE_CURVE('',#184,(#188),.PCURVE_S1.);
#184 = LINE('',#185,#186);
#185 = CARTESIAN_POINT('',(7.717490231704E-02,2.107212500805E-02,
    1.177146502655E-02));
#186 = VECTOR('',#187,1.);
#187 = DIRECTION('',(0.196668868033,-0.747148258759,-0.634894350093));
#188 = PCURVE('',#32,#189);
#189 = DEFINITIONAL_REPRESENTATION('',(#190),#197);
#190 = B_SPLINE_CURVE_WITH_KNOTS('',5,(#191,#192,#193,#194,#195,#196),
  .UNSPECIFIED.,.F.,.F.,(6,6),(0.,1.896773789917E-03),
  .PIECEWISE_BEZIER_KNOTS.);
#191 = CARTESIAN_POINT('',(0.266546596086,5.46233286547E-02));
#192 = CARTESIAN_POINT('',(0.262883136077,5.438247846218E-02));
#193 = CARTESIAN_POINT('',(0.259219368749,5.414162826965E-02));
#194 = CARTESIAN_POINT('',(0.255555498912,5.390077807713E-02));
#195 = CARTESIAN_POINT('',(0.251891731583,5.36599278846E-02));
#196 = CARTESIAN_POINT('',(0.248228271575,5.341907769208E-02));
#197 = ( GEOMETRIC_REPRESENTATION_CONTEXT(2) 
PARAMETRIC_REPRESENTATION_CONTEXT() REPRESENTATION_CONTEXT('2D SPACE',''
  ) );
#198 = ORIENTED_EDGE('',*,*,#199,.F.);
#199 = EDGE_CURVE('',#200,#181,#202,.T.);
#200 = VERTEX_POINT('',#201);
#201 = CARTESIAN_POINT('',(7.677596979863E-02,2.248222545657E-02,
    1.318332084097E-02));
#202 = SURFACE_CURVE('',#203,(#207),.PCURVE_S1.);
#203 = LINE('',#204,#205);
#204 = CARTESIAN_POINT('',(7.677596979863E-02,2.248222545657E-02,
    1.318332084097E-02));
#205 = VECTOR('',#206,1.);
#206 = DIRECTION('',(0.196044103174,-0.692953983583,-0.693816608512));
#207 = PCURVE('',#32,#208);
#208 = DEFINITIONAL_REPRESENTATION('',(#209),#216);
#209 = B_SPLINE_CURVE_WITH_KNOTS('',5,(#210,#211,#212,#213,#214,#215),
  .UNSPECIFIED.,.F.,.F.,(6,6),(0.,2.034912103715E-03),
  .PIECEWISE_BEZIER_KNOTS.);
#210 = CARTESIAN_POINT('',(0.284864920597,5.603518446912E-02));
#211 = CARTESIAN_POINT('',(0.281201460588,5.575281330624E-02));
#212 = CARTESIAN_POINT('',(0.27753769326,5.547044214335E-02));
#213 = CARTESIAN_POINT('',(0.273873823423,5.518807098047E-02));
#214 = CARTESIAN_POINT('',(0.270210056094,5.490569981758E-02));
#215 = CARTESIAN_POINT('',(0.266546596086,5.46233286547E-02));
#216 = ( GEOMETRIC_REPRESENTATION_CONTEXT(2) 
PARAMETRIC_REPRESENTATION_CONTEXT() REPRESENTATION_CONTEXT('2D SPACE',''
  ) );
#217 = ORIENTED_EDGE('',*,*,#218,.F.);
#218 = EDGE_CURVE('',#219,#200,#221,.T.);
#219 = VERTEX_POINT('',#220);
#220 = CARTESIAN_POINT('',(7.635127497844E-02,2.388478195769E-02,
    1.477838142595E-02));
#221 = SURFACE_CURVE('',#222,(#226),.PCURVE_S1.);
#222 = LINE('',#223,#224);
#223 = CARTESIAN_POINT('',(7.635127497844E-02,2.388478195769E-02,
    1.477838142595E-02));
#224 = VECTOR('',#225,1.);
#225 = DIRECTION('',(0.196069297596,-0.647519712844,-0.73639327266));
#226 = PCURVE('',#32,#227);
#227 = DEFINITIONAL_REPRESENTATION('',(#228),#235);
#228 = B_SPLINE_CURVE_WITH_KNOTS('',5,(#229,#230,#231,#232,#233,#234),
  .UNSPECIFIED.,.F.,.F.,(6,6),(0.,2.166044482203E-03),
  .PIECEWISE_BEZIER_KNOTS.);
#229 = CARTESIAN_POINT('',(0.303183245107,5.76302450541E-02));
#230 = CARTESIAN_POINT('',(0.299519785099,5.73112329371E-02));
#231 = CARTESIAN_POINT('',(0.29585601777,5.699222082011E-02));
#232 = CARTESIAN_POINT('',(0.292192147933,5.667320870311E-02));
#233 = CARTESIAN_POINT('',(0.288528380605,5.635419658612E-02));
#234 = CARTESIAN_POINT('',(0.284864920597,5.603518446912E-02));
#235 = ( GEOMETRIC_REPRESENTATION_CONTEXT(2) 
PARAMETRIC_REPRESENTATION_CONTEXT() REPRESENTATION_CONTEXT('2D SPACE',''
  ) );
#236 = ORIENTED_EDGE('',*,*,#237,.F.);
#237 = EDGE_CURVE('',#238,#219,#240,.T.);
#238 = VERTEX_POINT('',#239);
#239 = CARTESIAN_POINT('',(7.590096036352E-02,2.52793238813E-02,
    1.653224670024E-02));
#240 = SURFACE_CURVE('',#241,(#245),.PCURVE_S1.);
#241 = LINE('',#242,#243);
#242 = CARTESIAN_POINT('',(7.590096036352E-02,2.52793238813E-02,
    1.653224670024E-02));
#243 = VECTOR('',#244,1.);
#244 = DIRECTION('',(0.197029916596,-0.610165581558,-0.767383329925));
#245 = PCURVE('',#32,#246);
#246 = DEFINITIONAL_REPRESENTATION('',(#247),#254);
#247 = B_SPLINE_CURVE_WITH_KNOTS('',5,(#248,#249,#250,#251,#252,#253),
  .UNSPECIFIED.,.F.,.F.,(6,6),(0.,2.285513909279E-03),
  .PIECEWISE_BEZIER_KNOTS.);
#248 = CARTESIAN_POINT('',(0.321501569618,5.938411032839E-02));
#249 = CARTESIAN_POINT('',(0.31783810961,5.903333727353E-02));
#250 = CARTESIAN_POINT('',(0.314174342281,5.868256421867E-02));
#251 = CARTESIAN_POINT('',(0.310510472444,5.833179116381E-02));
#252 = CARTESIAN_POINT('',(0.306846705116,5.798101810896E-02));
#253 = CARTESIAN_POINT('',(0.303183245107,5.76302450541E-02));
#254 = ( GEOMETRIC_REPRESENTATION_CONTEXT(2) 
PARAMETRIC_REPRESENTATION_CONTEXT() REPRESENTATION_CONTEXT('2D SPACE',''
  ) );
#255 = ORIENTED_EDGE('',*,*,#256,.F.);
#256 = EDGE_CURVE('',#257,#238,#259,.T.);
#257 = VERTEX_POINT('',#258);
#258 = CARTESIAN_POINT('',(7.542517705766E-02,2.66653832866E-02,
    1.842051658262E-02));
#259 = SURFACE_CURVE('',#260,(#264),.PCURVE_S1.);
#260 = LINE('',#261,#262);
#261 = CARTESIAN_POINT('',(7.542517705766E-02,2.66653832866E-02,
    1.842051658262E-02));
#262 = VECTOR('',#263,1.);
#263 = DIRECTION('',(0.19905520157,-0.57989074209,-0.790002375925));
#264 = PCURVE('',#32,#265);
#265 = DEFINITIONAL_REPRESENTATION('',(#266),#273);
#266 = B_SPLINE_CURVE_WITH_KNOTS('',5,(#267,#268,#269,#270,#271,#272),
  .UNSPECIFIED.,.F.,.F.,(6,6),(0.,2.390207852428E-03),
  .PIECEWISE_BEZIER_KNOTS.);
#267 = CARTESIAN_POINT('',(0.339819894129,6.127238021076E-02));
#268 = CARTESIAN_POINT('',(0.33615643412,6.089472623429E-02));
#269 = CARTESIAN_POINT('',(0.332492666792,6.051707225781E-02));
#270 = CARTESIAN_POINT('',(0.328828796955,6.013941828134E-02));
#271 = CARTESIAN_POINT('',(0.325165029626,5.976176430486E-02));
#272 = CARTESIAN_POINT('',(0.321501569618,5.938411032839E-02));
#273 = ( GEOMETRIC_REPRESENTATION_CONTEXT(2) 
PARAMETRIC_REPRESENTATION_CONTEXT() REPRESENTATION_CONTEXT('2D SPACE',''
  ) );
#274 = ORIENTED_EDGE('',*,*,#275,.F.);
#275 = EDGE_CURVE('',#276,#257,#278,.T.);
#276 = VERTEX_POINT('',#277);
#277 = CARTESIAN_POINT('',(7.492408471073E-02,2.804249507908E-02,
    2.041879099183E-02));
#278 = SURFACE_CURVE('',#279,(#283),.PCURVE_S1.);
#279 = LINE('',#280,#281);
#280 = CARTESIAN_POINT('',(7.492408471073E-02,2.804249507908E-02,
    2.041879099183E-02));
#281 = VECTOR('',#282,1.);
#282 = DIRECTION('',(0.202214022322,-0.555728532773,-0.806396482531));
#283 = PCURVE('',#32,#284);
#284 = DEFINITIONAL_REPRESENTATION('',(#285),#292);
#285 = B_SPLINE_CURVE_WITH_KNOTS('',5,(#286,#287,#288,#289,#290,#291),
  .UNSPECIFIED.,.F.,.F.,(6,6),(0.,2.478029669644E-03),
  .PIECEWISE_BEZIER_KNOTS.);
#286 = CARTESIAN_POINT('',(0.358138218639,6.327065461997E-02));
#287 = CARTESIAN_POINT('',(0.354474758631,6.287099973813E-02));
#288 = CARTESIAN_POINT('',(0.350810991303,6.247134485629E-02));
#289 = CARTESIAN_POINT('',(0.347147121466,6.207168997445E-02));
#290 = CARTESIAN_POINT('',(0.343483354137,6.16720350926E-02));
#291 = CARTESIAN_POINT('',(0.339819894129,6.127238021076E-02));
#292 = ( GEOMETRIC_REPRESENTATION_CONTEXT(2) 
PARAMETRIC_REPRESENTATION_CONTEXT() REPRESENTATION_CONTEXT('2D SPACE',''
  ) );
#293 = ORIENTED_EDGE('',*,*,#294,.F.);
#294 = EDGE_CURVE('',#295,#276,#297,.T.);
#295 = VERTEX_POINT('',#296);
#296 = CARTESIAN_POINT('',(7.439785146508E-02,2.941019716663E-02,
    2.250266984663E-02));
#297 = SURFACE_CURVE('',#298,(#302),.PCURVE_S1.);
#298 = LINE('',#299,#300);
#299 = CARTESIAN_POINT('',(7.439785146508E-02,2.941019716663E-02,
    2.250266984663E-02));
#300 = VECTOR('',#301,1.);
#301 = DIRECTION('',(0.206563320502,-0.536866659414,-0.817988865837));
#302 = PCURVE('',#32,#303);
#303 = DEFINITIONAL_REPRESENTATION('',(#304),#311);
#304 = B_SPLINE_CURVE_WITH_KNOTS('',5,(#305,#306,#307,#308,#309,#310),
  .UNSPECIFIED.,.F.,.F.,(6,6),(0.,2.547563838386E-03),
  .PIECEWISE_BEZIER_KNOTS.);
#305 = CARTESIAN_POINT('',(0.37645654315,6.535453347478E-02));
#306 = CARTESIAN_POINT('',(0.372793083142,6.493775770382E-02));
#307 = CARTESIAN_POINT('',(0.369129315813,6.452098193286E-02));
#308 = CARTESIAN_POINT('',(0.365465445976,6.410420616189E-02));
#309 = CARTESIAN_POINT('',(0.361801678648,6.368743039093E-02));
#310 = CARTESIAN_POINT('',(0.358138218639,6.327065461997E-02));
#311 = ( GEOMETRIC_REPRESENTATION_CONTEXT(2) 
PARAMETRIC_REPRESENTATION_CONTEXT() REPRESENTATION_CONTEXT('2D SPACE',''
  ) );
#312 = ORIENTED_EDGE('',*,*,#313,.F.);
#313 = EDGE_CURVE('',#314,#295,#316,.T.);
#314 = VERTEX_POINT('',#315);
#315 = CARTESIAN_POINT('',(7.384665389914E-02,3.076803061461E-02,
    2.46477530658E-02));
#316 = SURFACE_CURVE('',#317,(#321),.PCURVE_S1.);
#317 = LINE('',#318,#319);
#318 = CARTESIAN_POINT('',(7.384665389914E-02,3.076803061461E-02,
    2.46477530658E-02));
#319 = VECTOR('',#320,1.);
#320 = DIRECTION('',(0.212173135307,-0.522672445746,-0.825709437461));
#321 = PCURVE('',#32,#322);
#322 = DEFINITIONAL_REPRESENTATION('',(#323),#330);
#323 = B_SPLINE_CURVE_WITH_KNOTS('',5,(#324,#325,#326,#327,#328,#329),
  .UNSPECIFIED.,.F.,.F.,(6,6),(0.,2.597866903112E-03),
  .PIECEWISE_BEZIER_KNOTS.);
#324 = CARTESIAN_POINT('',(0.394774867661,6.749961669394E-02));
#325 = CARTESIAN_POINT('',(0.391111407653,6.707060005011E-02));
#326 = CARTESIAN_POINT('',(0.387447640324,6.664158340628E-02));
#327 = CARTESIAN_POINT('',(0.383783770487,6.621256676244E-02));
#328 = CARTESIAN_POINT('',(0.380120003159,6.578355011861E-02));
#329 = CARTESIAN_POINT('',(0.37645654315,6.535453347478E-02));
#330 = ( GEOMETRIC_REPRESENTATION_CONTEXT(2) 
PARAMETRIC_REPRESENTATION_CONTEXT() REPRESENTATION_CONTEXT('2D SPACE',''
  ) );
#331 = ORIENTED_EDGE('',*,*,#332,.F.);
#332 = EDGE_CURVE('',#333,#314,#335,.T.);
#333 = VERTEX_POINT('',#334);
#334 = CARTESIAN_POINT('',(7.327067696814E-02,3.211553979977E-02,
    2.682964056808E-02));
#335 = SURFACE_CURVE('',#336,(#340),.PCURVE_S1.);
#336 = LINE('',#337,#338);
#337 = CARTESIAN_POINT('',(7.327067696814E-02,3.211553979977E-02,
    2.682964056808E-02));
#338 = VECTOR('',#339,1.);
#339 = DIRECTION('',(0.21914107386,-0.512684786459,-0.830139445804));
#340 = PCURVE('',#32,#341);
#341 = DEFINITIONAL_REPRESENTATION('',(#342),#349);
#342 = B_SPLINE_CURVE_WITH_KNOTS('',5,(#343,#344,#345,#346,#347,#348),
  .UNSPECIFIED.,.F.,.F.,(6,6),(0.,2.628338543979E-03),
  .PIECEWISE_BEZIER_KNOTS.);
#343 = CARTESIAN_POINT('',(0.413093192172,6.968150419623E-02));
#344 = CARTESIAN_POINT('',(0.409429732163,6.924512669577E-02));
#345 = CARTESIAN_POINT('',(0.405765964835,6.880874919532E-02));
#346 = CARTESIAN_POINT('',(0.402102094998,6.837237169486E-02));
#347 = CARTESIAN_POINT('',(0.398438327669,6.79359941944E-02));
#348 = CARTESIAN_POINT('',(0.394774867661,6.749961669394E-02));
#349 = ( GEOMETRIC_REPRESENTATION_CONTEXT(2) 
PARAMETRIC_REPRESENTATION_CONTEXT() REPRESENTATION_CONTEXT('2D SPACE',''
  ) );
#350 = ORIENTED_EDGE('',*,*,#351,.F.);
#351 = EDGE_CURVE('',#352,#333,#354,.T.);
#352 = VERTEX_POINT('',#353);
#353 = CARTESIAN_POINT('',(7.267011394209E-02,3.345227256322E-02,
    2.902393227225E-02));
#354 = SURFACE_CURVE('',#355,(#359),.PCURVE_S1.);
#355 = LINE('',#356,#357);
#356 = CARTESIAN_POINT('',(7.267011394209E-02,3.345227256322E-02,
    2.902393227225E-02));
#357 = VECTOR('',#358,1.);
#358 = DIRECTION('',(0.227602828686,-0.506598216942,-0.831597979174));
#359 = PCURVE('',#32,#360);
#360 = DEFINITIONAL_REPRESENTATION('',(#361),#368);
#361 = B_SPLINE_CURVE_WITH_KNOTS('',5,(#362,#363,#364,#365,#366,#367),
  .UNSPECIFIED.,.F.,.F.,(6,6),(0.,2.638644824924E-03),
  .PIECEWISE_BEZIER_KNOTS.);
#362 = CARTESIAN_POINT('',(0.431411516682,7.187579590039E-02));
#363 = CARTESIAN_POINT('',(0.427748056674,7.143693755956E-02));
#364 = CARTESIAN_POINT('',(0.424084289346,7.099807921873E-02));
#365 = CARTESIAN_POINT('',(0.420420419508,7.05592208779E-02));
#366 = CARTESIAN_POINT('',(0.41675665218,7.012036253706E-02));
#367 = CARTESIAN_POINT('',(0.413093192172,6.968150419623E-02));
#368 = ( GEOMETRIC_REPRESENTATION_CONTEXT(2) 
PARAMETRIC_REPRESENTATION_CONTEXT() REPRESENTATION_CONTEXT('2D SPACE',''
  ) );
#369 = ORIENTED_EDGE('',*,*,#370,.F.);
#370 = EDGE_CURVE('',#371,#352,#373,.T.);
#371 = VERTEX_POINT('',#372);
#372 = CARTESIAN_POINT('',(7.204516634089E-02,3.47777803621E-02,
    3.120917845337E-02));
#373 = SURFACE_CURVE('',#374,(#378),.PCURVE_S1.);
#374 = LINE('',#375,#376);
#375 = CARTESIAN_POINT('',(7.204516634089E-02,3.47777803621E-02,
    3.120917845337E-02));
#376 = VECTOR('',#377,1.);
#377 = DIRECTION('',(0.237520845793,-0.503779409487,-0.830536064474));
#378 = PCURVE('',#32,#379);
#379 = DEFINITIONAL_REPRESENTATION('',(#380),#387);
#380 = B_SPLINE_CURVE_WITH_KNOTS('',5,(#381,#382,#383,#384,#385,#386),
  .UNSPECIFIED.,.F.,.F.,(6,6),(0.,2.631127382178E-03),
  .PIECEWISE_BEZIER_KNOTS.);
#381 = CARTESIAN_POINT('',(0.449729841193,7.406104208152E-02));
#382 = CARTESIAN_POINT('',(0.446066381185,7.362399284529E-02));
#383 = CARTESIAN_POINT('',(0.442402613856,7.318694360907E-02));
#384 = CARTESIAN_POINT('',(0.438738744019,7.274989437284E-02));
#385 = CARTESIAN_POINT('',(0.435074976691,7.231284513662E-02));
#386 = CARTESIAN_POINT('',(0.431411516682,7.187579590039E-02));
#387 = ( GEOMETRIC_REPRESENTATION_CONTEXT(2) 
PARAMETRIC_REPRESENTATION_CONTEXT() REPRESENTATION_CONTEXT('2D SPACE',''
  ) );
#388 = ORIENTED_EDGE('',*,*,#389,.F.);
#389 = EDGE_CURVE('',#390,#371,#392,.T.);
#390 = VERTEX_POINT('',#391);
#391 = CARTESIAN_POINT('',(7.139604386671E-02,3.60916184201E-02,
    3.338254611689E-02));
#392 = SURFACE_CURVE('',#393,(#397),.PCURVE_S1.);
#393 = LINE('',#394,#395);
#394 = CARTESIAN_POINT('',(7.139604386671E-02,3.60916184201E-02,
    3.338254611689E-02));
#395 = VECTOR('',#396,1.);
#396 = DIRECTION('',(0.247636613599,-0.501221911809,-0.82912767577));
#397 = PCURVE('',#32,#398);
#398 = DEFINITIONAL_REPRESENTATION('',(#399),#406);
#399 = B_SPLINE_CURVE_WITH_KNOTS('',5,(#400,#401,#402,#403,#404,#405),
  .UNSPECIFIED.,.F.,.F.,(6,6),(0.,2.621270194001E-03),
  .PIECEWISE_BEZIER_KNOTS.);
#400 = CARTESIAN_POINT('',(0.468048165704,7.623440974503E-02));
#401 = CARTESIAN_POINT('',(0.464384705695,7.579973621233E-02));
#402 = CARTESIAN_POINT('',(0.460720938367,7.536506267963E-02));
#403 = CARTESIAN_POINT('',(0.45705706853,7.493038914692E-02));
#404 = CARTESIAN_POINT('',(0.453393301201,7.449571561422E-02));
#405 = CARTESIAN_POINT('',(0.449729841193,7.406104208152E-02));
#406 = ( GEOMETRIC_REPRESENTATION_CONTEXT(2) 
PARAMETRIC_REPRESENTATION_CONTEXT() REPRESENTATION_CONTEXT('2D SPACE',''
  ) );
#407 = ORIENTED_EDGE('',*,*,#408,.F.);
#408 = EDGE_CURVE('',#409,#390,#411,.T.);
#409 = VERTEX_POINT('',#410);
#410 = CARTESIAN_POINT('',(7.072296433368E-02,3.739334587673E-02,
    3.554844394274E-02));
#411 = SURFACE_CURVE('',#412,(#416),.PCURVE_S1.);
#412 = LINE('',#413,#414);
#413 = CARTESIAN_POINT('',(7.072296433368E-02,3.739334587673E-02,
    3.554844394274E-02));
#414 = VECTOR('',#415,1.);
#415 = DIRECTION('',(0.257383908952,-0.497777282972,-0.828233843772));
#416 = PCURVE('',#32,#417);
#417 = DEFINITIONAL_REPRESENTATION('',(#418),#425);
#418 = B_SPLINE_CURVE_WITH_KNOTS('',5,(#419,#420,#421,#422,#423,#424),
  .UNSPECIFIED.,.F.,.F.,(6,6),(0.,2.615080079305E-03),
  .PIECEWISE_BEZIER_KNOTS.);
#419 = CARTESIAN_POINT('',(0.486366490215,7.840030757089E-02));
#420 = CARTESIAN_POINT('',(0.482703030206,7.796712800572E-02));
#421 = CARTESIAN_POINT('',(0.479039262878,7.753394844055E-02));
#422 = CARTESIAN_POINT('',(0.475375393041,7.710076887538E-02));
#423 = CARTESIAN_POINT('',(0.471711625712,7.66675893102E-02));
#424 = CARTESIAN_POINT('',(0.468048165704,7.623440974503E-02));
#425 = ( GEOMETRIC_REPRESENTATION_CONTEXT(2) 
PARAMETRIC_REPRESENTATION_CONTEXT() REPRESENTATION_CONTEXT('2D SPACE',''
  ) );
#426 = ORIENTED_EDGE('',*,*,#427,.F.);
#427 = EDGE_CURVE('',#428,#409,#430,.T.);
#428 = VERTEX_POINT('',#429);
#429 = CARTESIAN_POINT('',(7.002615359472E-02,3.868252593522E-02,
    3.771129682493E-02));
#430 = SURFACE_CURVE('',#431,(#435),.PCURVE_S1.);
#431 = LINE('',#432,#433);
#432 = CARTESIAN_POINT('',(7.002615359472E-02,3.868252593522E-02,
    3.771129682493E-02));
#433 = VECTOR('',#434,1.);
#434 = DIRECTION('',(0.26671582001,-0.493454961603,-0.82786766589));
#435 = PCURVE('',#32,#436);
#436 = DEFINITIONAL_REPRESENTATION('',(#437),#444);
#437 = B_SPLINE_CURVE_WITH_KNOTS('',5,(#438,#439,#440,#441,#442,#443),
  .UNSPECIFIED.,.F.,.F.,(6,6),(0.,2.612558711131E-03),
  .PIECEWISE_BEZIER_KNOTS.);
#438 = CARTESIAN_POINT('',(0.504684814725,8.056316045307E-02));
#439 = CARTESIAN_POINT('',(0.501021354717,8.013058987664E-02));
#440 = CARTESIAN_POINT('',(0.497357587388,7.96980193002E-02));
#441 = CARTESIAN_POINT('',(0.493693717551,7.926544872376E-02));
#442 = CARTESIAN_POINT('',(0.490029950223,7.883287814733E-02));
#443 = CARTESIAN_POINT('',(0.486366490215,7.840030757089E-02));
#444 = ( GEOMETRIC_REPRESENTATION_CONTEXT(2) 
PARAMETRIC_REPRESENTATION_CONTEXT() REPRESENTATION_CONTEXT('2D SPACE',''
  ) );
#445 = ORIENTED_EDGE('',*,*,#446,.F.);
#446 = EDGE_CURVE('',#447,#428,#449,.T.);
#447 = VERTEX_POINT('',#448);
#448 = CARTESIAN_POINT('',(6.930584546581E-02,3.995872600909E-02,
    3.987552965743E-02));
#449 = SURFACE_CURVE('',#450,(#454),.PCURVE_S1.);
#450 = LINE('',#451,#452);
#451 = CARTESIAN_POINT('',(6.930584546581E-02,3.995872600909E-02,
    3.987552965743E-02));
#452 = VECTOR('',#453,1.);
#453 = DIRECTION('',(0.27558931271,-0.48827312524,-0.828033746829));
#454 = PCURVE('',#32,#455);
#455 = DEFINITIONAL_REPRESENTATION('',(#456),#463);
#456 = B_SPLINE_CURVE_WITH_KNOTS('',5,(#457,#458,#459,#460,#461,#462),
  .UNSPECIFIED.,.F.,.F.,(6,6),(0.,2.613701241998E-03),
  .PIECEWISE_BEZIER_KNOTS.);
#457 = CARTESIAN_POINT('',(0.523003139236,8.272739328558E-02));
#458 = CARTESIAN_POINT('',(0.519339679228,8.229454671908E-02));
#459 = CARTESIAN_POINT('',(0.515675911899,8.186170015257E-02));
#460 = CARTESIAN_POINT('',(0.512012042062,8.142885358607E-02));
#461 = CARTESIAN_POINT('',(0.508348274734,8.099600701957E-02));
#462 = CARTESIAN_POINT('',(0.504684814725,8.056316045307E-02));
#463 = ( GEOMETRIC_REPRESENTATION_CONTEXT(2) 
PARAMETRIC_REPRESENTATION_CONTEXT() REPRESENTATION_CONTEXT('2D SPACE',''
  ) );
#464 = ORIENTED_EDGE('',*,*,#465,.F.);
#465 = EDGE_CURVE('',#466,#447,#468,.T.);
#466 = VERTEX_POINT('',#467);
#467 = CARTESIAN_POINT('',(6.856228164751E-02,4.122151786734E-02,
    4.204556733425E-02));
#468 = SURFACE_CURVE('',#469,(#473),.PCURVE_S1.);
#469 = LINE('',#470,#471);
#470 = CARTESIAN_POINT('',(6.856228164751E-02,4.122151786734E-02,
    4.204556733425E-02));
#471 = VECTOR('',#472,1.);
#472 = DIRECTION('',(0.283964489249,-0.48225590895,-0.828729996518));
#473 = PCURVE('',#32,#474);
#474 = DEFINITIONAL_REPRESENTATION('',(#475),#482);
#475 = B_SPLINE_CURVE_WITH_KNOTS('',5,(#476,#477,#478,#479,#480,#481),
  .UNSPECIFIED.,.F.,.F.,(6,6),(0.,2.618509871651E-03),
  .PIECEWISE_BEZIER_KNOTS.);
#476 = CARTESIAN_POINT('',(0.541321463747,8.489743096239E-02));
#477 = CARTESIAN_POINT('',(0.537658003738,8.446342342703E-02));
#478 = CARTESIAN_POINT('',(0.53399423641,8.402941589167E-02));
#479 = CARTESIAN_POINT('',(0.530330366573,8.35954083563E-02));
#480 = CARTESIAN_POINT('',(0.526666599244,8.316140082094E-02));
#481 = CARTESIAN_POINT('',(0.523003139236,8.272739328558E-02));
#482 = ( GEOMETRIC_REPRESENTATION_CONTEXT(2) 
PARAMETRIC_REPRESENTATION_CONTEXT() REPRESENTATION_CONTEXT('2D SPACE',''
  ) );
#483 = ORIENTED_EDGE('',*,*,#484,.F.);
#484 = EDGE_CURVE('',#485,#466,#487,.T.);
#485 = VERTEX_POINT('',#486);
#486 = CARTESIAN_POINT('',(6.779571164388E-02,4.24704777781E-02,
    4.422583474936E-02));
#487 = SURFACE_CURVE('',#488,(#492),.PCURVE_S1.);
#488 = LINE('',#489,#490);
#489 = CARTESIAN_POINT('',(6.779571164388E-02,4.24704777781E-02,
    4.422583474936E-02));
#490 = VECTOR('',#491,1.);
#491 = DIRECTION('',(0.291805029511,-0.475433139687,-0.829947681748));
#492 = PCURVE('',#32,#493);
#493 = DEFINITIONAL_REPRESENTATION('',(#494),#501);
#494 = B_SPLINE_CURVE_WITH_KNOTS('',5,(#495,#496,#497,#498,#499,#500),
  .UNSPECIFIED.,.F.,.F.,(6,6),(0.,2.626993801013E-03),
  .PIECEWISE_BEZIER_KNOTS.);
#495 = CARTESIAN_POINT('',(0.559639788257,8.707769837751E-02));
#496 = CARTESIAN_POINT('',(0.555976328249,8.664164489449E-02));
#497 = CARTESIAN_POINT('',(0.552312560921,8.620559141146E-02));
#498 = CARTESIAN_POINT('',(0.548648691084,8.576953792844E-02));
#499 = CARTESIAN_POINT('',(0.544984923755,8.533348444541E-02));
#500 = CARTESIAN_POINT('',(0.541321463747,8.489743096239E-02));
#501 = ( GEOMETRIC_REPRESENTATION_CONTEXT(2) 
PARAMETRIC_REPRESENTATION_CONTEXT() REPRESENTATION_CONTEXT('2D SPACE',''
  ) );
#502 = ORIENTED_EDGE('',*,*,#503,.F.);
#503 = EDGE_CURVE('',#504,#485,#506,.T.);
#504 = VERTEX_POINT('',#505);
#505 = CARTESIAN_POINT('',(6.700639267873E-02,4.370518665082E-02,
    4.642075679677E-02));
#506 = SURFACE_CURVE('',#507,(#511),.PCURVE_S1.);
#507 = LINE('',#508,#509);
#508 = CARTESIAN_POINT('',(6.700639267873E-02,4.370518665082E-02,
    4.642075679677E-02));
#509 = VECTOR('',#510,1.);
#510 = DIRECTION('',(0.299078593713,-0.467840010954,-0.831671641295));
#511 = PCURVE('',#32,#512);
#512 = DEFINITIONAL_REPRESENTATION('',(#513),#520);
#513 = B_SPLINE_CURVE_WITH_KNOTS('',5,(#514,#515,#516,#517,#518,#519),
  .UNSPECIFIED.,.F.,.F.,(6,6),(0.,2.639169040313E-03),
  .PIECEWISE_BEZIER_KNOTS.);
#514 = CARTESIAN_POINT('',(0.577958112768,8.927262042492E-02));
#515 = CARTESIAN_POINT('',(0.57429465276,8.883363601544E-02));
#516 = CARTESIAN_POINT('',(0.570630885431,8.839465160596E-02));
#517 = CARTESIAN_POINT('',(0.566967015594,8.795566719647E-02));
#518 = CARTESIAN_POINT('',(0.563303248266,8.751668278699E-02));
#519 = CARTESIAN_POINT('',(0.559639788257,8.707769837751E-02));
#520 = ( GEOMETRIC_REPRESENTATION_CONTEXT(2) 
PARAMETRIC_REPRESENTATION_CONTEXT() REPRESENTATION_CONTEXT('2D SPACE',''
  ) );
#521 = ORIENTED_EDGE('',*,*,#522,.F.);
#522 = EDGE_CURVE('',#523,#504,#525,.T.);
#523 = VERTEX_POINT('',#524);
#524 = CARTESIAN_POINT('',(6.619458960933E-02,4.492523017695E-02,
    4.863475837047E-02));
#525 = SURFACE_CURVE('',#526,(#530),.PCURVE_S1.);
#526 = LINE('',#527,#528);
#527 = CARTESIAN_POINT('',(6.619458960933E-02,4.492523017695E-02,
    4.863475837047E-02));
#528 = VECTOR('',#529,1.);
#529 = DIRECTION('',(0.305757179526,-0.459516699934,-0.833880656719));
#530 = PCURVE('',#32,#531);
#531 = DEFINITIONAL_REPRESENTATION('',(#532),#539);
#532 = B_SPLINE_CURVE_WITH_KNOTS('',5,(#533,#534,#535,#536,#537,#538),
  .UNSPECIFIED.,.F.,.F.,(6,6),(0.,2.655058077983E-03),
  .PIECEWISE_BEZIER_KNOTS.);
#533 = CARTESIAN_POINT('',(0.596276437279,9.148662199862E-02));
#534 = CARTESIAN_POINT('',(0.592612977271,9.104382168388E-02));
#535 = CARTESIAN_POINT('',(0.588949209942,9.060102136914E-02));
#536 = CARTESIAN_POINT('',(0.585285340105,9.01582210544E-02));
#537 = CARTESIAN_POINT('',(0.581621572777,8.971542073966E-02));
#538 = CARTESIAN_POINT('',(0.577958112768,8.927262042492E-02));
#539 = ( GEOMETRIC_REPRESENTATION_CONTEXT(2) 
PARAMETRIC_REPRESENTATION_CONTEXT() REPRESENTATION_CONTEXT('2D SPACE',''
  ) );
#540 = ORIENTED_EDGE('',*,*,#541,.F.);
#541 = EDGE_CURVE('',#542,#523,#544,.T.);
#542 = VERTEX_POINT('',#543);
#543 = CARTESIAN_POINT('',(6.536057483752E-02,4.613019896889E-02,
    5.087226436444E-02));
#544 = SURFACE_CURVE('',#545,(#549),.PCURVE_S1.);
#545 = LINE('',#546,#547);
#546 = CARTESIAN_POINT('',(6.536057483752E-02,4.613019896889E-02,
    5.087226436444E-02));
#547 = VECTOR('',#548,1.);
#548 = DIRECTION('',(0.311817426377,-0.450507928953,-0.836547965485));
#549 = PCURVE('',#32,#550);
#550 = DEFINITIONAL_REPRESENTATION('',(#551),#558);
#551 = B_SPLINE_CURVE_WITH_KNOTS('',5,(#552,#553,#554,#555,#556,#557),
  .UNSPECIFIED.,.F.,.F.,(6,6),(0.,2.674689421633E-03),
  .PIECEWISE_BEZIER_KNOTS.);
#552 = CARTESIAN_POINT('',(0.61459476179,9.372412799259E-02));
#553 = CARTESIAN_POINT('',(0.610931301781,9.327662679379E-02));
#554 = CARTESIAN_POINT('',(0.607267534453,9.2829125595E-02));
#555 = CARTESIAN_POINT('',(0.603603664616,9.238162439621E-02));
#556 = CARTESIAN_POINT('',(0.599939897287,9.193412319741E-02));
#557 = CARTESIAN_POINT('',(0.596276437279,9.148662199862E-02));
#558 = ( GEOMETRIC_REPRESENTATION_CONTEXT(2) 
PARAMETRIC_REPRESENTATION_CONTEXT() REPRESENTATION_CONTEXT('2D SPACE',''
  ) );
#559 = ORIENTED_EDGE('',*,*,#560,.F.);
#560 = EDGE_CURVE('',#561,#542,#563,.T.);
#561 = VERTEX_POINT('',#562);
#562 = CARTESIAN_POINT('',(6.450462821831E-02,4.731968869738E-02,
    5.313769967268E-02));
#563 = SURFACE_CURVE('',#564,(#568),.PCURVE_S1.);
#564 = LINE('',#565,#566);
#565 = CARTESIAN_POINT('',(6.450462821831E-02,4.731968869738E-02,
    5.313769967268E-02));
#566 = VECTOR('',#567,1.);
#567 = DIRECTION('',(0.317240859305,-0.440862473355,-0.839641897939));
#568 = PCURVE('',#32,#569);
#569 = DEFINITIONAL_REPRESENTATION('',(#570),#577);
#570 = B_SPLINE_CURVE_WITH_KNOTS('',5,(#571,#572,#573,#574,#575,#576),
  .UNSPECIFIED.,.F.,.F.,(6,6),(0.,2.698097026601E-03),
  .PIECEWISE_BEZIER_KNOTS.);
#571 = CARTESIAN_POINT('',(0.6329130863,9.598956330083E-02));
#572 = CARTESIAN_POINT('',(0.629249626292,9.553647623918E-02));
#573 = CARTESIAN_POINT('',(0.625585858964,9.508338917753E-02));
#574 = CARTESIAN_POINT('',(0.621921989126,9.463030211588E-02));
#575 = CARTESIAN_POINT('',(0.618258221798,9.417721505424E-02));
#576 = CARTESIAN_POINT('',(0.61459476179,9.372412799259E-02));
#577 = ( GEOMETRIC_REPRESENTATION_CONTEXT(2) 
PARAMETRIC_REPRESENTATION_CONTEXT() REPRESENTATION_CONTEXT('2D SPACE',''
  ) );
#578 = ORIENTED_EDGE('',*,*,#579,.F.);
#579 = EDGE_CURVE('',#580,#561,#582,.T.);
#580 = VERTEX_POINT('',#581);
#581 = CARTESIAN_POINT('',(6.362703696599E-02,4.849330022723E-02,
    5.543548918918E-02));
#582 = SURFACE_CURVE('',#583,(#587),.PCURVE_S1.);
#583 = LINE('',#584,#585);
#584 = CARTESIAN_POINT('',(6.362703696599E-02,4.849330022723E-02,
    5.543548918918E-02));
#585 = VECTOR('',#586,1.);
#586 = DIRECTION('',(0.32201406482,-0.430632618825,-0.843126615439));
#587 = PCURVE('',#32,#588);
#588 = DEFINITIONAL_REPRESENTATION('',(#589),#596);
#589 = B_SPLINE_CURVE_WITH_KNOTS('',5,(#590,#591,#592,#593,#594,#595),
  .UNSPECIFIED.,.F.,.F.,(6,6),(0.,2.725319631028E-03),
  .PIECEWISE_BEZIER_KNOTS.);
#590 = CARTESIAN_POINT('',(0.651231410811,9.828735281733E-02));
#591 = CARTESIAN_POINT('',(0.647567950803,9.782779491403E-02));
#592 = CARTESIAN_POINT('',(0.643904183474,9.736823701073E-02));
#593 = CARTESIAN_POINT('',(0.640240313637,9.690867910743E-02));
#594 = CARTESIAN_POINT('',(0.636576546309,9.644912120413E-02));
#595 = CARTESIAN_POINT('',(0.6329130863,9.598956330083E-02));
#596 = ( GEOMETRIC_REPRESENTATION_CONTEXT(2) 
PARAMETRIC_REPRESENTATION_CONTEXT() REPRESENTATION_CONTEXT('2D SPACE',''
  ) );
#597 = ORIENTED_EDGE('',*,*,#598,.F.);
#598 = EDGE_CURVE('',#599,#580,#601,.T.);
#599 = VERTEX_POINT('',#600);
#600 = CARTESIAN_POINT('',(6.272809555773E-02,4.965063975116E-02,
    5.777005780793E-02));
#601 = SURFACE_CURVE('',#602,(#606),.PCURVE_S1.);
#602 = LINE('',#603,#604);
#603 = CARTESIAN_POINT('',(6.272809555773E-02,4.965063975116E-02,
    5.777005780793E-02));
#604 = VECTOR('',#605,1.);
#605 = DIRECTION('',(0.326128791924,-0.419873572759,-0.846962923614));
#606 = PCURVE('',#32,#607);
#607 = DEFINITIONAL_REPRESENTATION('',(#608),#615);
#608 = B_SPLINE_CURVE_WITH_KNOTS('',5,(#609,#610,#611,#612,#613,#614),
  .UNSPECIFIED.,.F.,.F.,(6,6),(0.,2.756400019007E-03),
  .PIECEWISE_BEZIER_KNOTS.);
#609 = CARTESIAN_POINT('',(0.669549735322,0.100621921436));
#610 = CARTESIAN_POINT('',(0.665886275313,0.100155007712));
#611 = CARTESIAN_POINT('',(0.662222507985,9.968809398858E-02));
#612 = CARTESIAN_POINT('',(0.658558638148,9.922118026483E-02));
#613 = CARTESIAN_POINT('',(0.65489487082,9.875426654108E-02));
#614 = CARTESIAN_POINT('',(0.651231410811,9.828735281733E-02));
#615 = ( GEOMETRIC_REPRESENTATION_CONTEXT(2) 
PARAMETRIC_REPRESENTATION_CONTEXT() REPRESENTATION_CONTEXT('2D SPACE',''
  ) );
#616 = ORIENTED_EDGE('',*,*,#617,.F.);
#617 = EDGE_CURVE('',#618,#599,#620,.T.);
#618 = VERTEX_POINT('',#619);
#619 = CARTESIAN_POINT('',(6.180810563479E-02,5.079131892202E-02,
    6.014583042292E-02));
#620 = SURFACE_CURVE('',#621,(#625),.PCURVE_S1.);
#621 = LINE('',#622,#623);
#622 = CARTESIAN_POINT('',(6.180810563479E-02,5.079131892202E-02,
    6.014583042292E-02));
#623 = VECTOR('',#624,1.);
#624 = DIRECTION('',(0.329581972777,-0.408642836254,-0.851109132602));
#625 = PCURVE('',#32,#626);
#626 = DEFINITIONAL_REPRESENTATION('',(#627),#634);
#627 = B_SPLINE_CURVE_WITH_KNOTS('',5,(#628,#629,#630,#631,#632,#633),
  .UNSPECIFIED.,.F.,.F.,(6,6),(0.,2.791384234976E-03),
  .PIECEWISE_BEZIER_KNOTS.);
#628 = CARTESIAN_POINT('',(0.687868059833,0.102997694051));
#629 = CARTESIAN_POINT('',(0.684204599824,0.102522539528));
#630 = CARTESIAN_POINT('',(0.680540832496,0.102047385005));
#631 = CARTESIAN_POINT('',(0.676876962659,0.101572230482));
#632 = CARTESIAN_POINT('',(0.67321319533,0.101097075959));
#633 = CARTESIAN_POINT('',(0.669549735322,0.100621921436));
#634 = ( GEOMETRIC_REPRESENTATION_CONTEXT(2) 
PARAMETRIC_REPRESENTATION_CONTEXT() REPRESENTATION_CONTEXT('2D SPACE',''
  ) );
#635 = ORIENTED_EDGE('',*,*,#636,.F.);
#636 = EDGE_CURVE('',#637,#618,#639,.T.);
#637 = VERTEX_POINT('',#638);
#638 = CARTESIAN_POINT('',(6.086737590129E-02,5.191495498304E-02,
    6.256723192814E-02));
#639 = SURFACE_CURVE('',#640,(#644),.PCURVE_S1.);
#640 = LINE('',#641,#642);
#641 = CARTESIAN_POINT('',(6.086737590129E-02,5.191495498304E-02,
    6.256723192814E-02));
#642 = VECTOR('',#643,1.);
#643 = DIRECTION('',(0.332375659483,-0.396999545671,-0.855521935265));
#644 = PCURVE('',#32,#645);
#645 = DEFINITIONAL_REPRESENTATION('',(#646),#653);
#646 = B_SPLINE_CURVE_WITH_KNOTS('',5,(#647,#648,#649,#650,#651,#652),
  .UNSPECIFIED.,.F.,.F.,(6,6),(0.,2.830320773098E-03),
  .PIECEWISE_BEZIER_KNOTS.);
#647 = CARTESIAN_POINT('',(0.706186384343,0.105419095556));
#648 = CARTESIAN_POINT('',(0.702522924335,0.104934815255));
#649 = CARTESIAN_POINT('',(0.698859157006,0.104450534954));
#650 = CARTESIAN_POINT('',(0.695195287169,0.103966254653));
#651 = CARTESIAN_POINT('',(0.691531519841,0.103481974352));
#652 = CARTESIAN_POINT('',(0.687868059833,0.102997694051));
#653 = ( GEOMETRIC_REPRESENTATION_CONTEXT(2) 
PARAMETRIC_REPRESENTATION_CONTEXT() REPRESENTATION_CONTEXT('2D SPACE',''
  ) );
#654 = ORIENTED_EDGE('',*,*,#655,.F.);
#655 = EDGE_CURVE('',#656,#637,#658,.T.);
#656 = VERTEX_POINT('',#657);
#657 = CARTESIAN_POINT('',(5.990622202061E-02,5.302117089632E-02,
    6.503868721759E-02));
#658 = SURFACE_CURVE('',#659,(#663),.PCURVE_S1.);
#659 = LINE('',#660,#661);
#660 = CARTESIAN_POINT('',(5.990622202061E-02,5.302117089632E-02,
    6.503868721759E-02));
#661 = VECTOR('',#662,1.);
#662 = DIRECTION('',(0.334516876059,-0.385003794915,-0.860157274882));
#663 = PCURVE('',#32,#664);
#664 = DEFINITIONAL_REPRESENTATION('',(#665),#672);
#665 = B_SPLINE_CURVE_WITH_KNOTS('',5,(#666,#667,#668,#669,#670,#671),
  .UNSPECIFIED.,.F.,.F.,(6,6),(0.,2.873259764947E-03),
  .PIECEWISE_BEZIER_KNOTS.);
#666 = CARTESIAN_POINT('',(0.724504708854,0.107890550846));
#667 = CARTESIAN_POINT('',(0.720841248846,0.107396259788));
#668 = CARTESIAN_POINT('',(0.717177481517,0.10690196873));
#669 = CARTESIAN_POINT('',(0.71351361168,0.106407677672));
#670 = CARTESIAN_POINT('',(0.709849844352,0.105913386614));
#671 = CARTESIAN_POINT('',(0.706186384343,0.105419095556));
#672 = ( GEOMETRIC_REPRESENTATION_CONTEXT(2) 
PARAMETRIC_REPRESENTATION_CONTEXT() REPRESENTATION_CONTEXT('2D SPACE',''
  ) );
#673 = ORIENTED_EDGE('',*,*,#674,.F.);
#674 = EDGE_CURVE('',#675,#656,#677,.T.);
#675 = VERTEX_POINT('',#676);
#676 = CARTESIAN_POINT('',(5.892496650952E-02,5.410959546931E-02,
    6.756462118525E-02));
#677 = SURFACE_CURVE('',#678,(#682),.PCURVE_S1.);
#678 = LINE('',#679,#680);
#679 = CARTESIAN_POINT('',(5.892496650952E-02,5.410959546931E-02,
    6.756462118525E-02));
#680 = VECTOR('',#681,1.);
#681 = DIRECTION('',(0.336017387582,-0.372715951614,-0.864971175621));
#682 = PCURVE('',#32,#683);
#683 = DEFINITIONAL_REPRESENTATION('',(#684),#691);
#684 = B_SPLINE_CURVE_WITH_KNOTS('',5,(#685,#686,#687,#688,#689,#690),
  .UNSPECIFIED.,.F.,.F.,(6,6),(0.,2.920252187418E-03),
  .PIECEWISE_BEZIER_KNOTS.);
#685 = CARTESIAN_POINT('',(0.742823033365,0.110416484813));
#686 = CARTESIAN_POINT('',(0.739159573356,0.10991129802));
#687 = CARTESIAN_POINT('',(0.735495806028,0.109406111226));
#688 = CARTESIAN_POINT('',(0.731831936191,0.108900924433));
#689 = CARTESIAN_POINT('',(0.728168168862,0.108395737639));
#690 = CARTESIAN_POINT('',(0.724504708854,0.107890550846));
#691 = ( GEOMETRIC_REPRESENTATION_CONTEXT(2) 
PARAMETRIC_REPRESENTATION_CONTEXT() REPRESENTATION_CONTEXT('2D SPACE',''
  ) );
#692 = ORIENTED_EDGE('',*,*,#693,.F.);
#693 = EDGE_CURVE('',#694,#675,#696,.T.);
#694 = VERTEX_POINT('',#695);
#695 = CARTESIAN_POINT('',(5.792393862989E-02,5.517986347936E-02,
    7.014945872511E-02));
#696 = SURFACE_CURVE('',#697,(#701),.PCURVE_S1.);
#697 = LINE('',#698,#699);
#698 = CARTESIAN_POINT('',(5.792393862989E-02,5.517986347936E-02,
    7.014945872511E-02));
#699 = VECTOR('',#700,1.);
#700 = DIRECTION('',(0.336893391652,-0.360195981771,-0.869920512103));
#701 = PCURVE('',#32,#702);
#702 = DEFINITIONAL_REPRESENTATION('',(#703),#710);
#703 = B_SPLINE_CURVE_WITH_KNOTS('',5,(#704,#705,#706,#707,#708,#709),
  .UNSPECIFIED.,.F.,.F.,(6,6),(0.,2.971349110529E-03),
  .PIECEWISE_BEZIER_KNOTS.);
#704 = CARTESIAN_POINT('',(0.761141357875,0.113001322353));
#705 = CARTESIAN_POINT('',(0.757477897867,0.112484354845));
#706 = CARTESIAN_POINT('',(0.753814130539,0.111967387337));
#707 = CARTESIAN_POINT('',(0.750150260702,0.111450419829));
#708 = CARTESIAN_POINT('',(0.746486493373,0.110933452321));
#709 = CARTESIAN_POINT('',(0.742823033365,0.110416484813));
#710 = ( GEOMETRIC_REPRESENTATION_CONTEXT(2) 
PARAMETRIC_REPRESENTATION_CONTEXT() REPRESENTATION_CONTEXT('2D SPACE',''
  ) );
#711 = ORIENTED_EDGE('',*,*,#712,.F.);
#712 = EDGE_CURVE('',#713,#694,#715,.T.);
#713 = VERTEX_POINT('',#714);
#714 = CARTESIAN_POINT('',(5.690347427826E-02,5.623161579631E-02,
    7.279762473118E-02));
#715 = SURFACE_CURVE('',#716,(#720),.PCURVE_S1.);
#716 = LINE('',#717,#718);
#717 = CARTESIAN_POINT('',(5.690347427826E-02,5.623161579631E-02,
    7.279762473118E-02));
#718 = VECTOR('',#719,1.);
#719 = DIRECTION('',(0.33716514036,-0.347502798115,-0.874963698349));
#720 = PCURVE('',#32,#721);
#721 = DEFINITIONAL_REPRESENTATION('',(#722),#729);
#722 = B_SPLINE_CURVE_WITH_KNOTS('',5,(#723,#724,#725,#726,#727,#728),
  .UNSPECIFIED.,.F.,.F.,(6,6),(0.,3.026601001918E-03),
  .PIECEWISE_BEZIER_KNOTS.);
#723 = CARTESIAN_POINT('',(0.779459682386,0.115649488359));
#724 = CARTESIAN_POINT('',(0.775796222378,0.115119855158));
#725 = CARTESIAN_POINT('',(0.772132455049,0.114590221957));
#726 = CARTESIAN_POINT('',(0.768468585212,0.114060588756));
#727 = CARTESIAN_POINT('',(0.764804817884,0.113530955554));
#728 = CARTESIAN_POINT('',(0.761141357875,0.113001322353));
#729 = ( GEOMETRIC_REPRESENTATION_CONTEXT(2) 
PARAMETRIC_REPRESENTATION_CONTEXT() REPRESENTATION_CONTEXT('2D SPACE',''
  ) );
#730 = ORIENTED_EDGE('',*,*,#731,.F.);
#731 = EDGE_CURVE('',#732,#713,#734,.T.);
#732 = VERTEX_POINT('',#733);
#733 = CARTESIAN_POINT('',(5.586391587311E-02,5.726449950294E-02,
    7.551354409743E-02));
#734 = SURFACE_CURVE('',#735,(#739),.PCURVE_S1.);
#735 = LINE('',#736,#737);
#736 = CARTESIAN_POINT('',(5.586391587311E-02,5.726449950294E-02,
    7.551354409743E-02));
#737 = VECTOR('',#738,1.);
#738 = DIRECTION('',(0.336856503619,-0.334693647166,-0.880061281114));
#739 = PCURVE('',#32,#740);
#740 = DEFINITIONAL_REPRESENTATION('',(#741),#748);
#741 = B_SPLINE_CURVE_WITH_KNOTS('',5,(#742,#743,#744,#745,#746,#747),
  .UNSPECIFIED.,.F.,.F.,(6,6),(0.,3.086057101404E-03),
  .PIECEWISE_BEZIER_KNOTS.);
#742 = CARTESIAN_POINT('',(0.797778006897,0.118365407726));
#743 = CARTESIAN_POINT('',(0.794114546889,0.117822223852));
#744 = CARTESIAN_POINT('',(0.79045077956,0.117279039979));
#745 = CARTESIAN_POINT('',(0.786786909723,0.116735856106));
#746 = CARTESIAN_POINT('',(0.783123142395,0.116192672233));
#747 = CARTESIAN_POINT('',(0.779459682386,0.115649488359));
#748 = ( GEOMETRIC_REPRESENTATION_CONTEXT(2) 
PARAMETRIC_REPRESENTATION_CONTEXT() REPRESENTATION_CONTEXT('2D SPACE',''
  ) );
#749 = ORIENTED_EDGE('',*,*,#750,.F.);
#750 = EDGE_CURVE('',#751,#732,#753,.T.);
#751 = VERTEX_POINT('',#752);
#752 = CARTESIAN_POINT('',(5.480561223996E-02,5.827816801344E-02,
    7.830164171786E-02));
#753 = SURFACE_CURVE('',#754,(#758),.PCURVE_S1.);
#754 = LINE('',#755,#756);
#755 = CARTESIAN_POINT('',(5.480561223996E-02,5.827816801344E-02,
    7.830164171786E-02));
#756 = VECTOR('',#757,1.);
#757 = DIRECTION('',(0.335994486897,-0.321823548935,-0.885176427683));
#758 = PCURVE('',#32,#759);
#759 = DEFINITIONAL_REPRESENTATION('',(#760),#767);
#760 = B_SPLINE_CURVE_WITH_KNOTS('',5,(#761,#762,#763,#764,#765,#766),
  .UNSPECIFIED.,.F.,.F.,(6,6),(0.,3.149764875384E-03),
  .PIECEWISE_BEZIER_KNOTS.);
#761 = CARTESIAN_POINT('',(0.816096331408,0.121153505346));
#762 = CARTESIAN_POINT('',(0.812432871399,0.120595885822));
#763 = CARTESIAN_POINT('',(0.808769104071,0.120038266298));
#764 = CARTESIAN_POINT('',(0.805105234234,0.119480646774));
#765 = CARTESIAN_POINT('',(0.801441466905,0.11892302725));
#766 = CARTESIAN_POINT('',(0.797778006897,0.118365407726));
#767 = ( GEOMETRIC_REPRESENTATION_CONTEXT(2) 
PARAMETRIC_REPRESENTATION_CONTEXT() REPRESENTATION_CONTEXT('2D SPACE',''
  ) );
#768 = ORIENTED_EDGE('',*,*,#769,.F.);
#769 = EDGE_CURVE('',#770,#751,#772,.T.);
#770 = VERTEX_POINT('',#771);
#771 = CARTESIAN_POINT('',(5.372891849431E-02,5.927228118971E-02,
    8.116634248647E-02));
#772 = SURFACE_CURVE('',#773,(#777),.PCURVE_S1.);
#773 = LINE('',#774,#775);
#774 = CARTESIAN_POINT('',(5.372891849431E-02,5.927228118971E-02,
    8.116634248647E-02));
#775 = VECTOR('',#776,1.);
#776 = DIRECTION('',(0.334608717788,-0.30894480124,-0.890275303357));
#777 = PCURVE('',#32,#778);
#778 = DEFINITIONAL_REPRESENTATION('',(#779),#786);
#779 = B_SPLINE_CURVE_WITH_KNOTS('',5,(#780,#781,#782,#783,#784,#785),
  .UNSPECIFIED.,.F.,.F.,(6,6),(0.,3.217769557128E-03),
  .PIECEWISE_BEZIER_KNOTS.);
#780 = CARTESIAN_POINT('',(0.834414655918,0.124018206115));
#781 = CARTESIAN_POINT('',(0.83075119591,0.123445265961));
#782 = CARTESIAN_POINT('',(0.827087428582,0.122872325807));
#783 = CARTESIAN_POINT('',(0.823423558744,0.122299385653));
#784 = CARTESIAN_POINT('',(0.819759791416,0.1217264455));
#785 = CARTESIAN_POINT('',(0.816096331408,0.121153505346));
#786 = ( GEOMETRIC_REPRESENTATION_CONTEXT(2) 
PARAMETRIC_REPRESENTATION_CONTEXT() REPRESENTATION_CONTEXT('2D SPACE',''
  ) );
#787 = ORIENTED_EDGE('',*,*,#788,.F.);
#788 = EDGE_CURVE('',#789,#770,#791,.T.);
#789 = VERTEX_POINT('',#790);
#790 = CARTESIAN_POINT('',(5.263419592251E-02,6.024650545543E-02,
    8.411207129724E-02));
#791 = SURFACE_CURVE('',#792,(#796),.PCURVE_S1.);
#792 = LINE('',#793,#794);
#793 = CARTESIAN_POINT('',(5.263419592251E-02,6.024650545543E-02,
    8.411207129724E-02));
#794 = VECTOR('',#795,1.);
#795 = DIRECTION('',(0.332730916467,-0.29610655807,-0.89532733874));
#796 = PCURVE('',#32,#797);
#797 = DEFINITIONAL_REPRESENTATION('',(#798),#805);
#798 = B_SPLINE_CURVE_WITH_KNOTS('',5,(#799,#800,#801,#802,#803,#804),
  .UNSPECIFIED.,.F.,.F.,(6,6),(0.,3.290113775497E-03),
  .PIECEWISE_BEZIER_KNOTS.);
#799 = CARTESIAN_POINT('',(0.852732980429,0.126963934925));
#800 = CARTESIAN_POINT('',(0.849069520421,0.126374789163));
#801 = CARTESIAN_POINT('',(0.845405753092,0.125785643401));
#802 = CARTESIAN_POINT('',(0.841741883255,0.125196497639));
#803 = CARTESIAN_POINT('',(0.838078115927,0.124607351877));
#804 = CARTESIAN_POINT('',(0.834414655918,0.124018206115));
#805 = ( GEOMETRIC_REPRESENTATION_CONTEXT(2) 
PARAMETRIC_REPRESENTATION_CONTEXT() REPRESENTATION_CONTEXT('2D SPACE',''
  ) );
#806 = ORIENTED_EDGE('',*,*,#807,.F.);
#807 = EDGE_CURVE('',#808,#789,#810,.T.);
#808 = VERTEX_POINT('',#809);
#809 = CARTESIAN_POINT('',(5.152181186049E-02,6.120051390807E-02,
    8.714325304416E-02));
#810 = SURFACE_CURVE('',#811,(#815),.PCURVE_S1.);
#811 = LINE('',#812,#813);
#812 = CARTESIAN_POINT('',(5.152181186049E-02,6.120051390807E-02,
    8.714325304416E-02));
#813 = VECTOR('',#814,1.);
#814 = DIRECTION('',(0.330394364904,-0.283354488424,-0.900305391259));
#815 = PCURVE('',#32,#816);
#816 = DEFINITIONAL_REPRESENTATION('',(#817),#824);
#817 = B_SPLINE_CURVE_WITH_KNOTS('',5,(#818,#819,#820,#821,#822,#823),
  .UNSPECIFIED.,.F.,.F.,(6,6),(0.,3.366837271387E-03),
  .PIECEWISE_BEZIER_KNOTS.);
#818 = CARTESIAN_POINT('',(0.87105130494,0.129995116672));
#819 = CARTESIAN_POINT('',(0.867387844931,0.129388880323));
#820 = CARTESIAN_POINT('',(0.863724077603,0.128782643974));
#821 = CARTESIAN_POINT('',(0.860060207766,0.128176407624));
#822 = CARTESIAN_POINT('',(0.856396440438,0.127570171275));
#823 = CARTESIAN_POINT('',(0.852732980429,0.126963934925));
#824 = ( GEOMETRIC_REPRESENTATION_CONTEXT(2) 
PARAMETRIC_REPRESENTATION_CONTEXT() REPRESENTATION_CONTEXT('2D SPACE',''
  ) );
#825 = ORIENTED_EDGE('',*,*,#826,.F.);
#826 = EDGE_CURVE('',#827,#808,#829,.T.);
#827 = VERTEX_POINT('',#828);
#828 = CARTESIAN_POINT('',(5.039213957055E-02,6.213398642854E-02,
    9.026431262122E-02));
#829 = SURFACE_CURVE('',#830,(#834),.PCURVE_S1.);
#830 = LINE('',#831,#832);
#831 = CARTESIAN_POINT('',(5.039213957055E-02,6.213398642854E-02,
    9.026431262122E-02));
#832 = VECTOR('',#833,1.);
#833 = DIRECTION('',(0.327633388725,-0.270730518829,-0.905185808973));
#834 = PCURVE('',#32,#835);
#835 = DEFINITIONAL_REPRESENTATION('',(#836),#843);
#836 = B_SPLINE_CURVE_WITH_KNOTS('',5,(#837,#838,#839,#840,#841,#842),
  .UNSPECIFIED.,.F.,.F.,(6,6),(0.,3.447976698403E-03),
  .PIECEWISE_BEZIER_KNOTS.);
#837 = CARTESIAN_POINT('',(0.889369629451,0.133116176249));
#838 = CARTESIAN_POINT('',(0.885706169442,0.132491964334));
#839 = CARTESIAN_POINT('',(0.882042402114,0.131867752419));
#840 = CARTESIAN_POINT('',(0.878378532277,0.131243540503));
#841 = CARTESIAN_POINT('',(0.874714764948,0.130619328588));
#842 = CARTESIAN_POINT('',(0.87105130494,0.129995116672));
#843 = ( GEOMETRIC_REPRESENTATION_CONTEXT(2) 
PARAMETRIC_REPRESENTATION_CONTEXT() REPRESENTATION_CONTEXT('2D SPACE',''
  ) );
#844 = ORIENTED_EDGE('',*,*,#845,.F.);
#845 = EDGE_CURVE('',#846,#827,#848,.T.);
#846 = VERTEX_POINT('',#847);
#847 = CARTESIAN_POINT('',(4.924555811606E-02,6.304660978861E-02,
    9.347967492242E-02));
#848 = SURFACE_CURVE('',#849,(#853),.PCURVE_S1.);
#849 = LINE('',#850,#851);
#850 = CARTESIAN_POINT('',(4.924555811606E-02,6.304660978861E-02,
    9.347967492242E-02));
#851 = VECTOR('',#852,1.);
#852 = DIRECTION('',(0.324482864074,-0.258272659598,-0.909948407453));
#853 = PCURVE('',#32,#854);
#854 = DEFINITIONAL_REPRESENTATION('',(#855),#862);
#855 = B_SPLINE_CURVE_WITH_KNOTS('',5,(#856,#857,#858,#859,#860,#861),
  .UNSPECIFIED.,.F.,.F.,(6,6),(0.,3.533565502028E-03),
  .PIECEWISE_BEZIER_KNOTS.);
#856 = CARTESIAN_POINT('',(0.907687953961,0.136331538551));
#857 = CARTESIAN_POINT('',(0.904024493953,0.13568846609));
#858 = CARTESIAN_POINT('',(0.900360726625,0.13504539363));
#859 = CARTESIAN_POINT('',(0.896696856787,0.13440232117));
#860 = CARTESIAN_POINT('',(0.893033089459,0.13375924871));
#861 = CARTESIAN_POINT('',(0.889369629451,0.133116176249));
#862 = ( GEOMETRIC_REPRESENTATION_CONTEXT(2) 
PARAMETRIC_REPRESENTATION_CONTEXT() REPRESENTATION_CONTEXT('2D SPACE',''
  ) );
#863 = ORIENTED_EDGE('',*,*,#864,.F.);
#864 = EDGE_CURVE('',#865,#846,#867,.T.);
#865 = VERTEX_POINT('',#866);
#866 = CARTESIAN_POINT('',(4.80824522343E-02,6.393807775603E-02,
    9.679376484175E-02));
#867 = SURFACE_CURVE('',#868,(#872),.PCURVE_S1.);
#868 = LINE('',#869,#870);
#869 = CARTESIAN_POINT('',(4.80824522343E-02,6.393807775603E-02,
    9.679376484175E-02));
#870 = VECTOR('',#871,1.);
#871 = DIRECTION('',(0.320977759771,-0.246014911949,-0.914576372334));
#872 = PCURVE('',#32,#873);
#873 = DEFINITIONAL_REPRESENTATION('',(#874),#881);
#874 = B_SPLINE_CURVE_WITH_KNOTS('',5,(#875,#876,#877,#878,#879,#880),
  .UNSPECIFIED.,.F.,.F.,(6,6),(0.,3.623633869824E-03),
  .PIECEWISE_BEZIER_KNOTS.);
#875 = CARTESIAN_POINT('',(0.926006278472,0.13964562847));
#876 = CARTESIAN_POINT('',(0.922342818464,0.138982810486));
#877 = CARTESIAN_POINT('',(0.918679051135,0.138319992502));
#878 = CARTESIAN_POINT('',(0.915015181298,0.137657174518));
#879 = CARTESIAN_POINT('',(0.91135141397,0.136994356534));
#880 = CARTESIAN_POINT('',(0.907687953961,0.136331538551));
#881 = ( GEOMETRIC_REPRESENTATION_CONTEXT(2) 
PARAMETRIC_REPRESENTATION_CONTEXT() REPRESENTATION_CONTEXT('2D SPACE',''
  ) );
#882 = ORIENTED_EDGE('',*,*,#883,.F.);
#883 = EDGE_CURVE('',#884,#865,#886,.T.);
#884 = VERTEX_POINT('',#885);
#885 = CARTESIAN_POINT('',(4.690321220733E-02,6.480809119727E-02,
    0.100211007273));
#886 = SURFACE_CURVE('',#887,(#891),.PCURVE_S1.);
#887 = LINE('',#888,#889);
#888 = CARTESIAN_POINT('',(4.690321220733E-02,6.480809119727E-02,
    0.100211007273));
#889 = VECTOR('',#890,1.);
#890 = DIRECTION('',(0.317152722759,-0.233987250616,-0.919056101114));
#891 = PCURVE('',#32,#892);
#892 = DEFINITIONAL_REPRESENTATION('',(#893),#900);
#893 = B_SPLINE_CURVE_WITH_KNOTS('',5,(#894,#895,#896,#897,#898,#899),
  .UNSPECIFIED.,.F.,.F.,(6,6),(0.,3.718208744062E-03),
  .PIECEWISE_BEZIER_KNOTS.);
#894 = CARTESIAN_POINT('',(0.944324602983,0.143062870901));
#895 = CARTESIAN_POINT('',(0.940661142974,0.142379422415));
#896 = CARTESIAN_POINT('',(0.936997375646,0.141695973929));
#897 = CARTESIAN_POINT('',(0.933333505809,0.141012525442));
#898 = CARTESIAN_POINT('',(0.92966973848,0.140329076956));
#899 = CARTESIAN_POINT('',(0.926006278472,0.13964562847));
#900 = ( GEOMETRIC_REPRESENTATION_CONTEXT(2) 
PARAMETRIC_REPRESENTATION_CONTEXT() REPRESENTATION_CONTEXT('2D SPACE',''
  ) );
#901 = ORIENTED_EDGE('',*,*,#902,.F.);
#902 = EDGE_CURVE('',#903,#884,#905,.T.);
#903 = VERTEX_POINT('',#904);
#904 = CARTESIAN_POINT('',(4.570823373108E-02,6.56563581779E-02,
    0.103735827111));
#905 = SURFACE_CURVE('',#906,(#910),.PCURVE_S1.);
#906 = LINE('',#907,#908);
#907 = CARTESIAN_POINT('',(4.570823373108E-02,6.56563581779E-02,
    0.103735827111));
#908 = VECTOR('',#909,1.);
#909 = DIRECTION('',(0.31304171243,-0.222215674584,-0.923376997898));
#910 = PCURVE('',#32,#911);
#911 = DEFINITIONAL_REPRESENTATION('',(#912),#919);
#912 = B_SPLINE_CURVE_WITH_KNOTS('',5,(#913,#914,#915,#916,#917,#918),
  .UNSPECIFIED.,.F.,.F.,(6,6),(0.,3.817313887588E-03),
  .PIECEWISE_BEZIER_KNOTS.);
#913 = CARTESIAN_POINT('',(0.962642927493,0.146587690739));
#914 = CARTESIAN_POINT('',(0.958979467485,0.145882726771));
#915 = CARTESIAN_POINT('',(0.955315700157,0.145177762804));
#916 = CARTESIAN_POINT('',(0.95165183032,0.144472798836));
#917 = CARTESIAN_POINT('',(0.947988062991,0.143767834869));
#918 = CARTESIAN_POINT('',(0.944324602983,0.143062870901));
#919 = ( GEOMETRIC_REPRESENTATION_CONTEXT(2) 
PARAMETRIC_REPRESENTATION_CONTEXT() REPRESENTATION_CONTEXT('2D SPACE',''
  ) );
#920 = ORIENTED_EDGE('',*,*,#921,.F.);
#921 = EDGE_CURVE('',#922,#903,#924,.T.);
#922 = VERTEX_POINT('',#923);
#923 = CARTESIAN_POINT('',(4.449791778251E-02,6.648259406056E-02,
    0.107372649248));
#924 = SURFACE_CURVE('',#925,(#929),.PCURVE_S1.);
#925 = LINE('',#926,#927);
#926 = CARTESIAN_POINT('',(4.449791778251E-02,6.648259406056E-02,
    0.107372649248));
#927 = VECTOR('',#928,1.);
#928 = DIRECTION('',(0.308677687043,-0.210722317186,-0.927531234278));
#929 = PCURVE('',#32,#930);
#930 = DEFINITIONAL_REPRESENTATION('',(#931),#938);
#931 = B_SPLINE_CURVE_WITH_KNOTS('',5,(#932,#933,#934,#935,#936,#937),
  .UNSPECIFIED.,.F.,.F.,(6,6),(0.,3.920969993522E-03),
  .PIECEWISE_BEZIER_KNOTS.);
#932 = CARTESIAN_POINT('',(0.980961252004,0.150224512877));
#933 = CARTESIAN_POINT('',(0.977297791996,0.149497148449));
#934 = CARTESIAN_POINT('',(0.973634024667,0.148769784021));
#935 = CARTESIAN_POINT('',(0.96997015483,0.148042419594));
#936 = CARTESIAN_POINT('',(0.966306387502,0.147315055166));
#937 = CARTESIAN_POINT('',(0.962642927493,0.146587690739));
#938 = ( GEOMETRIC_REPRESENTATION_CONTEXT(2) 
PARAMETRIC_REPRESENTATION_CONTEXT() REPRESENTATION_CONTEXT('2D SPACE',''
  ) );
#939 = ORIENTED_EDGE('',*,*,#940,.F.);
#940 = EDGE_CURVE('',#941,#922,#943,.T.);
#941 = VERTEX_POINT('',#942);
#942 = CARTESIAN_POINT('',(4.327267048512E-02,6.728652160044E-02,
    0.11112589858));
#943 = SURFACE_CURVE('',#944,(#948),.PCURVE_S1.);
#944 = LINE('',#945,#946);
#945 = CARTESIAN_POINT('',(4.327267048512E-02,6.728652160044E-02,
    0.11112589858));
#946 = VECTOR('',#947,1.);
#947 = DIRECTION('',(0.304092343306,-0.19952560595,-0.93151348853));
#948 = PCURVE('',#32,#949);
#949 = DEFINITIONAL_REPRESENTATION('',(#950),#957);
#950 = B_SPLINE_CURVE_WITH_KNOTS('',5,(#951,#952,#953,#954,#955,#956),
  .UNSPECIFIED.,.F.,.F.,(6,6),(0.,4.029194829668E-03),
  .PIECEWISE_BEZIER_KNOTS.);
#951 = CARTESIAN_POINT('',(0.999279576515,0.153977762208));
#952 = CARTESIAN_POINT('',(0.995616116507,0.153227112342));
#953 = CARTESIAN_POINT('',(0.991952349178,0.152476462476));
#954 = CARTESIAN_POINT('',(0.988288479341,0.151725812609));
#955 = CARTESIAN_POINT('',(0.984624712013,0.150975162743));
#956 = CARTESIAN_POINT('',(0.980961252004,0.150224512877));
#957 = ( GEOMETRIC_REPRESENTATION_CONTEXT(2) 
PARAMETRIC_REPRESENTATION_CONTEXT() REPRESENTATION_CONTEXT('2D SPACE',''
  ) );
#958 = ORIENTED_EDGE('',*,*,#959,.F.);
#959 = EDGE_CURVE('',#960,#941,#962,.T.);
#960 = VERTEX_POINT('',#961);
#961 = CARTESIAN_POINT('',(4.203290297264E-02,6.806787103835E-02,0.115)
  );
#962 = SURFACE_CURVE('',#963,(#967),.PCURVE_S1.);
#963 = LINE('',#964,#965);
#964 = CARTESIAN_POINT('',(4.203290297264E-02,6.806787103835E-02,0.115)
  );
#965 = VECTOR('',#966,1.);
#966 = DIRECTION('',(0.299315908284,-0.188640462296,-0.935320673904));
#967 = PCURVE('',#32,#968);
#968 = DEFINITIONAL_REPRESENTATION('',(#969),#976);
#969 = B_SPLINE_CURVE_WITH_KNOTS('',5,(#970,#971,#972,#973,#974,#975),
  .UNSPECIFIED.,.F.,.F.,(6,6),(0.,4.142003409016E-03),
  .PIECEWISE_BEZIER_KNOTS.);
#970 = CARTESIAN_POINT('',(1.017597901026,0.157851863628));
#971 = CARTESIAN_POINT('',(1.013934441017,0.157077043344));
#972 = CARTESIAN_POINT('',(1.010270673689,0.15630222306));
#973 = CARTESIAN_POINT('',(1.006606803852,0.155527402776));
#974 = CARTESIAN_POINT('',(1.002943036523,0.154752582492));
#975 = CARTESIAN_POINT('',(0.999279576515,0.153977762208));
#976 = ( GEOMETRIC_REPRESENTATION_CONTEXT(2) 
PARAMETRIC_REPRESENTATION_CONTEXT() REPRESENTATION_CONTEXT('2D SPACE',''
  ) );
#977 = ORIENTED_EDGE('',*,*,#978,.F.);
#978 = EDGE_CURVE('',#979,#960,#981,.T.);
#979 = VERTEX_POINT('',#980);
#980 = CARTESIAN_POINT('',(4.327267048512E-02,6.728652160044E-02,
    0.111874137323));
#981 = SURFACE_CURVE('',#982,(#986),.PCURVE_S1.);
#982 = LINE('',#983,#984);
#983 = CARTESIAN_POINT('',(4.327267048512E-02,6.728652160044E-02,
    0.111874137323));
#984 = VECTOR('',#985,1.);
#985 = DIRECTION('',(-0.359110892634,0.226325574175,0.905436967031));
#986 = PCURVE('',#32,#987);
#987 = DEFINITIONAL_REPRESENTATION('',(#988),#995);
#988 = B_SPLINE_CURVE_WITH_KNOTS('',5,(#989,#990,#991,#992,#993,#994),
  .UNSPECIFIED.,.F.,.F.,(6,6),(0.,3.452325000204E-03),
  .PIECEWISE_BEZIER_KNOTS.);
#989 = CARTESIAN_POINT('',(0.999279576515,0.154726000951));
#990 = CARTESIAN_POINT('',(1.002943036523,0.155351173486));
#991 = CARTESIAN_POINT('',(1.006606803852,0.155976346022));
#992 = CARTESIAN_POINT('',(1.010270673689,0.156601518557));
#993 = CARTESIAN_POINT('',(1.013934441017,0.157226691093));
#994 = CARTESIAN_POINT('',(1.017597901026,0.157851863628));
#995 = ( GEOMETRIC_REPRESENTATION_CONTEXT(2) 
PARAMETRIC_REPRESENTATION_CONTEXT() REPRESENTATION_CONTEXT('2D SPACE',''
  ) );
#996 = ORIENTED_EDGE('',*,*,#997,.F.);
#997 = EDGE_CURVE('',#998,#979,#1000,.T.);
#998 = VERTEX_POINT('',#999);
#999 = CARTESIAN_POINT('',(4.449791778251E-02,6.648259406056E-02,
    0.108767774791));
#1000 = SURFACE_CURVE('',#1001,(#1005),.PCURVE_S1.);
#1001 = LINE('',#1002,#1003);
#1002 = CARTESIAN_POINT('',(4.449791778251E-02,6.648259406056E-02,
    0.108767774791));
#1003 = VECTOR('',#1004,1.);
#1004 = DIRECTION('',(-0.356728346683,0.234061925919,0.904411356357));
#1005 = PCURVE('',#32,#1006);
#1006 = DEFINITIONAL_REPRESENTATION('',(#1007),#1014);
#1007 = B_SPLINE_CURVE_WITH_KNOTS('',5,(#1008,#1009,#1010,#1011,#1012,
    #1013),.UNSPECIFIED.,.F.,.F.,(6,6),(0.,3.434678821528E-03),
  .PIECEWISE_BEZIER_KNOTS.);
#1008 = CARTESIAN_POINT('',(0.980961252004,0.151619638419));
#1009 = CARTESIAN_POINT('',(0.984624712013,0.152240910925));
#1010 = CARTESIAN_POINT('',(0.988288479341,0.152862183432));
#1011 = CARTESIAN_POINT('',(0.991952349178,0.153483455938));
#1012 = CARTESIAN_POINT('',(0.995616116507,0.154104728444));
#1013 = CARTESIAN_POINT('',(0.999279576515,0.154726000951));
#1014 = ( GEOMETRIC_REPRESENTATION_CONTEXT(2) 
PARAMETRIC_REPRESENTATION_CONTEXT() REPRESENTATION_CONTEXT('2D SPACE',''
  ) );
#1015 = ORIENTED_EDGE('',*,*,#1016,.F.);
#1016 = EDGE_CURVE('',#1017,#998,#1019,.T.);
#1017 = VERTEX_POINT('',#1018);
#1018 = CARTESIAN_POINT('',(4.570823373108E-02,6.56563581779E-02,
    0.105683597395));
#1019 = SURFACE_CURVE('',#1020,(#1024),.PCURVE_S1.);
#1020 = LINE('',#1021,#1022);
#1021 = CARTESIAN_POINT('',(4.570823373108E-02,6.56563581779E-02,
    0.105683597395));
#1022 = VECTOR('',#1023,1.);
#1023 = DIRECTION('',(-0.354450365535,0.24196955429,0.903225150873));
#1024 = PCURVE('',#32,#1025);
#1025 = DEFINITIONAL_REPRESENTATION('',(#1026),#1033);
#1026 = B_SPLINE_CURVE_WITH_KNOTS('',5,(#1027,#1028,#1029,#1030,#1031,
    #1032),.UNSPECIFIED.,.F.,.F.,(6,6),(0.,3.414627452109E-03),
  .PIECEWISE_BEZIER_KNOTS.);
#1027 = CARTESIAN_POINT('',(0.962642927493,0.148535461024));
#1028 = CARTESIAN_POINT('',(0.966306387502,0.149152296503));
#1029 = CARTESIAN_POINT('',(0.96997015483,0.149769131982));
#1030 = CARTESIAN_POINT('',(0.973634024667,0.150385967461));
#1031 = CARTESIAN_POINT('',(0.977297791996,0.15100280294));
#1032 = CARTESIAN_POINT('',(0.980961252004,0.151619638419));
#1033 = ( GEOMETRIC_REPRESENTATION_CONTEXT(2) 
PARAMETRIC_REPRESENTATION_CONTEXT() REPRESENTATION_CONTEXT('2D SPACE',''
  ) );
#1034 = ORIENTED_EDGE('',*,*,#1035,.F.);
#1035 = EDGE_CURVE('',#1036,#1017,#1038,.T.);
#1036 = VERTEX_POINT('',#1037);
#1037 = CARTESIAN_POINT('',(4.690321220733E-02,6.480809119727E-02,
    0.102624290126));
#1038 = SURFACE_CURVE('',#1039,(#1043),.PCURVE_S1.);
#1039 = LINE('',#1040,#1041);
#1040 = CARTESIAN_POINT('',(4.690321220733E-02,6.480809119727E-02,
    0.102624290126));
#1041 = VECTOR('',#1042,1.);
#1042 = DIRECTION('',(-0.352274393456,0.250065371075,0.90187031324));
#1043 = PCURVE('',#32,#1044);
#1044 = DEFINITIONAL_REPRESENTATION('',(#1045),#1052);
#1045 = B_SPLINE_CURVE_WITH_KNOTS('',5,(#1046,#1047,#1048,#1049,#1050,
    #1051),.UNSPECIFIED.,.F.,.F.,(6,6),(0.,3.392180920472E-03),
  .PIECEWISE_BEZIER_KNOTS.);
#1046 = CARTESIAN_POINT('',(0.944324602983,0.145476153754));
#1047 = CARTESIAN_POINT('',(0.947988062991,0.146088015208));
#1048 = CARTESIAN_POINT('',(0.95165183032,0.146699876662));
#1049 = CARTESIAN_POINT('',(0.955315700157,0.147311738116));
#1050 = CARTESIAN_POINT('',(0.958979467485,0.14792359957));
#1051 = CARTESIAN_POINT('',(0.962642927493,0.148535461024));
#1052 = ( GEOMETRIC_REPRESENTATION_CONTEXT(2) 
PARAMETRIC_REPRESENTATION_CONTEXT() REPRESENTATION_CONTEXT('2D SPACE',''
  ) );
#1053 = ORIENTED_EDGE('',*,*,#1054,.F.);
#1054 = EDGE_CURVE('',#1055,#1036,#1057,.T.);
#1055 = VERTEX_POINT('',#1056);
#1056 = CARTESIAN_POINT('',(4.80824522343E-02,6.393807775603E-02,
    9.95925379733E-02));
#1057 = SURFACE_CURVE('',#1058,(#1062),.PCURVE_S1.);
#1058 = LINE('',#1059,#1060);
#1059 = CARTESIAN_POINT('',(4.80824522343E-02,6.393807775603E-02,
    9.95925379733E-02));
#1060 = VECTOR('',#1061,1.);
#1061 = DIRECTION('',(-0.350198149823,0.25836733021,0.90033748036));
#1062 = PCURVE('',#32,#1063);
#1063 = DEFINITIONAL_REPRESENTATION('',(#1064),#1071);
#1064 = B_SPLINE_CURVE_WITH_KNOTS('',5,(#1065,#1066,#1067,#1068,#1069,
    #1070),.UNSPECIFIED.,.F.,.F.,(6,6),(0.,3.367350819989E-03),
  .PIECEWISE_BEZIER_KNOTS.);
#1065 = CARTESIAN_POINT('',(0.926006278472,0.142444401601));
#1066 = CARTESIAN_POINT('',(0.92966973848,0.143050752032));
#1067 = CARTESIAN_POINT('',(0.933333505809,0.143657102463));
#1068 = CARTESIAN_POINT('',(0.936997375646,0.144263452893));
#1069 = CARTESIAN_POINT('',(0.940661142974,0.144869803324));
#1070 = CARTESIAN_POINT('',(0.944324602983,0.145476153754));
#1071 = ( GEOMETRIC_REPRESENTATION_CONTEXT(2) 
PARAMETRIC_REPRESENTATION_CONTEXT() REPRESENTATION_CONTEXT('2D SPACE',''
  ) );
#1072 = ORIENTED_EDGE('',*,*,#1073,.F.);
#1073 = EDGE_CURVE('',#1074,#1055,#1076,.T.);
#1074 = VERTEX_POINT('',#1075);
#1075 = CARTESIAN_POINT('',(4.924555811606E-02,6.304660978861E-02,
    9.659102592737E-02));
#1076 = SURFACE_CURVE('',#1077,(#1081),.PCURVE_S1.);
#1077 = LINE('',#1078,#1079);
#1078 = CARTESIAN_POINT('',(4.924555811606E-02,6.304660978861E-02,
    9.659102592737E-02));
#1079 = VECTOR('',#1080,1.);
#1080 = DIRECTION('',(-0.348219609008,0.266894555281,0.898615824624));
#1081 = PCURVE('',#32,#1082);
#1082 = DEFINITIONAL_REPRESENTATION('',(#1083),#1090);
#1083 = B_SPLINE_CURVE_WITH_KNOTS('',5,(#1084,#1085,#1086,#1087,#1088,
    #1089),.UNSPECIFIED.,.F.,.F.,(6,6),(0.,3.34015044437E-03),
  .PIECEWISE_BEZIER_KNOTS.);
#1084 = CARTESIAN_POINT('',(0.907687953961,0.139442889556));
#1085 = CARTESIAN_POINT('',(0.91135141397,0.140043191965));
#1086 = CARTESIAN_POINT('',(0.915015181298,0.140643494374));
#1087 = CARTESIAN_POINT('',(0.918679051135,0.141243796783));
#1088 = CARTESIAN_POINT('',(0.922342818464,0.141844099192));
#1089 = CARTESIAN_POINT('',(0.926006278472,0.142444401601));
#1090 = ( GEOMETRIC_REPRESENTATION_CONTEXT(2) 
PARAMETRIC_REPRESENTATION_CONTEXT() REPRESENTATION_CONTEXT('2D SPACE',''
  ) );
#1091 = ORIENTED_EDGE('',*,*,#1092,.F.);
#1092 = EDGE_CURVE('',#1093,#1074,#1095,.T.);
#1093 = VERTEX_POINT('',#1094);
#1094 = CARTESIAN_POINT('',(5.039213957055E-02,6.213398642854E-02,
    9.362243897852E-02));
#1095 = SURFACE_CURVE('',#1096,(#1100),.PCURVE_S1.);
#1096 = LINE('',#1097,#1098);
#1097 = CARTESIAN_POINT('',(5.039213957055E-02,6.213398642854E-02,
    9.362243897852E-02));
#1098 = VECTOR('',#1099,1.);
#1099 = DIRECTION('',(-0.346336979578,0.275667478121,0.896692889502));
#1100 = PCURVE('',#32,#1101);
#1101 = DEFINITIONAL_REPRESENTATION('',(#1102),#1109);
#1102 = B_SPLINE_CURVE_WITH_KNOTS('',5,(#1103,#1104,#1105,#1106,#1107,
    #1108),.UNSPECIFIED.,.F.,.F.,(6,6),(0.,3.310594946832E-03),
  .PIECEWISE_BEZIER_KNOTS.);
#1103 = CARTESIAN_POINT('',(0.889369629451,0.136474302607));
#1104 = CARTESIAN_POINT('',(0.893033089459,0.137068019996));
#1105 = CARTESIAN_POINT('',(0.896696856787,0.137661737386));
#1106 = CARTESIAN_POINT('',(0.900360726625,0.138255454776));
#1107 = CARTESIAN_POINT('',(0.904024493953,0.138849172166));
#1108 = CARTESIAN_POINT('',(0.907687953961,0.139442889556));
#1109 = ( GEOMETRIC_REPRESENTATION_CONTEXT(2) 
PARAMETRIC_REPRESENTATION_CONTEXT() REPRESENTATION_CONTEXT('2D SPACE',''
  ) );
#1110 = ORIENTED_EDGE('',*,*,#1111,.F.);
#1111 = EDGE_CURVE('',#1112,#1093,#1114,.T.);
#1112 = VERTEX_POINT('',#1113);
#1113 = CARTESIAN_POINT('',(5.152181186049E-02,6.120051390807E-02,
    9.068946211703E-02));
#1114 = SURFACE_CURVE('',#1115,(#1119),.PCURVE_S1.);
#1115 = LINE('',#1116,#1117);
#1116 = CARTESIAN_POINT('',(5.152181186049E-02,6.120051390807E-02,
    9.068946211703E-02));
#1117 = VECTOR('',#1118,1.);
#1118 = DIRECTION('',(-0.344548682107,0.28470798972,0.894554395354));
#1119 = PCURVE('',#32,#1120);
#1120 = DEFINITIONAL_REPRESENTATION('',(#1121),#1128);
#1121 = B_SPLINE_CURVE_WITH_KNOTS('',5,(#1122,#1123,#1124,#1125,#1126,
    #1127),.UNSPECIFIED.,.F.,.F.,(6,6),(0.,3.278701526393E-03),
  .PIECEWISE_BEZIER_KNOTS.);
#1122 = CARTESIAN_POINT('',(0.87105130494,0.133541325745));
#1123 = CARTESIAN_POINT('',(0.874714764948,0.134127921117));
#1124 = CARTESIAN_POINT('',(0.878378532277,0.13471451649));
#1125 = CARTESIAN_POINT('',(0.882042402114,0.135301111862));
#1126 = CARTESIAN_POINT('',(0.885706169442,0.135887707234));
#1127 = CARTESIAN_POINT('',(0.889369629451,0.136474302607));
#1128 = ( GEOMETRIC_REPRESENTATION_CONTEXT(2) 
PARAMETRIC_REPRESENTATION_CONTEXT() REPRESENTATION_CONTEXT('2D SPACE',''
  ) );
#1129 = ORIENTED_EDGE('',*,*,#1130,.F.);
#1130 = EDGE_CURVE('',#1131,#1112,#1133,.T.);
#1131 = VERTEX_POINT('',#1132);
#1132 = CARTESIAN_POINT('',(5.263419592251E-02,6.024650545543E-02,
    8.779478033317E-02));
#1133 = SURFACE_CURVE('',#1134,(#1138),.PCURVE_S1.);
#1134 = LINE('',#1135,#1136);
#1135 = CARTESIAN_POINT('',(5.263419592251E-02,6.024650545543E-02,
    8.779478033317E-02));
#1136 = VECTOR('',#1137,1.);
#1137 = DIRECTION('',(-0.342853324743,0.294039604657,0.892184010508));
#1138 = PCURVE('',#32,#1139);
#1139 = DEFINITIONAL_REPRESENTATION('',(#1140),#1147);
#1140 = B_SPLINE_CURVE_WITH_KNOTS('',5,(#1141,#1142,#1143,#1144,#1145,
    #1146),.UNSPECIFIED.,.F.,.F.,(6,6),(0.,3.244489645383E-03),
  .PIECEWISE_BEZIER_KNOTS.);
#1141 = CARTESIAN_POINT('',(0.852732980429,0.130646643961));
#1142 = CARTESIAN_POINT('',(0.856396440438,0.131225580318));
#1143 = CARTESIAN_POINT('',(0.860060207766,0.131804516675));
#1144 = CARTESIAN_POINT('',(0.863724077603,0.132383453032));
#1145 = CARTESIAN_POINT('',(0.867387844931,0.132962389388));
#1146 = CARTESIAN_POINT('',(0.87105130494,0.133541325745));
#1147 = ( GEOMETRIC_REPRESENTATION_CONTEXT(2) 
PARAMETRIC_REPRESENTATION_CONTEXT() REPRESENTATION_CONTEXT('2D SPACE',''
  ) );
#1148 = ORIENTED_EDGE('',*,*,#1149,.F.);
#1149 = EDGE_CURVE('',#1150,#1131,#1152,.T.);
#1150 = VERTEX_POINT('',#1151);
#1151 = CARTESIAN_POINT('',(5.372891849431E-02,5.927228118971E-02,
    8.494107861718E-02));
#1152 = SURFACE_CURVE('',#1153,(#1157),.PCURVE_S1.);
#1153 = LINE('',#1154,#1155);
#1154 = CARTESIAN_POINT('',(5.372891849431E-02,5.927228118971E-02,
    8.494107861718E-02));
#1155 = VECTOR('',#1156,1.);
#1156 = DIRECTION('',(-0.341249675476,0.303687640213,0.889563081613));
#1157 = PCURVE('',#32,#1158);
#1158 = DEFINITIONAL_REPRESENTATION('',(#1159),#1166);
#1159 = B_SPLINE_CURVE_WITH_KNOTS('',5,(#1160,#1161,#1162,#1163,#1164,
    #1165),.UNSPECIFIED.,.F.,.F.,(6,6),(0.,3.207981283134E-03),
  .PIECEWISE_BEZIER_KNOTS.);
#1160 = CARTESIAN_POINT('',(0.834414655918,0.127792942245));
#1161 = CARTESIAN_POINT('',(0.838078115927,0.128363682589));
#1162 = CARTESIAN_POINT('',(0.841741883255,0.128934422932));
#1163 = CARTESIAN_POINT('',(0.845405753092,0.129505163275));
#1164 = CARTESIAN_POINT('',(0.849069520421,0.130075903618));
#1165 = CARTESIAN_POINT('',(0.852732980429,0.130646643961));
#1166 = ( GEOMETRIC_REPRESENTATION_CONTEXT(2) 
PARAMETRIC_REPRESENTATION_CONTEXT() REPRESENTATION_CONTEXT('2D SPACE',''
  ) );
#1167 = ORIENTED_EDGE('',*,*,#1168,.F.);
#1168 = EDGE_CURVE('',#1169,#1150,#1171,.T.);
#1169 = VERTEX_POINT('',#1170);
#1170 = CARTESIAN_POINT('',(5.480561223996E-02,5.827816801344E-02,
    8.213104195935E-02));
#1171 = SURFACE_CURVE('',#1172,(#1176),.PCURVE_S1.);
#1172 = LINE('',#1173,#1174);
#1173 = CARTESIAN_POINT('',(5.480561223996E-02,5.827816801344E-02,
    8.213104195935E-02));
#1174 = VECTOR('',#1175,1.);
#1175 = DIRECTION('',(-0.339736629802,0.31367941117,0.886670316058));
#1176 = PCURVE('',#32,#1177);
#1177 = DEFINITIONAL_REPRESENTATION('',(#1178),#1185);
#1178 = B_SPLINE_CURVE_WITH_KNOTS('',5,(#1179,#1180,#1181,#1182,#1183,
    #1184),.UNSPECIFIED.,.F.,.F.,(6,6),(0.,3.169201231775E-03),
  .PIECEWISE_BEZIER_KNOTS.);
#1179 = CARTESIAN_POINT('',(0.816096331408,0.124982905587));
#1180 = CARTESIAN_POINT('',(0.819759791416,0.125544912919));
#1181 = CARTESIAN_POINT('',(0.823423558744,0.126106920251));
#1182 = CARTESIAN_POINT('',(0.827087428582,0.126668927582));
#1183 = CARTESIAN_POINT('',(0.83075119591,0.127230934914));
#1184 = CARTESIAN_POINT('',(0.834414655918,0.127792942245));
#1185 = ( GEOMETRIC_REPRESENTATION_CONTEXT(2) 
PARAMETRIC_REPRESENTATION_CONTEXT() REPRESENTATION_CONTEXT('2D SPACE',''
  ) );
#1186 = ORIENTED_EDGE('',*,*,#1187,.F.);
#1187 = EDGE_CURVE('',#1188,#1169,#1190,.T.);
#1188 = VERTEX_POINT('',#1189);
#1189 = CARTESIAN_POINT('',(5.586391587311E-02,5.726449950294E-02,
    7.936735534994E-02));
#1190 = SURFACE_CURVE('',#1191,(#1195),.PCURVE_S1.);
#1191 = LINE('',#1192,#1193);
#1192 = CARTESIAN_POINT('',(5.586391587311E-02,5.726449950294E-02,
    7.936735534994E-02));
#1193 = VECTOR('',#1194,1.);
#1194 = DIRECTION('',(-0.338313172132,0.324044441063,0.883481407715));
#1195 = PCURVE('',#32,#1196);
#1196 = DEFINITIONAL_REPRESENTATION('',(#1197),#1204);
#1197 = B_SPLINE_CURVE_WITH_KNOTS('',5,(#1198,#1199,#1200,#1201,#1202,
    #1203),.UNSPECIFIED.,.F.,.F.,(6,6),(0.,3.128177441287E-03),
  .PIECEWISE_BEZIER_KNOTS.);
#1198 = CARTESIAN_POINT('',(0.797778006897,0.122219218978));
#1199 = CARTESIAN_POINT('',(0.801441466905,0.1227719563));
#1200 = CARTESIAN_POINT('',(0.805105234234,0.123324693622));
#1201 = CARTESIAN_POINT('',(0.808769104071,0.123877430944));
#1202 = CARTESIAN_POINT('',(0.812432871399,0.124430168266));
#1203 = CARTESIAN_POINT('',(0.816096331408,0.124982905587));
#1204 = ( GEOMETRIC_REPRESENTATION_CONTEXT(2) 
PARAMETRIC_REPRESENTATION_CONTEXT() REPRESENTATION_CONTEXT('2D SPACE',''
  ) );
#1205 = ORIENTED_EDGE('',*,*,#1206,.F.);
#1206 = EDGE_CURVE('',#1207,#1188,#1209,.T.);
#1207 = VERTEX_POINT('',#1208);
#1208 = CARTESIAN_POINT('',(5.690347427826E-02,5.623161579631E-02,
    7.665270377922E-02));
#1209 = SURFACE_CURVE('',#1210,(#1214),.PCURVE_S1.);
#1210 = LINE('',#1211,#1212);
#1211 = CARTESIAN_POINT('',(5.690347427826E-02,5.623161579631E-02,
    7.665270377922E-02));
#1212 = VECTOR('',#1213,1.);
#1213 = DIRECTION('',(-0.33697832886,0.334814690202,0.879968595521));
#1214 = PCURVE('',#32,#1215);
#1215 = DEFINITIONAL_REPRESENTATION('',(#1216),#1223);
#1216 = B_SPLINE_CURVE_WITH_KNOTS('',5,(#1217,#1218,#1219,#1220,#1221,
    #1222),.UNSPECIFIED.,.F.,.F.,(6,6),(0.,3.084941422391E-03),
  .PIECEWISE_BEZIER_KNOTS.);
#1217 = CARTESIAN_POINT('',(0.779459682386,0.119504567407));
#1218 = CARTESIAN_POINT('',(0.783123142395,0.120047497722));
#1219 = CARTESIAN_POINT('',(0.786786909723,0.120590428036));
#1220 = CARTESIAN_POINT('',(0.79045077956,0.12113335835));
#1221 = CARTESIAN_POINT('',(0.794114546889,0.121676288664));
#1222 = CARTESIAN_POINT('',(0.797778006897,0.122219218978));
#1223 = ( GEOMETRIC_REPRESENTATION_CONTEXT(2) 
PARAMETRIC_REPRESENTATION_CONTEXT() REPRESENTATION_CONTEXT('2D SPACE',''
  ) );
#1224 = ORIENTED_EDGE('',*,*,#1225,.F.);
#1225 = EDGE_CURVE('',#1226,#1207,#1228,.T.);
#1226 = VERTEX_POINT('',#1227);
#1227 = CARTESIAN_POINT('',(5.792393862989E-02,5.517986347936E-02,
    7.398977223744E-02));
#1228 = SURFACE_CURVE('',#1229,(#1233),.PCURVE_S1.);
#1229 = LINE('',#1230,#1231);
#1230 = CARTESIAN_POINT('',(5.792393862989E-02,5.517986347936E-02,
    7.398977223744E-02));
#1231 = VECTOR('',#1232,1.);
#1232 = DIRECTION('',(-0.335731110453,0.346024800108,0.876100142212));
#1233 = PCURVE('',#32,#1234);
#1234 = DEFINITIONAL_REPRESENTATION('',(#1235),#1242);
#1235 = B_SPLINE_CURVE_WITH_KNOTS('',5,(#1236,#1237,#1238,#1239,#1240,
    #1241),.UNSPECIFIED.,.F.,.F.,(6,6),(0.,3.039528717634E-03),
  .PIECEWISE_BEZIER_KNOTS.);
#1236 = CARTESIAN_POINT('',(0.761141357875,0.116841635866));
#1237 = CARTESIAN_POINT('',(0.764804817884,0.117374222174));
#1238 = CARTESIAN_POINT('',(0.768468585212,0.117906808482));
#1239 = CARTESIAN_POINT('',(0.772132455049,0.118439394791));
#1240 = CARTESIAN_POINT('',(0.775796222378,0.118971981099));
#1241 = CARTESIAN_POINT('',(0.779459682386,0.119504567407));
#1242 = ( GEOMETRIC_REPRESENTATION_CONTEXT(2) 
PARAMETRIC_REPRESENTATION_CONTEXT() REPRESENTATION_CONTEXT('2D SPACE',''
  ) );
#1243 = ORIENTED_EDGE('',*,*,#1244,.F.);
#1244 = EDGE_CURVE('',#1245,#1226,#1247,.T.);
#1245 = VERTEX_POINT('',#1246);
#1246 = CARTESIAN_POINT('',(5.892496650952E-02,5.410959546931E-02,
    7.138124571488E-02));
#1247 = SURFACE_CURVE('',#1248,(#1252),.PCURVE_S1.);
#1248 = LINE('',#1249,#1250);
#1249 = CARTESIAN_POINT('',(5.892496650952E-02,5.410959546931E-02,
    7.138124571488E-02));
#1250 = VECTOR('',#1251,1.);
#1251 = DIRECTION('',(-0.334570439171,0.357712352913,0.871839717956));
#1252 = PCURVE('',#32,#1253);
#1253 = DEFINITIONAL_REPRESENTATION('',(#1254),#1261);
#1254 = B_SPLINE_CURVE_WITH_KNOTS('',5,(#1255,#1256,#1257,#1258,#1259,
    #1260),.UNSPECIFIED.,.F.,.F.,(6,6),(0.,2.991979453144E-03),
  .PIECEWISE_BEZIER_KNOTS.);
#1255 = CARTESIAN_POINT('',(0.742823033365,0.114233109343));
#1256 = CARTESIAN_POINT('',(0.746486493373,0.114754814648));
#1257 = CARTESIAN_POINT('',(0.750150260702,0.115276519952));
#1258 = CARTESIAN_POINT('',(0.753814130539,0.115798225257));
#1259 = CARTESIAN_POINT('',(0.757477897867,0.116319930561));
#1260 = CARTESIAN_POINT('',(0.761141357875,0.116841635866));
#1261 = ( GEOMETRIC_REPRESENTATION_CONTEXT(2) 
PARAMETRIC_REPRESENTATION_CONTEXT() REPRESENTATION_CONTEXT('2D SPACE',''
  ) );
#1262 = ORIENTED_EDGE('',*,*,#1263,.F.);
#1263 = EDGE_CURVE('',#1264,#1245,#1266,.T.);
#1264 = VERTEX_POINT('',#1265);
#1265 = CARTESIAN_POINT('',(5.990622202061E-02,5.302117089632E-02,
    6.88298092018E-02));
#1266 = SURFACE_CURVE('',#1267,(#1271),.PCURVE_S1.);
#1267 = LINE('',#1268,#1269);
#1268 = CARTESIAN_POINT('',(5.990622202061E-02,5.302117089632E-02,
    6.88298092018E-02));
#1269 = VECTOR('',#1270,1.);
#1270 = DIRECTION('',(-0.333495058087,0.369918142713,0.867145670533));
#1271 = PCURVE('',#32,#1272);
#1272 = DEFINITIONAL_REPRESENTATION('',(#1273),#1280);
#1273 = B_SPLINE_CURVE_WITH_KNOTS('',5,(#1274,#1275,#1276,#1277,#1278,
    #1279),.UNSPECIFIED.,.F.,.F.,(6,6),(0.,2.942338986147E-03),
  .PIECEWISE_BEZIER_KNOTS.);
#1274 = CARTESIAN_POINT('',(0.724504708854,0.11168167283));
#1275 = CARTESIAN_POINT('',(0.728168168862,0.112191960133));
#1276 = CARTESIAN_POINT('',(0.731831936191,0.112702247435));
#1277 = CARTESIAN_POINT('',(0.735495806028,0.113212534738));
#1278 = CARTESIAN_POINT('',(0.739159573356,0.11372282204));
#1279 = CARTESIAN_POINT('',(0.742823033365,0.114233109343));
#1280 = ( GEOMETRIC_REPRESENTATION_CONTEXT(2) 
PARAMETRIC_REPRESENTATION_CONTEXT() REPRESENTATION_CONTEXT('2D SPACE',''
  ) );
#1281 = ORIENTED_EDGE('',*,*,#1282,.F.);
#1282 = EDGE_CURVE('',#1283,#1264,#1285,.T.);
#1283 = VERTEX_POINT('',#1284);
#1284 = CARTESIAN_POINT('',(6.086737590129E-02,5.191495498304E-02,
    6.633814768847E-02));
#1285 = SURFACE_CURVE('',#1286,(#1290),.PCURVE_S1.);
#1286 = LINE('',#1287,#1288);
#1287 = CARTESIAN_POINT('',(6.086737590129E-02,5.191495498304E-02,
    6.633814768847E-02));
#1288 = VECTOR('',#1289,1.);
#1289 = DIRECTION('',(-0.332503415854,0.382686453474,0.861970160025));
#1290 = PCURVE('',#32,#1291);
#1291 = DEFINITIONAL_REPRESENTATION('',(#1292),#1299);
#1292 = B_SPLINE_CURVE_WITH_KNOTS('',5,(#1293,#1294,#1295,#1296,#1297,
    #1298),.UNSPECIFIED.,.F.,.F.,(6,6),(0.,2.890658666488E-03),
  .PIECEWISE_BEZIER_KNOTS.);
#1293 = CARTESIAN_POINT('',(0.706186384343,0.109190011317));
#1294 = CARTESIAN_POINT('',(0.709849844352,0.109688343619));
#1295 = CARTESIAN_POINT('',(0.71351361168,0.110186675922));
#1296 = CARTESIAN_POINT('',(0.717177481517,0.110685008225));
#1297 = CARTESIAN_POINT('',(0.720841248846,0.111183340527));
#1298 = CARTESIAN_POINT('',(0.724504708854,0.11168167283));
#1299 = ( GEOMETRIC_REPRESENTATION_CONTEXT(2) 
PARAMETRIC_REPRESENTATION_CONTEXT() REPRESENTATION_CONTEXT('2D SPACE',''
  ) );
#1300 = ORIENTED_EDGE('',*,*,#1301,.F.);
#1301 = EDGE_CURVE('',#1302,#1283,#1304,.T.);
#1302 = VERTEX_POINT('',#1303);
#1303 = CARTESIAN_POINT('',(6.180810563479E-02,5.079131892202E-02,
    6.390894616516E-02));
#1304 = SURFACE_CURVE('',#1305,(#1309),.PCURVE_S1.);
#1305 = LINE('',#1306,#1307);
#1306 = CARTESIAN_POINT('',(6.180810563479E-02,5.079131892202E-02,
    6.390894616516E-02));
#1307 = VECTOR('',#1308,1.);
#1308 = DIRECTION('',(-0.331593520062,0.396065334679,0.85625813171));
#1309 = PCURVE('',#32,#1310);
#1310 = DEFINITIONAL_REPRESENTATION('',(#1311),#1318);
#1311 = B_SPLINE_CURVE_WITH_KNOTS('',5,(#1312,#1313,#1314,#1315,#1316,
    #1317),.UNSPECIFIED.,.F.,.F.,(6,6),(0.,2.836996734227E-03),
  .PIECEWISE_BEZIER_KNOTS.);
#1312 = CARTESIAN_POINT('',(0.687868059833,0.106760809793));
#1313 = CARTESIAN_POINT('',(0.691531519841,0.107246650098));
#1314 = CARTESIAN_POINT('',(0.695195287169,0.107732490403));
#1315 = CARTESIAN_POINT('',(0.698859157006,0.108218330707));
#1316 = CARTESIAN_POINT('',(0.702522924335,0.108704171012));
#1317 = CARTESIAN_POINT('',(0.706186384343,0.109190011317));
#1318 = ( GEOMETRIC_REPRESENTATION_CONTEXT(2) 
PARAMETRIC_REPRESENTATION_CONTEXT() REPRESENTATION_CONTEXT('2D SPACE',''
  ) );
#1319 = ORIENTED_EDGE('',*,*,#1320,.F.);
#1320 = EDGE_CURVE('',#1321,#1302,#1323,.T.);
#1321 = VERTEX_POINT('',#1322);
#1322 = CARTESIAN_POINT('',(6.272809555773E-02,4.965063975116E-02,
    6.154488962212E-02));
#1323 = SURFACE_CURVE('',#1324,(#1328),.PCURVE_S1.);
#1324 = LINE('',#1325,#1326);
#1325 = CARTESIAN_POINT('',(6.272809555773E-02,4.965063975116E-02,
    6.154488962212E-02));
#1326 = VECTOR('',#1327,1.);
#1327 = DIRECTION('',(-0.330762749959,0.410106860918,0.84994609586));
#1328 = PCURVE('',#32,#1329);
#1329 = DEFINITIONAL_REPRESENTATION('',(#1330),#1337);
#1330 = B_SPLINE_CURVE_WITH_KNOTS('',5,(#1331,#1332,#1333,#1334,#1335,
    #1336),.UNSPECIFIED.,.F.,.F.,(6,6),(0.,2.781419380065E-03),
  .PIECEWISE_BEZIER_KNOTS.);
#1331 = CARTESIAN_POINT('',(0.669549735322,0.10439675325));
#1332 = CARTESIAN_POINT('',(0.67321319533,0.104869564559));
#1333 = CARTESIAN_POINT('',(0.676876962659,0.105342375867));
#1334 = CARTESIAN_POINT('',(0.680540832496,0.105815187176));
#1335 = CARTESIAN_POINT('',(0.684204599824,0.106287998485));
#1336 = CARTESIAN_POINT('',(0.687868059833,0.106760809793));
#1337 = ( GEOMETRIC_REPRESENTATION_CONTEXT(2) 
PARAMETRIC_REPRESENTATION_CONTEXT() REPRESENTATION_CONTEXT('2D SPACE',''
  ) );
#1338 = ORIENTED_EDGE('',*,*,#1339,.F.);
#1339 = EDGE_CURVE('',#1340,#1321,#1342,.T.);
#1340 = VERTEX_POINT('',#1341);
#1341 = CARTESIAN_POINT('',(6.362703696599E-02,4.849330022723E-02,
    5.924866304963E-02));
#1342 = SURFACE_CURVE('',#1343,(#1347),.PCURVE_S1.);
#1343 = LINE('',#1344,#1345);
#1344 = CARTESIAN_POINT('',(6.362703696599E-02,4.849330022723E-02,
    5.924866304963E-02));
#1345 = VECTOR('',#1346,1.);
#1346 = DIRECTION('',(-0.33000761671,0.424867354545,0.842960677585));
#1347 = PCURVE('',#32,#1348);
#1348 = DEFINITIONAL_REPRESENTATION('',(#1349),#1356);
#1349 = B_SPLINE_CURVE_WITH_KNOTS('',5,(#1350,#1351,#1352,#1353,#1354,
    #1355),.UNSPECIFIED.,.F.,.F.,(6,6),(0.,2.72400200098E-03),
  .PIECEWISE_BEZIER_KNOTS.);
#1350 = CARTESIAN_POINT('',(0.651231410811,0.102100526678));
#1351 = CARTESIAN_POINT('',(0.65489487082,0.102559771992));
#1352 = CARTESIAN_POINT('',(0.658558638148,0.103019017307));
#1353 = CARTESIAN_POINT('',(0.662222507985,0.103478262621));
#1354 = CARTESIAN_POINT('',(0.665886275313,0.103937507936));
#1355 = CARTESIAN_POINT('',(0.669549735322,0.10439675325));
#1356 = ( GEOMETRIC_REPRESENTATION_CONTEXT(2) 
PARAMETRIC_REPRESENTATION_CONTEXT() REPRESENTATION_CONTEXT('2D SPACE',''
  ) );
#1357 = ORIENTED_EDGE('',*,*,#1358,.F.);
#1358 = EDGE_CURVE('',#1359,#1340,#1361,.T.);
#1359 = VERTEX_POINT('',#1360);
#1360 = CARTESIAN_POINT('',(6.450462821831E-02,4.731968869738E-02,
    5.702295143796E-02));
#1361 = SURFACE_CURVE('',#1362,(#1366),.PCURVE_S1.);
#1362 = LINE('',#1363,#1364);
#1363 = CARTESIAN_POINT('',(6.450462821831E-02,4.731968869738E-02,
    5.702295143796E-02));
#1364 = VECTOR('',#1365,1.);
#1365 = DIRECTION('',(-0.329323455912,0.440407540395,0.835216893836));
#1366 = PCURVE('',#32,#1367);
#1367 = DEFINITIONAL_REPRESENTATION('',(#1368),#1375);
#1368 = B_SPLINE_CURVE_WITH_KNOTS('',5,(#1369,#1370,#1371,#1372,#1373,
    #1374),.UNSPECIFIED.,.F.,.F.,(6,6),(0.,2.664830690211E-03),
  .PIECEWISE_BEZIER_KNOTS.);
#1369 = CARTESIAN_POINT('',(0.6329130863,9.98748150661E-02));
#1370 = CARTESIAN_POINT('',(0.636576546309,0.100319957388));
#1371 = CARTESIAN_POINT('',(0.640240313637,0.100765099711));
#1372 = CARTESIAN_POINT('',(0.643904183474,0.101210242033));
#1373 = CARTESIAN_POINT('',(0.647567950803,0.101655384355));
#1374 = CARTESIAN_POINT('',(0.651231410811,0.102100526678));
#1375 = ( GEOMETRIC_REPRESENTATION_CONTEXT(2) 
PARAMETRIC_REPRESENTATION_CONTEXT() REPRESENTATION_CONTEXT('2D SPACE',''
  ) );
#1376 = ORIENTED_EDGE('',*,*,#1377,.F.);
#1377 = EDGE_CURVE('',#1378,#1359,#1380,.T.);
#1378 = VERTEX_POINT('',#1379);
#1379 = CARTESIAN_POINT('',(6.536057483752E-02,4.613019896889E-02,
    5.487043977736E-02));
#1380 = SURFACE_CURVE('',#1381,(#1385),.PCURVE_S1.);
#1381 = LINE('',#1382,#1383);
#1382 = CARTESIAN_POINT('',(6.536057483752E-02,4.613019896889E-02,
    5.487043977736E-02));
#1383 = VECTOR('',#1384,1.);
#1384 = DIRECTION('',(-0.328704032826,0.456792587282,0.826616108607));
#1385 = PCURVE('',#32,#1386);
#1386 = DEFINITIONAL_REPRESENTATION('',(#1387),#1394);
#1387 = B_SPLINE_CURVE_WITH_KNOTS('',5,(#1388,#1389,#1390,#1391,#1392,
    #1393),.UNSPECIFIED.,.F.,.F.,(6,6),(0.,2.604004008859E-03),
  .PIECEWISE_BEZIER_KNOTS.);
#1388 = CARTESIAN_POINT('',(0.61459476179,9.77223034055E-02));
#1389 = CARTESIAN_POINT('',(0.618258221798,9.815280573762E-02));
#1390 = CARTESIAN_POINT('',(0.621921989126,9.858330806974E-02));
#1391 = CARTESIAN_POINT('',(0.625585858964,9.901381040186E-02));
#1392 = CARTESIAN_POINT('',(0.629249626292,9.944431273398E-02));
#1393 = CARTESIAN_POINT('',(0.6329130863,9.98748150661E-02));
#1394 = ( GEOMETRIC_REPRESENTATION_CONTEXT(2) 
PARAMETRIC_REPRESENTATION_CONTEXT() REPRESENTATION_CONTEXT('2D SPACE',''
  ) );
#1395 = ORIENTED_EDGE('',*,*,#1396,.F.);
#1396 = EDGE_CURVE('',#1397,#1378,#1399,.T.);
#1397 = VERTEX_POINT('',#1398);
#1398 = CARTESIAN_POINT('',(6.619458960933E-02,4.492523017695E-02,
    5.27938130581E-02));
#1399 = SURFACE_CURVE('',#1400,(#1404),.PCURVE_S1.);
#1400 = LINE('',#1401,#1402);
#1401 = CARTESIAN_POINT('',(6.619458960933E-02,4.492523017695E-02,
    5.27938130581E-02));
#1402 = VECTOR('',#1403,1.);
#1403 = DIRECTION('',(-0.328141035346,0.47409197092,0.817043612074));
#1404 = PCURVE('',#32,#1405);
#1405 = DEFINITIONAL_REPRESENTATION('',(#1406),#1413);
#1406 = B_SPLINE_CURVE_WITH_KNOTS('',5,(#1407,#1408,#1409,#1410,#1411,
    #1412),.UNSPECIFIED.,.F.,.F.,(6,6),(0.,2.541635095812E-03),
  .PIECEWISE_BEZIER_KNOTS.);
#1407 = CARTESIAN_POINT('',(0.596276437279,9.564567668625E-02));
#1408 = CARTESIAN_POINT('',(0.599939897287,9.60610020301E-02));
#1409 = CARTESIAN_POINT('',(0.603603664616,9.647632737395E-02));
#1410 = CARTESIAN_POINT('',(0.607267534453,9.68916527178E-02));
#1411 = CARTESIAN_POINT('',(0.610931301781,9.730697806165E-02));
#1412 = CARTESIAN_POINT('',(0.61459476179,9.77223034055E-02));
#1413 = ( GEOMETRIC_REPRESENTATION_CONTEXT(2) 
PARAMETRIC_REPRESENTATION_CONTEXT() REPRESENTATION_CONTEXT('2D SPACE',''
  ) );
#1414 = ORIENTED_EDGE('',*,*,#1415,.F.);
#1415 = EDGE_CURVE('',#1416,#1397,#1418,.T.);
#1416 = VERTEX_POINT('',#1417);
#1417 = CARTESIAN_POINT('',(6.700639267873E-02,4.370518665082E-02,
    5.079575627046E-02));
#1418 = SURFACE_CURVE('',#1419,(#1423),.PCURVE_S1.);
#1419 = LINE('',#1420,#1421);
#1420 = CARTESIAN_POINT('',(6.700639267873E-02,4.370518665082E-02,
    5.079575627046E-02));
#1421 = VECTOR('',#1422,1.);
#1422 = DIRECTION('',(-0.327623423014,0.492379064976,0.806365766303));
#1423 = PCURVE('',#32,#1424);
#1424 = DEFINITIONAL_REPRESENTATION('',(#1425),#1432);
#1425 = B_SPLINE_CURVE_WITH_KNOTS('',5,(#1426,#1427,#1428,#1429,#1430,
    #1431),.UNSPECIFIED.,.F.,.F.,(6,6),(0.,2.477854183723E-03),
  .PIECEWISE_BEZIER_KNOTS.);
#1426 = CARTESIAN_POINT('',(0.577958112768,9.36476198986E-02));
#1427 = CARTESIAN_POINT('',(0.581621572777,9.404723125613E-02));
#1428 = CARTESIAN_POINT('',(0.585285340105,9.444684261366E-02));
#1429 = CARTESIAN_POINT('',(0.588949209942,9.484645397119E-02));
#1430 = CARTESIAN_POINT('',(0.592612977271,9.524606532872E-02));
#1431 = CARTESIAN_POINT('',(0.596276437279,9.564567668625E-02));
#1432 = ( GEOMETRIC_REPRESENTATION_CONTEXT(2) 
PARAMETRIC_REPRESENTATION_CONTEXT() REPRESENTATION_CONTEXT('2D SPACE',''
  ) );
#1433 = ORIENTED_EDGE('',*,*,#1434,.F.);
#1434 = EDGE_CURVE('',#1435,#1416,#1437,.T.);
#1435 = VERTEX_POINT('',#1436);
#1436 = CARTESIAN_POINT('',(6.779571164388E-02,4.24704777781E-02,
    4.887895440468E-02));
#1437 = SURFACE_CURVE('',#1438,(#1442),.PCURVE_S1.);
#1438 = LINE('',#1439,#1440);
#1439 = CARTESIAN_POINT('',(6.779571164388E-02,4.24704777781E-02,
    4.887895440468E-02));
#1440 = VECTOR('',#1441,1.);
#1441 = DIRECTION('',(-0.32713659236,0.511730328317,0.794426661826));
#1442 = PCURVE('',#32,#1443);
#1443 = DEFINITIONAL_REPRESENTATION('',(#1444),#1451);
#1444 = B_SPLINE_CURVE_WITH_KNOTS('',5,(#1445,#1446,#1447,#1448,#1449,
    #1450),.UNSPECIFIED.,.F.,.F.,(6,6),(0.,2.412811600966E-03),
  .PIECEWISE_BEZIER_KNOTS.);
#1445 = CARTESIAN_POINT('',(0.559639788257,9.173081803283E-02));
#1446 = CARTESIAN_POINT('',(0.563303248266,9.211417840598E-02));
#1447 = CARTESIAN_POINT('',(0.566967015594,9.249753877914E-02));
#1448 = CARTESIAN_POINT('',(0.570630885431,9.288089915229E-02));
#1449 = CARTESIAN_POINT('',(0.57429465276,9.326425952545E-02));
#1450 = CARTESIAN_POINT('',(0.577958112768,9.36476198986E-02));
#1451 = ( GEOMETRIC_REPRESENTATION_CONTEXT(2) 
PARAMETRIC_REPRESENTATION_CONTEXT() REPRESENTATION_CONTEXT('2D SPACE',''
  ) );
#1452 = ORIENTED_EDGE('',*,*,#1453,.F.);
#1453 = EDGE_CURVE('',#1454,#1435,#1456,.T.);
#1454 = VERTEX_POINT('',#1455);
#1455 = CARTESIAN_POINT('',(6.856228164751E-02,4.122151786734E-02,
    4.704609245106E-02));
#1456 = SURFACE_CURVE('',#1457,(#1461),.PCURVE_S1.);
#1457 = LINE('',#1458,#1459);
#1458 = CARTESIAN_POINT('',(6.856228164751E-02,4.122151786734E-02,
    4.704609245106E-02));
#1459 = VECTOR('',#1460,1.);
#1460 = DIRECTION('',(-0.326661309517,0.532223903949,0.781044240059));
#1461 = PCURVE('',#32,#1462);
#1462 = DEFINITIONAL_REPRESENTATION('',(#1463),#1470);
#1463 = B_SPLINE_CURVE_WITH_KNOTS('',5,(#1464,#1465,#1466,#1467,#1468,
    #1469),.UNSPECIFIED.,.F.,.F.,(6,6),(0.,2.346681352505E-03),
  .PIECEWISE_BEZIER_KNOTS.);
#1464 = CARTESIAN_POINT('',(0.541321463747,8.98979560792E-02));
#1465 = CARTESIAN_POINT('',(0.544984923755,9.026452846993E-02));
#1466 = CARTESIAN_POINT('',(0.548648691084,9.063110086065E-02));
#1467 = CARTESIAN_POINT('',(0.552312560921,9.099767325138E-02));
#1468 = CARTESIAN_POINT('',(0.555976328249,9.13642456421E-02));
#1469 = CARTESIAN_POINT('',(0.559639788257,9.173081803283E-02));
#1470 = ( GEOMETRIC_REPRESENTATION_CONTEXT(2) 
PARAMETRIC_REPRESENTATION_CONTEXT() REPRESENTATION_CONTEXT('2D SPACE',''
  ) );
#1471 = ORIENTED_EDGE('',*,*,#1472,.F.);
#1472 = EDGE_CURVE('',#1473,#1454,#1475,.T.);
#1473 = VERTEX_POINT('',#1474);
#1474 = CARTESIAN_POINT('',(6.930584546581E-02,3.995872600909E-02,
    4.529985539983E-02));
#1475 = SURFACE_CURVE('',#1476,(#1480),.PCURVE_S1.);
#1476 = LINE('',#1477,#1478);
#1477 = CARTESIAN_POINT('',(6.930584546581E-02,3.995872600909E-02,
    4.529985539983E-02));
#1478 = VECTOR('',#1479,1.);
#1479 = DIRECTION('',(-0.326172351058,0.553937374529,0.766005863232));
#1480 = PCURVE('',#32,#1481);
#1481 = DEFINITIONAL_REPRESENTATION('',(#1482),#1489);
#1482 = B_SPLINE_CURVE_WITH_KNOTS('',5,(#1483,#1484,#1485,#1486,#1487,
    #1488),.UNSPECIFIED.,.F.,.F.,(6,6),(0.,2.279665385138E-03),
  .PIECEWISE_BEZIER_KNOTS.);
#1483 = CARTESIAN_POINT('',(0.523003139236,8.815171902798E-02));
#1484 = CARTESIAN_POINT('',(0.526666599244,8.850096643822E-02));
#1485 = CARTESIAN_POINT('',(0.530330366573,8.885021384847E-02));
#1486 = CARTESIAN_POINT('',(0.53399423641,8.919946125871E-02));
#1487 = CARTESIAN_POINT('',(0.537658003738,8.954870866896E-02));
#1488 = CARTESIAN_POINT('',(0.541321463747,8.98979560792E-02));
#1489 = ( GEOMETRIC_REPRESENTATION_CONTEXT(2) 
PARAMETRIC_REPRESENTATION_CONTEXT() REPRESENTATION_CONTEXT('2D SPACE',''
  ) );
#1490 = ORIENTED_EDGE('',*,*,#1491,.F.);
#1491 = EDGE_CURVE('',#1492,#1473,#1494,.T.);
#1492 = VERTEX_POINT('',#1493);
#1493 = CARTESIAN_POINT('',(7.002615359472E-02,3.868252593522E-02,
    4.364292824129E-02));
#1494 = SURFACE_CURVE('',#1495,(#1499),.PCURVE_S1.);
#1495 = LINE('',#1496,#1497);
#1496 = CARTESIAN_POINT('',(7.002615359472E-02,3.868252593522E-02,
    4.364292824129E-02));
#1497 = VECTOR('',#1498,1.);
#1498 = DIRECTION('',(-0.325636784705,0.576944327039,0.749063367109));
#1499 = PCURVE('',#32,#1500);
#1500 = DEFINITIONAL_REPRESENTATION('',(#1501),#1508);
#1501 = B_SPLINE_CURVE_WITH_KNOTS('',5,(#1502,#1503,#1504,#1505,#1506,
    #1507),.UNSPECIFIED.,.F.,.F.,(6,6),(0.,2.211998652321E-03),
  .PIECEWISE_BEZIER_KNOTS.);
#1502 = CARTESIAN_POINT('',(0.504684814725,8.649479186943E-02));
#1503 = CARTESIAN_POINT('',(0.508348274734,8.682617730114E-02));
#1504 = CARTESIAN_POINT('',(0.512012042062,8.715756273285E-02));
#1505 = CARTESIAN_POINT('',(0.515675911899,8.748894816456E-02));
#1506 = CARTESIAN_POINT('',(0.519339679228,8.782033359627E-02));
#1507 = CARTESIAN_POINT('',(0.523003139236,8.815171902798E-02));
#1508 = ( GEOMETRIC_REPRESENTATION_CONTEXT(2) 
PARAMETRIC_REPRESENTATION_CONTEXT() REPRESENTATION_CONTEXT('2D SPACE',''
  ) );
#1509 = ORIENTED_EDGE('',*,*,#1510,.F.);
#1510 = EDGE_CURVE('',#1511,#1492,#1513,.T.);
#1511 = VERTEX_POINT('',#1512);
#1512 = CARTESIAN_POINT('',(7.072296433368E-02,3.739334587673E-02,
    4.207799596568E-02));
#1513 = SURFACE_CURVE('',#1514,(#1518),.PCURVE_S1.);
#1514 = LINE('',#1515,#1516);
#1515 = CARTESIAN_POINT('',(7.072296433368E-02,3.739334587673E-02,
    4.207799596568E-02));
#1516 = VECTOR('',#1517,1.);
#1517 = DIRECTION('',(-0.325011815806,0.601309262732,0.729927729394));
#1518 = PCURVE('',#32,#1519);
#1519 = DEFINITIONAL_REPRESENTATION('',(#1520),#1527);
#1520 = B_SPLINE_CURVE_WITH_KNOTS('',5,(#1521,#1522,#1523,#1524,#1525,
    #1526),.UNSPECIFIED.,.F.,.F.,(6,6),(0.,2.143955096633E-03),
  .PIECEWISE_BEZIER_KNOTS.);
#1521 = CARTESIAN_POINT('',(0.486366490215,8.492985959382E-02));
#1522 = CARTESIAN_POINT('',(0.490029950223,8.524284604894E-02));
#1523 = CARTESIAN_POINT('',(0.493693717551,8.555583250407E-02));
#1524 = CARTESIAN_POINT('',(0.497357587388,8.586881895919E-02));
#1525 = CARTESIAN_POINT('',(0.501021354717,8.618180541431E-02));
#1526 = CARTESIAN_POINT('',(0.504684814725,8.649479186943E-02));
#1527 = ( GEOMETRIC_REPRESENTATION_CONTEXT(2) 
PARAMETRIC_REPRESENTATION_CONTEXT() REPRESENTATION_CONTEXT('2D SPACE',''
  ) );
#1528 = ORIENTED_EDGE('',*,*,#1529,.F.);
#1529 = EDGE_CURVE('',#1530,#1511,#1532,.T.);
#1530 = VERTEX_POINT('',#1531);
#1531 = CARTESIAN_POINT('',(7.139604386671E-02,3.60916184201E-02,
    4.060774356327E-02));
#1532 = SURFACE_CURVE('',#1533,(#1537),.PCURVE_S1.);
#1533 = LINE('',#1534,#1535);
#1534 = CARTESIAN_POINT('',(7.139604386671E-02,3.60916184201E-02,
    4.060774356327E-02));
#1535 = VECTOR('',#1536,1.);
#1536 = DIRECTION('',(-0.324242128825,0.627080249768,0.70826365306));
#1537 = PCURVE('',#32,#1538);
#1538 = DEFINITIONAL_REPRESENTATION('',(#1539),#1546);
#1539 = B_SPLINE_CURVE_WITH_KNOTS('',5,(#1540,#1541,#1542,#1543,#1544,
    #1545),.UNSPECIFIED.,.F.,.F.,(6,6),(0.,2.07585465674E-03),
  .PIECEWISE_BEZIER_KNOTS.);
#1540 = CARTESIAN_POINT('',(0.468048165704,8.345960719142E-02));
#1541 = CARTESIAN_POINT('',(0.471711625712,8.37536576719E-02));
#1542 = CARTESIAN_POINT('',(0.475375393041,8.404770815238E-02));
#1543 = CARTESIAN_POINT('',(0.479039262878,8.434175863286E-02));
#1544 = CARTESIAN_POINT('',(0.482703030206,8.463580911334E-02));
#1545 = CARTESIAN_POINT('',(0.486366490215,8.492985959382E-02));
#1546 = ( GEOMETRIC_REPRESENTATION_CONTEXT(2) 
PARAMETRIC_REPRESENTATION_CONTEXT() REPRESENTATION_CONTEXT('2D SPACE',''
  ) );
#1547 = ORIENTED_EDGE('',*,*,#1548,.F.);
#1548 = EDGE_CURVE('',#1549,#1530,#1551,.T.);
#1549 = VERTEX_POINT('',#1550);
#1550 = CARTESIAN_POINT('',(7.204516634089E-02,3.47777803621E-02,
    3.923485602434E-02));
#1551 = SURFACE_CURVE('',#1552,(#1556),.PCURVE_S1.);
#1552 = LINE('',#1553,#1554);
#1553 = CARTESIAN_POINT('',(7.204516634089E-02,3.47777803621E-02,
    3.923485602434E-02));
#1554 = VECTOR('',#1555,1.);
#1555 = DIRECTION('',(-0.323256675104,0.654278567074,0.683684633927));
#1556 = PCURVE('',#32,#1557);
#1557 = DEFINITIONAL_REPRESENTATION('',(#1558),#1565);
#1558 = B_SPLINE_CURVE_WITH_KNOTS('',5,(#1559,#1560,#1561,#1562,#1563,
    #1564),.UNSPECIFIED.,.F.,.F.,(6,6),(0.,2.008071369173E-03),
  .PIECEWISE_BEZIER_KNOTS.);
#1559 = CARTESIAN_POINT('',(0.449729841193,8.208671965249E-02));
#1560 = CARTESIAN_POINT('',(0.453393301201,8.236129716027E-02));
#1561 = CARTESIAN_POINT('',(0.45705706853,8.263587466806E-02));
#1562 = CARTESIAN_POINT('',(0.460720938367,8.291045217585E-02));
#1563 = CARTESIAN_POINT('',(0.464384705695,8.318502968363E-02));
#1564 = CARTESIAN_POINT('',(0.468048165704,8.345960719142E-02));
#1565 = ( GEOMETRIC_REPRESENTATION_CONTEXT(2) 
PARAMETRIC_REPRESENTATION_CONTEXT() REPRESENTATION_CONTEXT('2D SPACE',''
  ) );
#1566 = ORIENTED_EDGE('',*,*,#1567,.F.);
#1567 = EDGE_CURVE('',#1568,#1549,#1570,.T.);
#1568 = VERTEX_POINT('',#1569);
#1569 = CARTESIAN_POINT('',(7.267011394209E-02,3.345227256322E-02,
    3.79620021251E-02));
#1570 = SURFACE_CURVE('',#1571,(#1575),.PCURVE_S1.);
#1571 = LINE('',#1572,#1573);
#1572 = CARTESIAN_POINT('',(7.267011394209E-02,3.345227256322E-02,
    3.79620021251E-02));
#1573 = VECTOR('',#1574,1.);
#1574 = DIRECTION('',(-0.321963151306,0.682880720216,0.655754261258));
#1575 = PCURVE('',#32,#1576);
#1576 = DEFINITIONAL_REPRESENTATION('',(#1577),#1584);
#1577 = B_SPLINE_CURVE_WITH_KNOTS('',5,(#1578,#1579,#1580,#1581,#1582,
    #1583),.UNSPECIFIED.,.F.,.F.,(6,6),(0.,1.941053187823E-03),
  .PIECEWISE_BEZIER_KNOTS.);
#1578 = CARTESIAN_POINT('',(0.431411516682,8.081386575324E-02));
#1579 = CARTESIAN_POINT('',(0.435074976691,8.106843653309E-02));
#1580 = CARTESIAN_POINT('',(0.438738744019,8.132300731294E-02));
#1581 = CARTESIAN_POINT('',(0.442402613856,8.157757809279E-02));
#1582 = CARTESIAN_POINT('',(0.446066381185,8.183214887264E-02));
#1583 = CARTESIAN_POINT('',(0.449729841193,8.208671965249E-02));
#1584 = ( GEOMETRIC_REPRESENTATION_CONTEXT(2) 
PARAMETRIC_REPRESENTATION_CONTEXT() REPRESENTATION_CONTEXT('2D SPACE',''
  ) );
#1585 = ORIENTED_EDGE('',*,*,#1586,.F.);
#1586 = EDGE_CURVE('',#1587,#1568,#1589,.T.);
#1587 = VERTEX_POINT('',#1588);
#1588 = CARTESIAN_POINT('',(7.327067696814E-02,3.211553979977E-02,
    3.678460896725E-02));
#1589 = SURFACE_CURVE('',#1590,(#1594),.PCURVE_S1.);
#1590 = LINE('',#1591,#1592);
#1591 = CARTESIAN_POINT('',(7.327067696814E-02,3.211553979977E-02,
    3.678460896725E-02));
#1592 = VECTOR('',#1593,1.);
#1593 = DIRECTION('',(-0.31947621091,0.711089926854,0.626327443587));
#1594 = PCURVE('',#32,#1595);
#1595 = DEFINITIONAL_REPRESENTATION('',(#1596),#1603);
#1596 = B_SPLINE_CURVE_WITH_KNOTS('',5,(#1597,#1598,#1599,#1600,#1601,
    #1602),.UNSPECIFIED.,.F.,.F.,(6,6),(0.,1.879836449608E-03),
  .PIECEWISE_BEZIER_KNOTS.);
#1597 = CARTESIAN_POINT('',(0.413093192172,7.96364725954E-02));
#1598 = CARTESIAN_POINT('',(0.41675665218,7.987195122697E-02));
#1599 = CARTESIAN_POINT('',(0.420420419508,8.010742985854E-02));
#1600 = CARTESIAN_POINT('',(0.424084289346,8.03429084901E-02));
#1601 = CARTESIAN_POINT('',(0.427748056674,8.057838712167E-02));
#1602 = CARTESIAN_POINT('',(0.431411516682,8.081386575324E-02));
#1603 = ( GEOMETRIC_REPRESENTATION_CONTEXT(2) 
PARAMETRIC_REPRESENTATION_CONTEXT() REPRESENTATION_CONTEXT('2D SPACE',''
  ) );
#1604 = ORIENTED_EDGE('',*,*,#1605,.F.);
#1605 = EDGE_CURVE('',#1606,#1587,#1608,.T.);
#1606 = VERTEX_POINT('',#1607);
#1607 = CARTESIAN_POINT('',(7.384665389914E-02,3.076803061461E-02,
    3.567948692216E-02));
#1608 = SURFACE_CURVE('',#1609,(#1613),.PCURVE_S1.);
#1609 = LINE('',#1610,#1611);
#1610 = CARTESIAN_POINT('',(7.384665389914E-02,3.076803061461E-02,
    3.567948692216E-02));
#1611 = VECTOR('',#1612,1.);
#1612 = DIRECTION('',(-0.313809331141,0.734163007833,0.60210329813));
#1613 = PCURVE('',#32,#1614);
#1614 = DEFINITIONAL_REPRESENTATION('',(#1615),#1622);
#1615 = B_SPLINE_CURVE_WITH_KNOTS('',5,(#1616,#1617,#1618,#1619,#1620,
    #1621),.UNSPECIFIED.,.F.,.F.,(6,6),(0.,1.835435960115E-03),
  .PIECEWISE_BEZIER_KNOTS.);
#1616 = CARTESIAN_POINT('',(0.394774867661,7.853135055031E-02));
#1617 = CARTESIAN_POINT('',(0.398438327669,7.875237495932E-02));
#1618 = CARTESIAN_POINT('',(0.402102094998,7.897339936834E-02));
#1619 = CARTESIAN_POINT('',(0.405765964835,7.919442377736E-02));
#1620 = CARTESIAN_POINT('',(0.409429732163,7.941544818638E-02));
#1621 = CARTESIAN_POINT('',(0.413093192172,7.96364725954E-02));
#1622 = ( GEOMETRIC_REPRESENTATION_CONTEXT(2) 
PARAMETRIC_REPRESENTATION_CONTEXT() REPRESENTATION_CONTEXT('2D SPACE',''
  ) );
#1623 = ORIENTED_EDGE('',*,*,#1624,.F.);
#1624 = EDGE_CURVE('',#1625,#1606,#1627,.T.);
#1625 = VERTEX_POINT('',#1626);
#1626 = CARTESIAN_POINT('',(7.439785146508E-02,2.941019716663E-02,
    3.462049600486E-02));
#1627 = SURFACE_CURVE('',#1628,(#1632),.PCURVE_S1.);
#1628 = LINE('',#1629,#1630);
#1629 = CARTESIAN_POINT('',(7.439785146508E-02,2.941019716663E-02,
    3.462049600486E-02));
#1630 = VECTOR('',#1631,1.);
#1631 = DIRECTION('',(-0.304859932718,0.750999349722,0.585713580294));
#1632 = PCURVE('',#32,#1633);
#1633 = DEFINITIONAL_REPRESENTATION('',(#1634),#1641);
#1634 = B_SPLINE_CURVE_WITH_KNOTS('',5,(#1635,#1636,#1637,#1638,#1639,
    #1640),.UNSPECIFIED.,.F.,.F.,(6,6),(0.,1.808035450998E-03),
  .PIECEWISE_BEZIER_KNOTS.);
#1635 = CARTESIAN_POINT('',(0.37645654315,7.7472359633E-02));
#1636 = CARTESIAN_POINT('',(0.380120003159,7.768415781646E-02));
#1637 = CARTESIAN_POINT('',(0.383783770487,7.789595599992E-02));
#1638 = CARTESIAN_POINT('',(0.387447640324,7.810775418338E-02));
#1639 = CARTESIAN_POINT('',(0.391111407653,7.831955236685E-02));
#1640 = CARTESIAN_POINT('',(0.394774867661,7.853135055031E-02));
#1641 = ( GEOMETRIC_REPRESENTATION_CONTEXT(2) 
PARAMETRIC_REPRESENTATION_CONTEXT() REPRESENTATION_CONTEXT('2D SPACE',''
  ) );
#1642 = ORIENTED_EDGE('',*,*,#1643,.F.);
#1643 = EDGE_CURVE('',#1644,#1625,#1646,.T.);
#1644 = VERTEX_POINT('',#1645);
#1645 = CARTESIAN_POINT('',(7.492408471073E-02,2.804249507908E-02,
    3.358149623038E-02));
#1646 = SURFACE_CURVE('',#1647,(#1651),.PCURVE_S1.);
#1647 = LINE('',#1648,#1649);
#1648 = CARTESIAN_POINT('',(7.492408471073E-02,2.804249507908E-02,
    3.358149623038E-02));
#1649 = VECTOR('',#1650,1.);
#1650 = DIRECTION('',(-0.292937769248,0.761357443373,0.578379033826));
#1651 = PCURVE('',#32,#1652);
#1652 = DEFINITIONAL_REPRESENTATION('',(#1653),#1660);
#1653 = B_SPLINE_CURVE_WITH_KNOTS('',5,(#1654,#1655,#1656,#1657,#1658,
    #1659),.UNSPECIFIED.,.F.,.F.,(6,6),(0.,1.796399443472E-03),
  .PIECEWISE_BEZIER_KNOTS.);
#1654 = CARTESIAN_POINT('',(0.358138218639,7.643335985852E-02));
#1655 = CARTESIAN_POINT('',(0.361801678648,7.664115981342E-02));
#1656 = CARTESIAN_POINT('',(0.365465445976,7.684895976831E-02));
#1657 = CARTESIAN_POINT('',(0.369129315813,7.705675972321E-02));
#1658 = CARTESIAN_POINT('',(0.372793083142,7.726455967811E-02));
#1659 = CARTESIAN_POINT('',(0.37645654315,7.7472359633E-02));
#1660 = ( GEOMETRIC_REPRESENTATION_CONTEXT(2) 
PARAMETRIC_REPRESENTATION_CONTEXT() REPRESENTATION_CONTEXT('2D SPACE',''
  ) );
#1661 = ORIENTED_EDGE('',*,*,#1662,.F.);
#1662 = EDGE_CURVE('',#1663,#1644,#1665,.T.);
#1663 = VERTEX_POINT('',#1664);
#1664 = CARTESIAN_POINT('',(7.542517705766E-02,2.66653832866E-02,
    3.253634761376E-02));
#1665 = SURFACE_CURVE('',#1666,(#1670),.PCURVE_S1.);
#1666 = LINE('',#1667,#1668);
#1667 = CARTESIAN_POINT('',(7.542517705766E-02,2.66653832866E-02,
    3.253634761376E-02));
#1668 = VECTOR('',#1669,1.);
#1669 = DIRECTION('',(-0.278390391506,0.765077921072,0.580650122367));
#1670 = PCURVE('',#32,#1671);
#1671 = DEFINITIONAL_REPRESENTATION('',(#1672),#1679);
#1672 = B_SPLINE_CURVE_WITH_KNOTS('',5,(#1673,#1674,#1675,#1676,#1677,
    #1678),.UNSPECIFIED.,.F.,.F.,(6,6),(0.,1.799962794049E-03),
  .PIECEWISE_BEZIER_KNOTS.);
#1673 = CARTESIAN_POINT('',(0.339819894129,7.53882112419E-02));
#1674 = CARTESIAN_POINT('',(0.343483354137,7.559724096523E-02));
#1675 = CARTESIAN_POINT('',(0.347147121466,7.580627068855E-02));
#1676 = CARTESIAN_POINT('',(0.350810991303,7.601530041187E-02));
#1677 = CARTESIAN_POINT('',(0.354474758631,7.62243301352E-02));
#1678 = CARTESIAN_POINT('',(0.358138218639,7.643335985852E-02));
#1679 = ( GEOMETRIC_REPRESENTATION_CONTEXT(2) 
PARAMETRIC_REPRESENTATION_CONTEXT() REPRESENTATION_CONTEXT('2D SPACE',''
  ) );
#1680 = ORIENTED_EDGE('',*,*,#1681,.F.);
#1681 = EDGE_CURVE('',#1682,#1663,#1684,.T.);
#1682 = VERTEX_POINT('',#1683);
#1683 = CARTESIAN_POINT('',(7.590096036352E-02,2.52793238813E-02,
    3.145891017003E-02));
#1684 = SURFACE_CURVE('',#1685,(#1689),.PCURVE_S1.);
#1685 = LINE('',#1686,#1687);
#1686 = CARTESIAN_POINT('',(7.590096036352E-02,2.52793238813E-02,
    3.145891017003E-02));
#1687 = VECTOR('',#1688,1.);
#1688 = DIRECTION('',(-0.261577310722,0.762031133234,0.592356195627));
#1689 = PCURVE('',#32,#1690);
#1690 = DEFINITIONAL_REPRESENTATION('',(#1691),#1698);
#1691 = B_SPLINE_CURVE_WITH_KNOTS('',5,(#1692,#1693,#1694,#1695,#1696,
    #1697),.UNSPECIFIED.,.F.,.F.,(6,6),(0.,1.818901282171E-03),
  .PIECEWISE_BEZIER_KNOTS.);
#1692 = CARTESIAN_POINT('',(0.321501569618,7.431077379817E-02));
#1693 = CARTESIAN_POINT('',(0.325165029626,7.452626128692E-02));
#1694 = CARTESIAN_POINT('',(0.328828796955,7.474174877566E-02));
#1695 = CARTESIAN_POINT('',(0.332492666792,7.495723626441E-02));
#1696 = CARTESIAN_POINT('',(0.33615643412,7.517272375316E-02));
#1697 = CARTESIAN_POINT('',(0.339819894129,7.53882112419E-02));
#1698 = ( GEOMETRIC_REPRESENTATION_CONTEXT(2) 
PARAMETRIC_REPRESENTATION_CONTEXT() REPRESENTATION_CONTEXT('2D SPACE',''
  ) );
#1699 = ORIENTED_EDGE('',*,*,#1700,.F.);
#1700 = EDGE_CURVE('',#1701,#1682,#1703,.T.);
#1701 = VERTEX_POINT('',#1702);
#1702 = CARTESIAN_POINT('',(7.635127497844E-02,2.388478195769E-02,
    3.032304391423E-02));
#1703 = SURFACE_CURVE('',#1704,(#1708),.PCURVE_S1.);
#1704 = LINE('',#1705,#1706);
#1705 = CARTESIAN_POINT('',(7.635127497844E-02,2.388478195769E-02,
    3.032304391423E-02));
#1706 = VECTOR('',#1707,1.);
#1707 = DIRECTION('',(-0.242873778174,0.752135628257,0.612620865285));
#1708 = PCURVE('',#32,#1709);
#1709 = DEFINITIONAL_REPRESENTATION('',(#1710),#1717);
#1710 = B_SPLINE_CURVE_WITH_KNOTS('',5,(#1711,#1712,#1713,#1714,#1715,
    #1716),.UNSPECIFIED.,.F.,.F.,(6,6),(0.,1.854109646218E-03),
  .PIECEWISE_BEZIER_KNOTS.);
#1711 = CARTESIAN_POINT('',(0.303183245107,7.317490754237E-02));
#1712 = CARTESIAN_POINT('',(0.306846705116,7.340208079353E-02));
#1713 = CARTESIAN_POINT('',(0.310510472444,7.362925404469E-02));
#1714 = CARTESIAN_POINT('',(0.314174342281,7.385642729585E-02));
#1715 = CARTESIAN_POINT('',(0.31783810961,7.408360054701E-02));
#1716 = CARTESIAN_POINT('',(0.321501569618,7.431077379817E-02));
#1717 = ( GEOMETRIC_REPRESENTATION_CONTEXT(2) 
PARAMETRIC_REPRESENTATION_CONTEXT() REPRESENTATION_CONTEXT('2D SPACE',''
  ) );
#1718 = ORIENTED_EDGE('',*,*,#1719,.F.);
#1719 = EDGE_CURVE('',#1720,#1701,#1722,.T.);
#1720 = VERTEX_POINT('',#1721);
#1721 = CARTESIAN_POINT('',(7.677596979863E-02,2.248222545657E-02,
    2.910260886139E-02));
#1722 = SURFACE_CURVE('',#1723,(#1727),.PCURVE_S1.);
#1723 = LINE('',#1724,#1725);
#1724 = CARTESIAN_POINT('',(7.677596979863E-02,2.248222545657E-02,
    2.910260886139E-02));
#1725 = VECTOR('',#1726,1.);
#1726 = DIRECTION('',(-0.222692598272,0.735443279767,0.639946239087));
#1727 = PCURVE('',#32,#1728);
#1728 = DEFINITIONAL_REPRESENTATION('',(#1729),#1736);
#1729 = B_SPLINE_CURVE_WITH_KNOTS('',5,(#1730,#1731,#1732,#1733,#1734,
    #1735),.UNSPECIFIED.,.F.,.F.,(6,6),(0.,1.907089968336E-03),
  .PIECEWISE_BEZIER_KNOTS.);
#1730 = CARTESIAN_POINT('',(0.284864920597,7.195447248954E-02));
#1731 = CARTESIAN_POINT('',(0.288528380605,7.21985595001E-02));
#1732 = CARTESIAN_POINT('',(0.292192147933,7.244264651067E-02));
#1733 = CARTESIAN_POINT('',(0.29585601777,7.268673352124E-02));
#1734 = CARTESIAN_POINT('',(0.299519785099,7.293082053181E-02));
#1735 = CARTESIAN_POINT('',(0.303183245107,7.317490754237E-02));
#1736 = ( GEOMETRIC_REPRESENTATION_CONTEXT(2) 
PARAMETRIC_REPRESENTATION_CONTEXT() REPRESENTATION_CONTEXT('2D SPACE',''
  ) );
#1737 = ORIENTED_EDGE('',*,*,#1738,.F.);
#1738 = EDGE_CURVE('',#1739,#1720,#1741,.T.);
#1739 = VERTEX_POINT('',#1740);
#1740 = CARTESIAN_POINT('',(7.717490231704E-02,2.107212500805E-02,
    2.777146502655E-02));
#1741 = SURFACE_CURVE('',#1742,(#1746),.PCURVE_S1.);
#1742 = LINE('',#1743,#1744);
#1743 = CARTESIAN_POINT('',(7.717490231704E-02,2.107212500805E-02,
    2.777146502655E-02));
#1744 = VECTOR('',#1745,1.);
#1745 = DIRECTION('',(-0.201504860382,0.712256035514,0.672374249296));
#1746 = PCURVE('',#32,#1747);
#1747 = DEFINITIONAL_REPRESENTATION('',(#1748),#1755);
#1748 = B_SPLINE_CURVE_WITH_KNOTS('',5,(#1749,#1750,#1751,#1752,#1753,
    #1754),.UNSPECIFIED.,.F.,.F.,(6,6),(0.,1.979766233211E-03),
  .PIECEWISE_BEZIER_KNOTS.);
#1749 = CARTESIAN_POINT('',(0.266546596086,7.06233286547E-02));
#1750 = CARTESIAN_POINT('',(0.270210056094,7.088955742167E-02));
#1751 = CARTESIAN_POINT('',(0.273873823423,7.115578618863E-02));
#1752 = CARTESIAN_POINT('',(0.27753769326,7.14220149556E-02));
#1753 = CARTESIAN_POINT('',(0.281201460588,7.168824372257E-02));
#1754 = CARTESIAN_POINT('',(0.284864920597,7.195447248954E-02));
#1755 = ( GEOMETRIC_REPRESENTATION_CONTEXT(2) 
PARAMETRIC_REPRESENTATION_CONTEXT() REPRESENTATION_CONTEXT('2D SPACE',''
  ) );
#1756 = ORIENTED_EDGE('',*,*,#1757,.F.);
#1757 = EDGE_CURVE('',#1758,#1739,#1760,.T.);
#1758 = VERTEX_POINT('',#1759);
#1759 = CARTESIAN_POINT('',(7.754793867122E-02,1.965495377366E-02,
    2.630347242475E-02));
#1760 = SURFACE_CURVE('',#1761,(#1765),.PCURVE_S1.);
#1761 = LINE('',#1762,#1763);
#1762 = CARTESIAN_POINT('',(7.754793867122E-02,1.965495377366E-02,
    2.630347242475E-02));
#1763 = VECTOR('',#1764,1.);
#1764 = DIRECTION('',(-0.17984114862,0.683219476414,0.707720501548));
#1765 = PCURVE('',#32,#1766);
#1766 = DEFINITIONAL_REPRESENTATION('',(#1767),#1774);
#1767 = B_SPLINE_CURVE_WITH_KNOTS('',5,(#1768,#1769,#1770,#1771,#1772,
    #1773),.UNSPECIFIED.,.F.,.F.,(6,6),(0.,2.074254735583E-03),
  .PIECEWISE_BEZIER_KNOTS.);
#1768 = CARTESIAN_POINT('',(0.248228271575,6.91553360529E-02));
#1769 = CARTESIAN_POINT('',(0.251891731583,6.944893457326E-02));
#1770 = CARTESIAN_POINT('',(0.255555498912,6.974253309362E-02));
#1771 = CARTESIAN_POINT('',(0.259219368749,7.003613161398E-02));
#1772 = CARTESIAN_POINT('',(0.262883136077,7.032973013434E-02));
#1773 = CARTESIAN_POINT('',(0.266546596086,7.06233286547E-02));
#1774 = ( GEOMETRIC_REPRESENTATION_CONTEXT(2) 
PARAMETRIC_REPRESENTATION_CONTEXT() REPRESENTATION_CONTEXT('2D SPACE',''
  ) );
#1775 = ORIENTED_EDGE('',*,*,#1776,.F.);
#1776 = EDGE_CURVE('',#1777,#1758,#1779,.T.);
#1777 = VERTEX_POINT('',#1778);
#1778 = CARTESIAN_POINT('',(7.789495368821E-02,1.82311872875E-02,
    2.467249107101E-02));
#1779 = SURFACE_CURVE('',#1780,(#1784),.PCURVE_S1.);
#1780 = LINE('',#1781,#1782);
#1781 = CARTESIAN_POINT('',(7.789495368821E-02,1.82311872875E-02,
    2.467249107101E-02));
#1782 = VECTOR('',#1783,1.);
#1783 = DIRECTION('',(-0.158264213396,0.649341590306,0.74384671664));
#1784 = PCURVE('',#32,#1785);
#1785 = DEFINITIONAL_REPRESENTATION('',(#1786),#1793);
#1786 = B_SPLINE_CURVE_WITH_KNOTS('',5,(#1787,#1788,#1789,#1790,#1791,
    #1792),.UNSPECIFIED.,.F.,.F.,(6,6),(0.,2.192630977928E-03),
  .PIECEWISE_BEZIER_KNOTS.);
#1787 = CARTESIAN_POINT('',(0.229909947064,6.752435469916E-02));
#1788 = CARTESIAN_POINT('',(0.233573407073,6.785055096991E-02));
#1789 = CARTESIAN_POINT('',(0.237237174401,6.817674724065E-02));
#1790 = CARTESIAN_POINT('',(0.240901044238,6.85029435114E-02));
#1791 = CARTESIAN_POINT('',(0.244564811567,6.882913978215E-02));
#1792 = CARTESIAN_POINT('',(0.248228271575,6.91553360529E-02));
#1793 = ( GEOMETRIC_REPRESENTATION_CONTEXT(2) 
PARAMETRIC_REPRESENTATION_CONTEXT() REPRESENTATION_CONTEXT('2D SPACE',''
  ) );
#1794 = ORIENTED_EDGE('',*,*,#1795,.F.);
#1795 = EDGE_CURVE('',#1796,#1777,#1798,.T.);
#1796 = VERTEX_POINT('',#1797);
#1797 = CARTESIAN_POINT('',(7.821583092655E-02,1.680130329673E-02,
    2.285238098038E-02));
#1798 = SURFACE_CURVE('',#1799,(#1803),.PCURVE_S1.);
#1799 = LINE('',#1800,#1801);
#1800 = CARTESIAN_POINT('',(7.821583092655E-02,1.680130329673E-02,
    2.285238098038E-02));
#1801 = VECTOR('',#1802,1.);
#1802 = DIRECTION('',(-0.137318616555,0.61191529963,0.778911589095));
#1803 = PCURVE('',#32,#1804);
#1804 = DEFINITIONAL_REPRESENTATION('',(#1805),#1812);
#1805 = B_SPLINE_CURVE_WITH_KNOTS('',5,(#1806,#1807,#1808,#1809,#1810,
    #1811),.UNSPECIFIED.,.F.,.F.,(6,6),(0.,2.336735152121E-03),
  .PIECEWISE_BEZIER_KNOTS.);
#1806 = CARTESIAN_POINT('',(0.211591622554,6.570424460853E-02));
#1807 = CARTESIAN_POINT('',(0.215255082562,6.606826662665E-02));
#1808 = CARTESIAN_POINT('',(0.21891884989,6.643228864478E-02));
#1809 = CARTESIAN_POINT('',(0.222582719728,6.679631066291E-02));
#1810 = CARTESIAN_POINT('',(0.226246487056,6.716033268103E-02));
#1811 = CARTESIAN_POINT('',(0.229909947064,6.752435469916E-02));
#1812 = ( GEOMETRIC_REPRESENTATION_CONTEXT(2) 
PARAMETRIC_REPRESENTATION_CONTEXT() REPRESENTATION_CONTEXT('2D SPACE',''
  ) );
#1813 = ORIENTED_EDGE('',*,*,#1814,.F.);
#1814 = EDGE_CURVE('',#1815,#1796,#1817,.T.);
#1815 = VERTEX_POINT('',#1816);
#1816 = CARTESIAN_POINT('',(7.851046271537E-02,1.536578160127E-02,
    2.081700216789E-02));
#1817 = SURFACE_CURVE('',#1818,(#1822),.PCURVE_S1.);
#1818 = LINE('',#1819,#1820);
#1819 = CARTESIAN_POINT('',(7.851046271537E-02,1.536578160127E-02,
    2.081700216789E-02));
#1820 = VECTOR('',#1821,1.);
#1821 = DIRECTION('',(-0.117474610872,0.572366455254,0.81153949793));
#1822 = PCURVE('',#32,#1823);
#1823 = DEFINITIONAL_REPRESENTATION('',(#1824),#1831);
#1824 = B_SPLINE_CURVE_WITH_KNOTS('',5,(#1825,#1826,#1827,#1828,#1829,
    #1830),.UNSPECIFIED.,.F.,.F.,(6,6),(0.,2.508046518604E-03),
  .PIECEWISE_BEZIER_KNOTS.);
#1825 = CARTESIAN_POINT('',(0.193273298043,6.366886579603E-02));
#1826 = CARTESIAN_POINT('',(0.196936758051,6.407594155853E-02));
#1827 = CARTESIAN_POINT('',(0.20060052538,6.448301732103E-02));
#1828 = CARTESIAN_POINT('',(0.204264395217,6.489009308353E-02));
#1829 = CARTESIAN_POINT('',(0.207928162545,6.529716884603E-02));
#1830 = CARTESIAN_POINT('',(0.211591622554,6.570424460853E-02));
#1831 = ( GEOMETRIC_REPRESENTATION_CONTEXT(2) 
PARAMETRIC_REPRESENTATION_CONTEXT() REPRESENTATION_CONTEXT('2D SPACE',''
  ) );
#1832 = ORIENTED_EDGE('',*,*,#1833,.F.);
#1833 = EDGE_CURVE('',#1834,#1815,#1836,.T.);
#1834 = VERTEX_POINT('',#1835);
#1835 = CARTESIAN_POINT('',(7.877875019049E-02,1.392510389274E-02,
    1.854021464857E-02));
#1836 = SURFACE_CURVE('',#1837,(#1841),.PCURVE_S1.);
#1837 = LINE('',#1838,#1839);
#1838 = CARTESIAN_POINT('',(7.877875019049E-02,1.392510389274E-02,
    1.854021464857E-02));
#1839 = VECTOR('',#1840,1.);
#1840 = DIRECTION('',(-9.908550893136E-02,0.532079568348,0.840876563395)
  );
#1841 = PCURVE('',#32,#1842);
#1842 = DEFINITIONAL_REPRESENTATION('',(#1843),#1850);
#1843 = B_SPLINE_CURVE_WITH_KNOTS('',5,(#1844,#1845,#1846,#1847,#1848,
    #1849),.UNSPECIFIED.,.F.,.F.,(6,6),(0.,2.707635839116E-03),
  .PIECEWISE_BEZIER_KNOTS.);
#1844 = CARTESIAN_POINT('',(0.174954973532,6.139207827671E-02));
#1845 = CARTESIAN_POINT('',(0.178618433541,6.184743578058E-02));
#1846 = CARTESIAN_POINT('',(0.182282200869,6.230279328444E-02));
#1847 = CARTESIAN_POINT('',(0.185946070706,6.275815078831E-02));
#1848 = CARTESIAN_POINT('',(0.189609838035,6.321350829217E-02));
#1849 = CARTESIAN_POINT('',(0.193273298043,6.366886579603E-02));
#1850 = ( GEOMETRIC_REPRESENTATION_CONTEXT(2) 
PARAMETRIC_REPRESENTATION_CONTEXT() REPRESENTATION_CONTEXT('2D SPACE',''
  ) );
#1851 = ORIENTED_EDGE('',*,*,#1852,.F.);
#1852 = EDGE_CURVE('',#1853,#1834,#1855,.T.);
#1853 = VERTEX_POINT('',#1854);
#1854 = CARTESIAN_POINT('',(7.902060332761E-02,1.247975359292E-02,
    1.599587843746E-02));
#1855 = SURFACE_CURVE('',#1856,(#1860),.PCURVE_S1.);
#1856 = LINE('',#1857,#1858);
#1857 = CARTESIAN_POINT('',(7.902060332761E-02,1.247975359292E-02,
    1.599587843746E-02));
#1858 = VECTOR('',#1859,1.);
#1859 = DIRECTION('',(-8.236988120159E-02,0.492254654661,0.866545184994)
  );
#1860 = PCURVE('',#32,#1861);
#1861 = DEFINITIONAL_REPRESENTATION('',(#1862),#1869);
#1862 = B_SPLINE_CURVE_WITH_KNOTS('',5,(#1863,#1864,#1865,#1866,#1867,
    #1868),.UNSPECIFIED.,.F.,.F.,(6,6),(0.,2.93618411962E-03),
  .PIECEWISE_BEZIER_KNOTS.);
#1863 = CARTESIAN_POINT('',(0.156636649021,5.88477420656E-02));
#1864 = CARTESIAN_POINT('',(0.16030010903,5.935660930783E-02));
#1865 = CARTESIAN_POINT('',(0.163963876358,5.986547655005E-02));
#1866 = CARTESIAN_POINT('',(0.167627746195,6.037434379227E-02));
#1867 = CARTESIAN_POINT('',(0.171291513524,6.088321103449E-02));
#1868 = CARTESIAN_POINT('',(0.174954973532,6.139207827671E-02));
#1869 = ( GEOMETRIC_REPRESENTATION_CONTEXT(2) 
PARAMETRIC_REPRESENTATION_CONTEXT() REPRESENTATION_CONTEXT('2D SPACE',''
  ) );
#1870 = ORIENTED_EDGE('',*,*,#1871,.F.);
#1871 = EDGE_CURVE('',#24,#1853,#1872,.T.);
#1872 = SURFACE_CURVE('',#1873,(#1877),.PCURVE_S1.);
#1873 = LINE('',#1874,#1875);
#1874 = CARTESIAN_POINT('',(7.923594097252E-02,1.103021569144E-02,
    1.315785354959E-02));
#1875 = VECTOR('',#1876,1.);
#1876 = DIRECTION('',(-6.741850127152E-02,0.453825307216,0.888536626266)
  );
#1877 = PCURVE('',#32,#1878);
#1878 = DEFINITIONAL_REPRESENTATION('',(#1879),#1886);
#1879 = B_SPLINE_CURVE_WITH_KNOTS('',5,(#1880,#1881,#1882,#1883,#1884,
    #1885),.UNSPECIFIED.,.F.,.F.,(6,6),(0.,3.194043783872E-03),
  .PIECEWISE_BEZIER_KNOTS.);
#1880 = CARTESIAN_POINT('',(0.138318324511,5.600971717773E-02));
#1881 = CARTESIAN_POINT('',(0.141981784519,5.657732215531E-02));
#1882 = CARTESIAN_POINT('',(0.145645551848,5.714492713288E-02));
#1883 = CARTESIAN_POINT('',(0.149309421685,5.771253211046E-02));
#1884 = CARTESIAN_POINT('',(0.152973189013,5.828013708803E-02));
#1885 = CARTESIAN_POINT('',(0.156636649021,5.88477420656E-02));
#1886 = ( GEOMETRIC_REPRESENTATION_CONTEXT(2) 
PARAMETRIC_REPRESENTATION_CONTEXT() REPRESENTATION_CONTEXT('2D SPACE',''
  ) );
#1887 = ( GEOMETRIC_REPRESENTATION_CONTEXT(3) 
GLOBAL_UNCERTAINTY_ASSIGNED_CONTEXT((#1891)) 
GLOBAL_UNIT_ASSIGNED_CONTEXT((#1888,#1889,#1890)) REPRESENTATION_CONTEXT
('Context #1','3D Context with UNIT and UNCERTAINTY') );
#1888 = ( LENGTH_UNIT() NAMED_UNIT(*) SI_UNIT(.MILLI.,.METRE.) );
#1889 = ( NAMED_UNIT(*) PLANE_ANGLE_UNIT() SI_UNIT($,.RADIAN.) );
#1890 = ( NAMED_UNIT(*) SI_UNIT($,.STERADIAN.) SOLID_ANGLE_UNIT() );
#1891 = UNCERTAINTY_MEASURE_WITH_UNIT(LENGTH_MEASURE(5.E-06),#1888,
  'distance_accuracy_value','confusion accuracy');
#1892 = PRODUCT_RELATED_PRODUCT_CATEGORY('detail',$,(#7));
#1893 = PRODUCT_CATEGORY_RELATIONSHIP('','',#1894,#1892);
#1894 = PRODUCT_CATEGORY('part',$);
#1895 = CC_DESIGN_PERSON_AND_ORGANIZATION_ASSIGNMENT(#1896,#1899,(#6,#5)
  );
#1896 = PERSON_AND_ORGANIZATION(#1897,#1898);
#1897 = PERSON('IP192.168.10,Administrator','','Administrator',$,$,$);
#1898 = ORGANIZATION('IP192.168.10','Unspecified','');
#1899 = PERSON_AND_ORGANIZATION_ROLE('creator');
#1900 = CC_DESIGN_PERSON_AND_ORGANIZATION_ASSIGNMENT(#1896,#1901,(#7));
#1901 = PERSON_AND_ORGANIZATION_ROLE('design_owner');
#1902 = CC_DESIGN_PERSON_AND_ORGANIZATION_ASSIGNMENT(#1896,#1903,(#6));
#1903 = PERSON_AND_ORGANIZATION_ROLE('design_supplier');
#1904 = CC_DESIGN_PERSON_AND_ORGANIZATION_ASSIGNMENT(#1896,#1905,(#1906)
  );
#1905 = PERSON_AND_ORGANIZATION_ROLE('classification_officer');
#1906 = SECURITY_CLASSIFICATION('','',#1907);
#1907 = SECURITY_CLASSIFICATION_LEVEL('unclassified');
#1908 = CC_DESIGN_SECURITY_CLASSIFICATION(#1906,(#6));
#1909 = CC_DESIGN_DATE_AND_TIME_ASSIGNMENT(#1910,#1914,(#5));
#1910 = DATE_AND_TIME(#1911,#1912);
#1911 = CALENDAR_DATE(2026,6,1);
#1912 = LOCAL_TIME(20,1,$,#1913);
#1913 = COORDINATED_UNIVERSAL_TIME_OFFSET(8,$,.AHEAD.);
#1914 = DATE_TIME_ROLE('creation_date');
#1915 = CC_DESIGN_DATE_AND_TIME_ASSIGNMENT(#1910,#1916,(#1906));
#1916 = DATE_TIME_ROLE('classification_date');
#1917 = CC_DESIGN_APPROVAL(#1918,(#6,#5,#1906));
#1918 = APPROVAL(#1919,'');
#1919 = APPROVAL_STATUS('not_yet_approved');
#1920 = APPROVAL_PERSON_ORGANIZATION(#1896,#1918,#1921);
#1921 = APPROVAL_ROLE('approver');
#1922 = APPROVAL_DATE_TIME(#1910,#1918);
ENDSEC;
END-ISO-10303-21;
