ISO-10303-21;
HEADER;
FILE_DESCRIPTION(('Open CASCADE Model'),'2;1');
FILE_NAME('Open CASCADE Shape Model','2026-01-06T20:01:25',('Author'),(
    'Open CASCADE'),'Open CASCADE STEP processor 7.9','Open CASCADE 7.9'
  ,'Unknown');
FILE_SCHEMA(('CONFIG_CONTROL_DESIGN'));
ENDSEC;
DATA;
#1 = APPLICATION_PROTOCOL_DEFINITION('international standard',
  'config_control_design',1994,#2);
#2 = APPLICATION_CONTEXT(
'configuration controlled 3D designs of mechanical parts and assemblies'
  );
#3 = SHAPE_DEFINITION_REPRESENTATION(#4,#10);
#4 = PRODUCT_DEFINITION_SHAPE('','',#5);
#5 = PRODUCT_DEFINITION('design','',#6,#9);
#6 = PRODUCT_DEFINITION_FORMATION_WITH_SPECIFIED_SOURCE('','',#7,
  .NOT_KNOWN.);
#7 = PRODUCT('Open CASCADE STEP translator 7.9 2',
  'Open CASCADE STEP translator 7.9 2','',(#8));
#8 = MECHANICAL_CONTEXT('',#2,'mechanical');
#9 = DESIGN_CONTEXT('',#2,'design');
#10 = MANIFOLD_SURFACE_SHAPE_REPRESENTATION('',(#11,#15),#1645);
#11 = AXIS2_PLACEMENT_3D('',#12,#13,#14);
#12 = CARTESIAN_POINT('',(0.,0.,0.));
#13 = DIRECTION('',(0.,0.,1.));
#14 = DIRECTION('',(1.,0.,-0.));
#15 = SHELL_BASED_SURFACE_MODEL('',(#16));
#16 = OPEN_SHELL('',(#17,#333,#510,#687,#864,#1041,#1218,#1395,#1572));
#17 = ADVANCED_FACE('',(#18),#57,.T.);
#18 = FACE_BOUND('',#19,.T.);
#19 = EDGE_LOOP('',(#20,#160,#175,#320));
#20 = ORIENTED_EDGE('',*,*,#21,.T.);
#21 = EDGE_CURVE('',#22,#24,#26,.T.);
#22 = VERTEX_POINT('',#23);
#23 = CARTESIAN_POINT('',(6.05E-02,0.,1.E-02));
#24 = VERTEX_POINT('',#25);
#25 = CARTESIAN_POINT('',(3.772113301245E-02,4.730080468932E-02,0.115));
#26 = SURFACE_CURVE('',#27,(#56),.PCURVE_S1.);
#27 = B_SPLINE_CURVE_WITH_KNOTS('',7,(#28,#29,#30,#31,#32,#33,#34,#35,
    #36,#37,#38,#39,#40,#41,#42,#43,#44,#45,#46,#47,#48,#49,#50,#51,#52,
    #53,#54,#55),.UNSPECIFIED.,.F.,.F.,(8,5,5,5,5,8),(0.,0.192673694619,
    0.324768775078,0.505939432716,0.736871771777,1.),.UNSPECIFIED.);
#28 = CARTESIAN_POINT('',(6.05E-02,0.,1.E-02));
#29 = CARTESIAN_POINT('',(6.049954569133E-02,1.041961231816E-03,
    1.311864256106E-02));
#30 = CARTESIAN_POINT('',(6.048041146137E-02,2.175866924998E-03,
    1.620281674946E-02));
#31 = CARTESIAN_POINT('',(6.042857283054E-02,3.476933532334E-03,
    1.923845914433E-02));
#32 = CARTESIAN_POINT('',(6.033937913688E-02,4.9018443139E-03,
    2.219111961196E-02));
#33 = CARTESIAN_POINT('',(6.019306304164E-02,6.588093881742E-03,
    2.506734562161E-02));
#34 = CARTESIAN_POINT('',(5.97469882531E-02,9.970789333484E-03,
    2.946405849708E-02));
#35 = CARTESIAN_POINT('',(5.891644925231E-02,1.391346594167E-02,
    3.328783785597E-02));
#36 = CARTESIAN_POINT('',(5.852110336962E-02,1.554520661332E-02,
    3.478515131033E-02));
#37 = CARTESIAN_POINT('',(5.804856666139E-02,1.719635579168E-02,
    3.625640583303E-02));
#38 = CARTESIAN_POINT('',(5.758355393941E-02,1.864990916093E-02,
    3.793624189316E-02));
#39 = CARTESIAN_POINT('',(5.647204127669E-02,2.184935087562E-02,
    4.207521719884E-02));
#40 = CARTESIAN_POINT('',(5.532765316216E-02,2.457110900858E-02,
    4.654620250452E-02));
#41 = CARTESIAN_POINT('',(5.466369013735E-02,2.60187826682E-02,
    4.919663701928E-02));
#42 = CARTESIAN_POINT('',(5.398792885041E-02,2.738424061302E-02,
    5.189132192445E-02));
#43 = CARTESIAN_POINT('',(5.331043885737E-02,2.866215745479E-02,
    5.46238635395E-02));
#44 = CARTESIAN_POINT('',(5.175201616718E-02,3.142565784276E-02,
    6.090062906264E-02));
#45 = CARTESIAN_POINT('',(5.016395050991E-02,3.388527793415E-02,
    6.729569349862E-02));
#46 = CARTESIAN_POINT('',(4.926332721687E-02,3.518895767386E-02,
    7.09046196434E-02));
#47 = CARTESIAN_POINT('',(4.835389983023E-02,3.642360165542E-02,
    7.453498512018E-02));
#48 = CARTESIAN_POINT('',(4.743318135804E-02,3.760228440551E-02,
    7.818095665231E-02));
#49 = CARTESIAN_POINT('',(4.544139899346E-02,4.001036301762E-02,
    8.60105525461E-02));
#50 = CARTESIAN_POINT('',(4.339868432704E-02,4.220201820058E-02,
    9.389069135132E-02));
#51 = CARTESIAN_POINT('',(4.229607400418E-02,4.331413057441E-02,
    9.809869518375E-02));
#52 = CARTESIAN_POINT('',(4.117749744886E-02,4.437741105035E-02,
    0.102315097019));
#53 = CARTESIAN_POINT('',(4.004298566896E-02,4.539386883996E-02,
    0.106538626785));
#54 = CARTESIAN_POINT('',(3.889108234274E-02,4.636782458982E-02,
    0.11076729258));
#55 = CARTESIAN_POINT('',(3.772113301245E-02,4.730080468932E-02,0.115));
#56 = PCURVE('',#57,#154);
#57 = B_SPLINE_SURFACE_WITH_KNOTS('',7,1,(
    (#58,#59)
    ,(#60,#61)
    ,(#62,#63)
    ,(#64,#65)
    ,(#66,#67)
    ,(#68,#69)
    ,(#70,#71)
    ,(#72,#73)
    ,(#74,#75)
    ,(#76,#77)
    ,(#78,#79)
    ,(#80,#81)
    ,(#82,#83)
    ,(#84,#85)
    ,(#86,#87)
    ,(#88,#89)
    ,(#90,#91)
    ,(#92,#93)
    ,(#94,#95)
    ,(#96,#97)
    ,(#98,#99)
    ,(#100,#101)
    ,(#102,#103)
    ,(#104,#105)
    ,(#106,#107)
    ,(#108,#109)
    ,(#110,#111)
    ,(#112,#113)
    ,(#114,#115)
    ,(#116,#117)
    ,(#118,#119)
    ,(#120,#121)
    ,(#122,#123)
    ,(#124,#125)
    ,(#126,#127)
    ,(#128,#129)
    ,(#130,#131)
    ,(#132,#133)
    ,(#134,#135)
    ,(#136,#137)
    ,(#138,#139)
    ,(#140,#141)
    ,(#142,#143)
    ,(#144,#145)
    ,(#146,#147)
    ,(#148,#149)
    ,(#150,#151)
    ,(#152,#153
  )),.UNSPECIFIED.,.F.,.F.,.F.,(8,5,5,5,5,5,5,5,5,8),(2,2),(0.,
    0.192249110581,0.192673694619,0.323911985223,0.324768775078,
    0.504883952638,0.505939432716,0.73619024473,0.736871771777,1.),(0.,
    1.),.UNSPECIFIED.);
#58 = CARTESIAN_POINT('',(6.05E-02,0.,1.E-02));
#59 = CARTESIAN_POINT('',(6.266109637882E-02,8.35530798574E-04,1.E-02));
#60 = CARTESIAN_POINT('',(6.049954669246E-02,1.039665121245E-03,
    1.311177018622E-02));
#61 = CARTESIAN_POINT('',(6.264625112093E-02,1.910608047924E-03,
    1.313000283288E-02));
#62 = CARTESIAN_POINT('',(6.048049570068E-02,2.170869924804E-03,
    1.618922374438E-02));
#63 = CARTESIAN_POINT('',(6.261116999992E-02,3.079704104289E-03,
    1.622341780459E-02));
#64 = CARTESIAN_POINT('',(6.042891505575E-02,3.468334707796E-03,
    1.921839002115E-02));
#65 = CARTESIAN_POINT('',(6.253959501038E-02,4.425740162666E-03,
    1.926437972616E-02));
#66 = CARTESIAN_POINT('',(6.034016425293E-02,4.889287945445E-03,
    2.21650907574E-02));
#67 = CARTESIAN_POINT('',(6.242833682661E-02,5.895830242959E-03,
    2.221605232913E-02));
#68 = CARTESIAN_POINT('',(6.019467241206E-02,6.569527097513E-03,
    2.50356510327E-02));
#69 = CARTESIAN_POINT('',(6.225392009165E-02,7.643818095989E-03,
    2.508616910588E-02));
#70 = CARTESIAN_POINT('',(5.993133295277E-02,8.572829919405E-03,
    2.76470050305E-02));
#71 = CARTESIAN_POINT('',(6.195067056433E-02,9.729390491698E-03,
    2.766696033146E-02));
#72 = CARTESIAN_POINT('',(5.95328659009E-02,1.077457685379E-02,
    3.005599141675E-02));
#73 = CARTESIAN_POINT('',(6.150374558007E-02,1.201682116548E-02,
    3.002645582419E-02));
#74 = CARTESIAN_POINT('',(5.95319871654E-02,1.077942968035E-02,
    3.006129898071E-02));
#75 = CARTESIAN_POINT('',(6.150276001952E-02,1.202186282401E-02,
    3.003165423666E-02));
#76 = CARTESIAN_POINT('',(5.953110777334E-02,1.078428346796E-02,
    3.006660556334E-02));
#77 = CARTESIAN_POINT('',(6.150177376177E-02,1.20269054582E-02,
    3.003685157726E-02));
#78 = CARTESIAN_POINT('',(5.953022772455E-02,1.078913821529E-02,
    3.007191116533E-02));
#79 = CARTESIAN_POINT('',(6.150078680708E-02,1.203194906577E-02,
    3.004204784737E-02));
#80 = CARTESIAN_POINT('',(5.925712219921E-02,1.229488529739E-02,
    3.171686652513E-02));
#81 = CARTESIAN_POINT('',(6.119451758587E-02,1.359626536468E-02,
    3.165307189414E-02));
#82 = CARTESIAN_POINT('',(5.892082875511E-02,1.38926670675E-02,
    3.326765843525E-02));
#83 = CARTESIAN_POINT('',(6.082127552373E-02,1.525374719187E-02,
    3.316141967609E-02));
#84 = CARTESIAN_POINT('',(5.85287889365E-02,1.551345898484E-02,
    3.475600854095E-02));
#85 = CARTESIAN_POINT('',(6.038978347572E-02,1.693159400269E-02,
    3.460342612222E-02));
#86 = CARTESIAN_POINT('',(5.806080699335E-02,1.715352222799E-02,
    3.621822805019E-02));
#87 = CARTESIAN_POINT('',(5.987995251229E-02,1.862634529229E-02,
    3.602040578634E-02));
#88 = CARTESIAN_POINT('',(5.75986376096E-02,1.860268672199E-02,
    3.788185057643E-02));
#89 = CARTESIAN_POINT('',(5.937942399488E-02,2.012102479325E-02,
    3.766234229609E-02));
#90 = CARTESIAN_POINT('',(5.713005983154E-02,1.995522401562E-02,
    3.962495469665E-02));
#91 = CARTESIAN_POINT('',(5.887371291056E-02,2.15159685389E-02,
    3.938682307629E-02));
#92 = CARTESIAN_POINT('',(5.665571033475E-02,2.122216354103E-02,
    4.142735654233E-02));
#93 = CARTESIAN_POINT('',(5.836326132806E-02,2.282193579491E-02,
    4.117613729527E-02));
#94 = CARTESIAN_POINT('',(5.665263338445E-02,2.123037751847E-02,
    4.143904970145E-02));
#95 = CARTESIAN_POINT('',(5.835995025885E-02,2.283040276812E-02,
    4.118774579611E-02));
#96 = CARTESIAN_POINT('',(5.664955619005E-02,2.12385879063E-02,
    4.145074535011E-02));
#97 = CARTESIAN_POINT('',(5.835663899213E-02,2.283886600534E-02,
    4.119935701369E-02));
#98 = CARTESIAN_POINT('',(5.664647875093E-02,2.124679471011E-02,
    4.146244348606E-02));
#99 = CARTESIAN_POINT('',(5.835332752886E-02,2.28473255102E-02,
    4.121097094261E-02));
#100 = CARTESIAN_POINT('',(5.599640731636E-02,2.297948774095E-02,
    4.39338598282E-02));
#101 = CARTESIAN_POINT('',(5.765383579043E-02,2.46333625834E-02,
    4.366464760727E-02));
#102 = CARTESIAN_POINT('',(5.533536431759E-02,2.455276285381E-02,
    4.651607826816E-02));
#103 = CARTESIAN_POINT('',(5.694565809934E-02,2.625320887954E-02,
    4.62388103803E-02));
#104 = CARTESIAN_POINT('',(5.467529444264E-02,2.599346783478E-02,
    4.915032021081E-02));
#105 = CARTESIAN_POINT('',(5.624085927823E-02,2.773471372051E-02,
    4.887033435946E-02));
#106 = CARTESIAN_POINT('',(5.40036740954E-02,2.735240381144E-02,
    5.18285352153E-02));
#107 = CARTESIAN_POINT('',(5.552547828205E-02,2.913144020871E-02,
    5.154918352654E-02));
#108 = CARTESIAN_POINT('',(5.333017315712E-02,2.862490274662E-02,
    5.454427898529E-02));
#109 = CARTESIAN_POINT('',(5.481000465988E-02,3.043750307369E-02,
    5.426869589461E-02));
#110 = CARTESIAN_POINT('',(5.26452723627E-02,2.98416496079E-02,
    5.730291346228E-02));
#111 = CARTESIAN_POINT('',(5.40836431875E-02,3.168586636104E-02,
    5.70330099674E-02));
#112 = CARTESIAN_POINT('',(5.195458967284E-02,3.099953402963E-02,
    6.008453087833E-02));
#113 = CARTESIAN_POINT('',(5.335247508195E-02,3.287286362964E-02,
    5.982206062054E-02));
#114 = CARTESIAN_POINT('',(5.19505656365E-02,3.100627773842E-02,
    6.010073705089E-02));
#115 = CARTESIAN_POINT('',(5.334821521466E-02,3.287977686283E-02,
    5.983831015742E-02));
#116 = CARTESIAN_POINT('',(5.19465414046E-02,3.101301945123E-02,
    6.011694400187E-02));
#117 = CARTESIAN_POINT('',(5.334395518388E-02,3.288668801739E-02,
    5.985456053141E-02));
#118 = CARTESIAN_POINT('',(5.194251697751E-02,3.101975916893E-02,
    6.013315173047E-02));
#119 = CARTESIAN_POINT('',(5.333969498943E-02,3.289359709539E-02,
    5.987081174127E-02));
#120 = CARTESIAN_POINT('',(5.106052934681E-02,3.249631743459E-02,
    6.368521241279E-02));
#121 = CARTESIAN_POINT('',(5.24060462156E-02,3.440725273879E-02,
    6.343241392847E-02));
#122 = CARTESIAN_POINT('',(5.01692030463E-02,3.387714176974E-02,
    6.727454178291E-02));
#123 = CARTESIAN_POINT('',(5.146452048899E-02,3.582137951233E-02,
    6.703404171515E-02));
#124 = CARTESIAN_POINT('',(4.927130068992E-02,3.517741347238E-02,
    7.087266833811E-02));
#125 = CARTESIAN_POINT('',(5.051770625414E-02,3.71519197951E-02,
    7.06461745653E-02));
#126 = CARTESIAN_POINT('',(4.836463497094E-02,3.640902333203E-02,
    7.449213053223E-02));
#127 = CARTESIAN_POINT('',(4.956311537249E-02,3.841114010725E-02,
    7.428117016747E-02));
#128 = CARTESIAN_POINT('',(4.744676648764E-02,3.758488689755E-02,
    7.812715809434E-02));
#129 = CARTESIAN_POINT('',(4.859793564442E-02,3.96126471705E-02,
    7.793272722105E-02));
#130 = CARTESIAN_POINT('',(4.651592512501E-02,3.871124780748E-02,
    8.178664226087E-02));
#131 = CARTESIAN_POINT('',(4.762026681481E-02,4.076273011132E-02,
    8.16097287993E-02));
#132 = CARTESIAN_POINT('',(4.557396856467E-02,3.979023915417E-02,
    8.545720834795E-02));
#133 = CARTESIAN_POINT('',(4.663192140081E-02,4.1863763619E-02,
    8.529852048189E-02));
#134 = CARTESIAN_POINT('',(4.557118856756E-02,3.979342305881E-02,
    8.546804101153E-02));
#135 = CARTESIAN_POINT('',(4.662900450485E-02,4.186701255975E-02,
    8.530940693899E-02));
#136 = CARTESIAN_POINT('',(4.55684084736E-02,3.979660655117E-02,
    8.54788737715E-02));
#137 = CARTESIAN_POINT('',(4.662608751589E-02,4.187026107353E-02,
    8.532029349867E-02));
#138 = CARTESIAN_POINT('',(4.556562828277E-02,3.979978963142E-02,
    8.548970662778E-02));
#139 = CARTESIAN_POINT('',(4.662317043391E-02,4.187350916045E-02,
    8.533118016085E-02));
#140 = CARTESIAN_POINT('',(4.448941710743E-02,4.103175678783E-02,
    8.968299369771E-02));
#141 = CARTESIAN_POINT('',(4.549397207951E-02,4.313063378851E-02,
    8.95452971586E-02));
#142 = CARTESIAN_POINT('',(4.339868432704E-02,4.220201820058E-02,
    9.389069135132E-02));
#143 = CARTESIAN_POINT('',(4.435083546815E-02,4.432383358588E-02,
    9.37747562065E-02));
#144 = CARTESIAN_POINT('',(4.229607400418E-02,4.331413057441E-02,
    9.809869518375E-02));
#145 = CARTESIAN_POINT('',(4.319637612755E-02,4.545688016069E-02,
    9.800516637706E-02));
#146 = CARTESIAN_POINT('',(4.117749744886E-02,4.437741105035E-02,
    0.102315097019));
#147 = CARTESIAN_POINT('',(4.202617952351E-02,4.653941535951E-02,
    0.102244459811));
#148 = CARTESIAN_POINT('',(4.004298566896E-02,4.539386883996E-02,
    0.106538626785));
#149 = CARTESIAN_POINT('',(4.084020958915E-02,4.757348925044E-02,
    0.106491303179));
#150 = CARTESIAN_POINT('',(3.889108234274E-02,4.636782458982E-02,
    0.11076729258));
#151 = CARTESIAN_POINT('',(3.96368348545E-02,4.856362079781E-02,
    0.1107435369));
#152 = CARTESIAN_POINT('',(3.772113301245E-02,4.730080468932E-02,0.115)
  );
#153 = CARTESIAN_POINT('',(3.841531028258E-02,4.951136280697E-02,0.115)
  );
#154 = DEFINITIONAL_REPRESENTATION('',(#155),#159);
#155 = LINE('',#156,#157);
#156 = CARTESIAN_POINT('',(0.,0.));
#157 = VECTOR('',#158,1.);
#158 = DIRECTION('',(1.,0.));
#159 = ( GEOMETRIC_REPRESENTATION_CONTEXT(2) 
PARAMETRIC_REPRESENTATION_CONTEXT() REPRESENTATION_CONTEXT('2D SPACE',''
  ) );
#160 = ORIENTED_EDGE('',*,*,#161,.T.);
#161 = EDGE_CURVE('',#24,#162,#164,.T.);
#162 = VERTEX_POINT('',#163);
#163 = CARTESIAN_POINT('',(3.841531028258E-02,4.951136280697E-02,0.115)
  );
#164 = SURFACE_CURVE('',#165,(#168),.PCURVE_S1.);
#165 = B_SPLINE_CURVE_WITH_KNOTS('',1,(#166,#167),.UNSPECIFIED.,.F.,.F.,
  (2,2),(0.,1.),.PIECEWISE_BEZIER_KNOTS.);
#166 = CARTESIAN_POINT('',(3.772113301245E-02,4.730080468932E-02,0.115)
  );
#167 = CARTESIAN_POINT('',(3.841531028258E-02,4.951136280697E-02,0.115)
  );
#168 = PCURVE('',#57,#169);
#169 = DEFINITIONAL_REPRESENTATION('',(#170),#174);
#170 = LINE('',#171,#172);
#171 = CARTESIAN_POINT('',(1.,0.));
#172 = VECTOR('',#173,1.);
#173 = DIRECTION('',(0.,1.));
#174 = ( GEOMETRIC_REPRESENTATION_CONTEXT(2) 
PARAMETRIC_REPRESENTATION_CONTEXT() REPRESENTATION_CONTEXT('2D SPACE',''
  ) );
#175 = ORIENTED_EDGE('',*,*,#176,.F.);
#176 = EDGE_CURVE('',#177,#162,#179,.T.);
#177 = VERTEX_POINT('',#178);
#178 = CARTESIAN_POINT('',(6.266109637882E-02,8.35530798574E-04,1.E-02)
  );
#179 = SURFACE_CURVE('',#180,(#209,#216),.PCURVE_S1.);
#180 = B_SPLINE_CURVE_WITH_KNOTS('',7,(#181,#182,#183,#184,#185,#186,
    #187,#188,#189,#190,#191,#192,#193,#194,#195,#196,#197,#198,#199,
    #200,#201,#202,#203,#204,#205,#206,#207,#208),.UNSPECIFIED.,.F.,.F.,
  (8,5,5,5,5,8),(0.,0.192249110581,0.323911985223,0.504883952638,
    0.73619024473,1.),.UNSPECIFIED.);
#181 = CARTESIAN_POINT('',(6.266109637882E-02,8.35530798574E-04,1.E-02)
  );
#182 = CARTESIAN_POINT('',(6.264625112093E-02,1.910608047924E-03,
    1.313000283288E-02));
#183 = CARTESIAN_POINT('',(6.261116999992E-02,3.079704104289E-03,
    1.622341780459E-02));
#184 = CARTESIAN_POINT('',(6.253959501038E-02,4.425740162666E-03,
    1.926437972616E-02));
#185 = CARTESIAN_POINT('',(6.242833682661E-02,5.895830242959E-03,
    2.221605232913E-02));
#186 = CARTESIAN_POINT('',(6.225392009165E-02,7.643818095989E-03,
    2.508616910588E-02));
#187 = CARTESIAN_POINT('',(6.174411434672E-02,1.114996301296E-02,
    2.942484756937E-02));
#188 = CARTESIAN_POINT('',(6.08282471415E-02,1.522660806208E-02,
    3.313809097E-02));
#189 = CARTESIAN_POINT('',(6.039638171179E-02,1.69096498892E-02,
    3.45851033369E-02));
#190 = CARTESIAN_POINT('',(5.98848104042E-02,1.861183504883E-02,
    3.600447197619E-02));
#191 = CARTESIAN_POINT('',(5.938267488989E-02,2.011205653251E-02,
    3.765125720843E-02));
#192 = CARTESIAN_POINT('',(5.818582379758E-02,2.341420394647E-02,
    4.173216336041E-02));
#193 = CARTESIAN_POINT('',(5.696241898037E-02,2.62179528517E-02,
    4.617623161658E-02));
#194 = CARTESIAN_POINT('',(5.62544712514E-02,2.770812504827E-02,
    4.881936781696E-02));
#195 = CARTESIAN_POINT('',(5.553568813902E-02,2.911279736703E-02,
    5.151037613143E-02));
#196 = CARTESIAN_POINT('',(5.481687475033E-02,3.042569421525E-02,
    5.424255053344E-02));
#197 = CARTESIAN_POINT('',(5.316399300986E-02,3.32671736131E-02,
    6.05328537183E-02));
#198 = CARTESIAN_POINT('',(5.148622005273E-02,3.579086822991E-02,
    6.69512556283E-02));
#199 = CARTESIAN_POINT('',(5.053520846884E-02,3.712882322728E-02,
    7.057952472085E-02));
#200 = CARTESIAN_POINT('',(4.9576388049E-02,3.839461336365E-02,
    7.423095438242E-02));
#201 = CARTESIAN_POINT('',(4.860687232452E-02,3.960213319965E-02,
    7.789911587421E-02));
#202 = CARTESIAN_POINT('',(4.651086719987E-02,4.206837728588E-02,
    8.578244574787E-02));
#203 = CARTESIAN_POINT('',(4.43657852079E-02,4.43091567069E-02,
    9.371997098643E-02));
#204 = CARTESIAN_POINT('',(4.320849917316E-02,4.544566273471E-02,
    9.796124599414E-02));
#205 = CARTESIAN_POINT('',(4.203539449681E-02,4.653137942698E-02,
    0.102211460739));
#206 = CARTESIAN_POINT('',(4.08464431766E-02,4.756835989698E-02,
    0.106469275831));
#207 = CARTESIAN_POINT('',(3.96399987189E-02,4.856116605619E-02,
    0.110732512257));
#208 = CARTESIAN_POINT('',(3.841531028258E-02,4.951136280697E-02,0.115)
  );
#209 = PCURVE('',#57,#210);
#210 = DEFINITIONAL_REPRESENTATION('',(#211),#215);
#211 = LINE('',#212,#213);
#212 = CARTESIAN_POINT('',(0.,1.));
#213 = VECTOR('',#214,1.);
#214 = DIRECTION('',(1.,0.));
#215 = ( GEOMETRIC_REPRESENTATION_CONTEXT(2) 
PARAMETRIC_REPRESENTATION_CONTEXT() REPRESENTATION_CONTEXT('2D SPACE',''
  ) );
#216 = PCURVE('',#217,#314);
#217 = B_SPLINE_SURFACE_WITH_KNOTS('',7,1,(
    (#218,#219)
    ,(#220,#221)
    ,(#222,#223)
    ,(#224,#225)
    ,(#226,#227)
    ,(#228,#229)
    ,(#230,#231)
    ,(#232,#233)
    ,(#234,#235)
    ,(#236,#237)
    ,(#238,#239)
    ,(#240,#241)
    ,(#242,#243)
    ,(#244,#245)
    ,(#246,#247)
    ,(#248,#249)
    ,(#250,#251)
    ,(#252,#253)
    ,(#254,#255)
    ,(#256,#257)
    ,(#258,#259)
    ,(#260,#261)
    ,(#262,#263)
    ,(#264,#265)
    ,(#266,#267)
    ,(#268,#269)
    ,(#270,#271)
    ,(#272,#273)
    ,(#274,#275)
    ,(#276,#277)
    ,(#278,#279)
    ,(#280,#281)
    ,(#282,#283)
    ,(#284,#285)
    ,(#286,#287)
    ,(#288,#289)
    ,(#290,#291)
    ,(#292,#293)
    ,(#294,#295)
    ,(#296,#297)
    ,(#298,#299)
    ,(#300,#301)
    ,(#302,#303)
    ,(#304,#305)
    ,(#306,#307)
    ,(#308,#309)
    ,(#310,#311)
    ,(#312,#313
  )),.UNSPECIFIED.,.F.,.F.,.F.,(8,5,5,5,5,5,5,5,5,8),(2,2),(0.,
    0.191862977075,0.192249110581,0.323170087672,0.323911985223,
    0.503926067509,0.504883952638,0.735551073129,0.73619024473,1.),(0.,
    1.),.UNSPECIFIED.);
#218 = CARTESIAN_POINT('',(6.266109637882E-02,8.35530798574E-04,1.E-02)
  );
#219 = CARTESIAN_POINT('',(6.481028284748E-02,1.728683990824E-03,1.E-02)
  );
#220 = CARTESIAN_POINT('',(6.264628093772E-02,1.908448748741E-03,
    1.312371620319E-02));
#221 = CARTESIAN_POINT('',(6.478015296857E-02,2.836716994457E-03,
    1.314261996372E-02));
#222 = CARTESIAN_POINT('',(6.261131083957E-02,3.075008210514E-03,
    1.621099137148E-02));
#223 = CARTESIAN_POINT('',(6.472822617094E-02,4.040610363624E-03,
    1.624666246875E-02));
#224 = CARTESIAN_POINT('',(6.254002584525E-02,4.417631738584E-03,
    1.924605572003E-02));
#225 = CARTESIAN_POINT('',(6.463561162483E-02,5.431792486257E-03,
    1.929378456192E-02));
#226 = CARTESIAN_POINT('',(6.242922971715E-02,5.884022507936E-03,
    2.219233635973E-02));
#227 = CARTESIAN_POINT('',(6.450117140819E-02,6.946283308665E-03,
    2.22456831794E-02));
#228 = CARTESIAN_POINT('',(6.225566913103E-02,7.626275073123E-03,
    2.505734258034E-02));
#229 = CARTESIAN_POINT('',(6.429686100184E-02,8.756379502905E-03,
    2.511023025287E-02));
#230 = CARTESIAN_POINT('',(6.195437233463E-02,9.703909793238E-03,
    2.763540074419E-02));
#231 = CARTESIAN_POINT('',(6.395354844999E-02,1.091518032182E-02,
    2.765646269143E-02));
#232 = CARTESIAN_POINT('',(6.151018403398E-02,1.198383238904E-02,
    2.999239890848E-02));
#233 = CARTESIAN_POINT('',(6.345897023532E-02,1.327870641751E-02,
    2.996220037223E-02));
#234 = CARTESIAN_POINT('',(6.150929130251E-02,1.198841244241E-02,
    2.999713206241E-02));
#235 = CARTESIAN_POINT('',(6.345797626198E-02,1.328345439808E-02,
    2.996683049135E-02));
#236 = CARTESIAN_POINT('',(6.150839799437E-02,1.199299330971E-02,
    3.000186432574E-02));
#237 = CARTESIAN_POINT('',(6.345698167888E-02,1.328820320086E-02,
    2.99714596426E-02));
#238 = CARTESIAN_POINT('',(6.150750410942E-02,1.199757498987E-02,
    3.000659569907E-02));
#239 = CARTESIAN_POINT('',(6.345598648625E-02,1.329295282405E-02,
    2.997608782715E-02));
#240 = CARTESIAN_POINT('',(6.120333675957E-02,1.355588000687E-02,
    3.161522630637E-02));
#241 = CARTESIAN_POINT('',(6.311735781455E-02,1.490837021901E-02,
    3.154960255149E-02));
#242 = CARTESIAN_POINT('',(6.083244046972E-02,1.520793651918E-02,
    3.312107784482E-02));
#243 = CARTESIAN_POINT('',(6.270829506851E-02,1.661823731589E-02,
    3.301159699283E-02));
#244 = CARTESIAN_POINT('',(6.040367649589E-02,1.688120142618E-02,
    3.456063639768E-02));
#245 = CARTESIAN_POINT('',(6.223905990783E-02,1.834631616299E-02,
    3.440352049995E-02));
#246 = CARTESIAN_POINT('',(5.989632569773E-02,1.857347262358E-02,
    3.597247509678E-02));
#247 = CARTESIAN_POINT('',(6.168901320565E-02,2.009133369808E-02,
    3.576846211821E-02));
#248 = CARTESIAN_POINT('',(5.939682496129E-02,2.006972535663E-02,
    3.760493220953E-02));
#249 = CARTESIAN_POINT('',(6.114986640666E-02,2.163280987715E-02,
    3.737758752496E-02));
#250 = CARTESIAN_POINT('',(5.889283398528E-02,2.146350545106E-02,
    3.932149005396E-02));
#251 = CARTESIAN_POINT('',(6.060766035391E-02,2.306837605262E-02,
    3.907453344618E-02));
#252 = CARTESIAN_POINT('',(5.83842149934E-02,2.276827220431E-02,
    4.110271330282E-02));
#253 = CARTESIAN_POINT('',(6.006189300092E-02,2.441167609624E-02,
    4.084188720396E-02));
#254 = CARTESIAN_POINT('',(5.838134886578E-02,2.277562151731E-02,
    4.111275223939E-02));
#255 = CARTESIAN_POINT('',(6.005881758375E-02,2.441924243274E-02,
    4.085184816872E-02));
#256 = CARTESIAN_POINT('',(5.837848259016E-02,2.278296801209E-02,
    4.112279322549E-02));
#257 = CARTESIAN_POINT('',(6.005574205482E-02,2.442680584445E-02,
    4.086181136132E-02));
#258 = CARTESIAN_POINT('',(5.837561616601E-02,2.279031169255E-02,
    4.113283625949E-02));
#259 = CARTESIAN_POINT('',(6.005266641476E-02,2.44343663338E-02,
    4.087177677792E-02));
#260 = CARTESIAN_POINT('',(5.767720404286E-02,2.457884186256E-02,
    4.358022047386E-02));
#261 = CARTESIAN_POINT('',(5.930329030078E-02,2.62756931552E-02,
    4.330029261032E-02));
#262 = CARTESIAN_POINT('',(5.696991553646E-02,2.620076730236E-02,
    4.614900257231E-02));
#263 = CARTESIAN_POINT('',(5.854739297319E-02,2.794383286063E-02,
    4.586037172358E-02));
#264 = CARTESIAN_POINT('',(5.626571277756E-02,2.768445142425E-02,
    4.877740337981E-02));
#265 = CARTESIAN_POINT('',(5.779714832338E-02,2.946782090641E-02,
    4.84858342649E-02));
#266 = CARTESIAN_POINT('',(5.555090440829E-02,2.908304322882E-02,
    5.145341013392E-02));
#267 = CARTESIAN_POINT('',(5.703729400509E-02,3.090380933239E-02,
    5.116229085323E-02));
#268 = CARTESIAN_POINT('',(5.483589813228E-02,3.039092267921E-02,
    5.417025504277E-02));
#269 = CARTESIAN_POINT('',(5.627916829552E-02,3.224473787833E-02,
    5.388299197389E-02));
#270 = CARTESIAN_POINT('',(5.41105321948E-02,3.163995050143E-02,
    5.693064997615E-02));
#271 = CARTESIAN_POINT('',(5.551126849537E-02,3.352484309436E-02,
    5.664920806475E-02));
#272 = CARTESIAN_POINT('',(5.338032139249E-02,3.282762485909E-02,
    5.971584347976E-02));
#273 = CARTESIAN_POINT('',(5.473956953619E-02,3.474106157514E-02,
    5.944206807174E-02));
#274 = CARTESIAN_POINT('',(5.33764562492E-02,3.283390950463E-02,
    5.973058621085E-02));
#275 = CARTESIAN_POINT('',(5.473548482484E-02,3.474749723476E-02,
    5.9456851433E-02));
#276 = CARTESIAN_POINT('',(5.33725909707E-02,3.284019243272E-02,
    5.974532963537E-02));
#277 = CARTESIAN_POINT('',(5.473140000671E-02,3.475393110785E-02,
    5.947163553868E-02));
#278 = CARTESIAN_POINT('',(5.336872555727E-02,3.284647364403E-02,
    5.976007375267E-02));
#279 = CARTESIAN_POINT('',(5.472731508165E-02,3.476036319605E-02,
    5.948642038778E-02));
#280 = CARTESIAN_POINT('',(5.243400220769E-02,3.436491053083E-02,
    6.332549769038E-02));
#281 = CARTESIAN_POINT('',(5.373951856063E-02,3.631526719372E-02,
    6.306170578713E-02));
#282 = CARTESIAN_POINT('',(5.149142223096E-02,3.578304229517E-02,
    6.693135452191E-02));
#283 = CARTESIAN_POINT('',(5.274545004378E-02,3.776599705251E-02,
    6.668034232096E-02));
#284 = CARTESIAN_POINT('',(5.054309207351E-02,3.711772987732E-02,
    7.054944722013E-02));
#285 = CARTESIAN_POINT('',(5.174699092851E-02,3.91302286092E-02,
    7.031299541976E-02));
#286 = CARTESIAN_POINT('',(4.958698577342E-02,3.838061896138E-02,
    7.419059527695E-02));
#287 = CARTESIAN_POINT('',(5.074184152306E-02,4.041993288904E-02,
    7.397033881706E-02));
#288 = CARTESIAN_POINT('',(4.862026688372E-02,3.958544497314E-02,
    7.784843576814E-02));
#289 = CARTESIAN_POINT('',(4.972675890678E-02,4.164958323045E-02,
    7.764539772121E-02));
#290 = CARTESIAN_POINT('',(4.764119769584E-02,4.073837978099E-02,
    8.153113379531E-02));
#291 = CARTESIAN_POINT('',(4.869989050916E-02,4.282536896425E-02,
    8.134635772731E-02));
#292 = CARTESIAN_POINT('',(4.665143130956E-02,4.184202156116E-02,
    8.52257003067E-02));
#293 = CARTESIAN_POINT('',(4.766282805839E-02,4.395014869282E-02,
    8.505992867467E-02));
#294 = CARTESIAN_POINT('',(4.664869619389E-02,4.184507089217E-02,
    8.52359096396E-02));
#295 = CARTESIAN_POINT('',(4.765996225276E-02,4.395325642148E-02,
    8.507019052845E-02));
#296 = CARTESIAN_POINT('',(4.66459609965E-02,4.184811984704E-02,
    8.5246119063E-02));
#297 = CARTESIAN_POINT('',(4.765709636928E-02,4.395636376085E-02,
    8.508045247842E-02));
#298 = CARTESIAN_POINT('',(4.664322571736E-02,4.18511684259E-02,
    8.525632857685E-02));
#299 = CARTESIAN_POINT('',(4.765423040793E-02,4.395947071105E-02,
    8.509071452453E-02));
#300 = CARTESIAN_POINT('',(4.551150575937E-02,4.311232271939E-02,
    8.948041938528E-02));
#301 = CARTESIAN_POINT('',(4.646844399999E-02,4.524476991739E-02,
    8.933654223373E-02));
#302 = CARTESIAN_POINT('',(4.43657852079E-02,4.43091567069E-02,
    9.371997098643E-02));
#303 = CARTESIAN_POINT('',(4.526932611359E-02,4.646348240916E-02,
    9.359880930698E-02));
#304 = CARTESIAN_POINT('',(4.320849917316E-02,4.544566273471E-02,
    9.796124599414E-02));
#305 = CARTESIAN_POINT('',(4.405927249491E-02,4.761982104693E-02,
    9.786348938998E-02));
#306 = CARTESIAN_POINT('',(4.203539449681E-02,4.653137942698E-02,
    0.102211460739));
#307 = CARTESIAN_POINT('',(4.283370027097E-02,4.872365584948E-02,
    0.102137613768));
#308 = CARTESIAN_POINT('',(4.08464431766E-02,4.756835989698E-02,
    0.106469275831));
#309 = CARTESIAN_POINT('',(4.159251979118E-02,4.97770698208E-02,
    0.1064197959));
#310 = CARTESIAN_POINT('',(3.96399987189E-02,4.856116605619E-02,
    0.110732512257));
#311 = CARTESIAN_POINT('',(4.033390241185E-02,5.078483458703E-02,
    0.110707667992));
#312 = CARTESIAN_POINT('',(3.841531028258E-02,4.951136280697E-02,0.115)
  );
#313 = CARTESIAN_POINT('',(3.905701084372E-02,5.174853635674E-02,0.115)
  );
#314 = DEFINITIONAL_REPRESENTATION('',(#315),#319);
#315 = LINE('',#316,#317);
#316 = CARTESIAN_POINT('',(0.,0.));
#317 = VECTOR('',#318,1.);
#318 = DIRECTION('',(1.,0.));
#319 = ( GEOMETRIC_REPRESENTATION_CONTEXT(2) 
PARAMETRIC_REPRESENTATION_CONTEXT() REPRESENTATION_CONTEXT('2D SPACE',''
  ) );
#320 = ORIENTED_EDGE('',*,*,#321,.F.);
#321 = EDGE_CURVE('',#22,#177,#322,.T.);
#322 = SURFACE_CURVE('',#323,(#326),.PCURVE_S1.);
#323 = B_SPLINE_CURVE_WITH_KNOTS('',1,(#324,#325),.UNSPECIFIED.,.F.,.F.,
  (2,2),(0.,1.),.PIECEWISE_BEZIER_KNOTS.);
#324 = CARTESIAN_POINT('',(6.05E-02,0.,1.E-02));
#325 = CARTESIAN_POINT('',(6.266109637882E-02,8.35530798574E-04,1.E-02)
  );
#326 = PCURVE('',#57,#327);
#327 = DEFINITIONAL_REPRESENTATION('',(#328),#332);
#328 = LINE('',#329,#330);
#329 = CARTESIAN_POINT('',(0.,0.));
#330 = VECTOR('',#331,1.);
#331 = DIRECTION('',(0.,1.));
#332 = ( GEOMETRIC_REPRESENTATION_CONTEXT(2) 
PARAMETRIC_REPRESENTATION_CONTEXT() REPRESENTATION_CONTEXT('2D SPACE',''
  ) );
#333 = ADVANCED_FACE('',(#334),#217,.T.);
#334 = FACE_BOUND('',#335,.T.);
#335 = EDGE_LOOP('',(#336,#337,#352,#497));
#336 = ORIENTED_EDGE('',*,*,#176,.T.);
#337 = ORIENTED_EDGE('',*,*,#338,.T.);
#338 = EDGE_CURVE('',#162,#339,#341,.T.);
#339 = VERTEX_POINT('',#340);
#340 = CARTESIAN_POINT('',(3.905701084372E-02,5.174853635674E-02,0.115)
  );
#341 = SURFACE_CURVE('',#342,(#345),.PCURVE_S1.);
#342 = B_SPLINE_CURVE_WITH_KNOTS('',1,(#343,#344),.UNSPECIFIED.,.F.,.F.,
  (2,2),(0.,1.),.PIECEWISE_BEZIER_KNOTS.);
#343 = CARTESIAN_POINT('',(3.841531028258E-02,4.951136280697E-02,0.115)
  );
#344 = CARTESIAN_POINT('',(3.905701084372E-02,5.174853635674E-02,0.115)
  );
#345 = PCURVE('',#217,#346);
#346 = DEFINITIONAL_REPRESENTATION('',(#347),#351);
#347 = LINE('',#348,#349);
#348 = CARTESIAN_POINT('',(1.,0.));
#349 = VECTOR('',#350,1.);
#350 = DIRECTION('',(0.,1.));
#351 = ( GEOMETRIC_REPRESENTATION_CONTEXT(2) 
PARAMETRIC_REPRESENTATION_CONTEXT() REPRESENTATION_CONTEXT('2D SPACE',''
  ) );
#352 = ORIENTED_EDGE('',*,*,#353,.F.);
#353 = EDGE_CURVE('',#354,#339,#356,.T.);
#354 = VERTEX_POINT('',#355);
#355 = CARTESIAN_POINT('',(6.481028284748E-02,1.728683990824E-03,1.E-02)
  );
#356 = SURFACE_CURVE('',#357,(#386,#393),.PCURVE_S1.);
#357 = B_SPLINE_CURVE_WITH_KNOTS('',7,(#358,#359,#360,#361,#362,#363,
    #364,#365,#366,#367,#368,#369,#370,#371,#372,#373,#374,#375,#376,
    #377,#378,#379,#380,#381,#382,#383,#384,#385),.UNSPECIFIED.,.F.,.F.,
  (8,5,5,5,5,8),(0.,0.191862977075,0.323170087672,0.503926067509,
    0.735551073129,1.),.UNSPECIFIED.);
#358 = CARTESIAN_POINT('',(6.481028284748E-02,1.728683990824E-03,1.E-02)
  );
#359 = CARTESIAN_POINT('',(6.478015296857E-02,2.836716994457E-03,
    1.314261996372E-02));
#360 = CARTESIAN_POINT('',(6.472822617094E-02,4.040610363624E-03,
    1.624666246875E-02));
#361 = CARTESIAN_POINT('',(6.463561162483E-02,5.431792486257E-03,
    1.929378456192E-02));
#362 = CARTESIAN_POINT('',(6.450117140819E-02,6.946283308665E-03,
    2.22456831794E-02));
#363 = CARTESIAN_POINT('',(6.429686100184E-02,8.756379502905E-03,
    2.511023025287E-02));
#364 = CARTESIAN_POINT('',(6.371975379368E-02,1.238531618723E-02,
    2.93904381452E-02));
#365 = CARTESIAN_POINT('',(6.271520773982E-02,1.659275518563E-02,
    3.299106813648E-02));
#366 = CARTESIAN_POINT('',(6.224554962775E-02,1.832571876878E-02,
    3.438743042748E-02));
#367 = CARTESIAN_POINT('',(6.169378362475E-02,2.007769160341E-02,
    3.575422647513E-02));
#368 = CARTESIAN_POINT('',(6.115304667913E-02,2.162438878739E-02,
    3.736763471459E-02));
#369 = CARTESIAN_POINT('',(5.98679521707E-02,2.502756269291E-02,
    4.138919168409E-02));
#370 = CARTESIAN_POINT('',(5.856285136427E-02,2.79124136255E-02,
    4.580627839386E-02));
#371 = CARTESIAN_POINT('',(5.780967494514E-02,2.944413847862E-02,
    4.844171652763E-02));
#372 = CARTESIAN_POINT('',(5.704666717414E-02,3.088722665784E-02,
    5.112865370013E-02));
#373 = CARTESIAN_POINT('',(5.628546426735E-02,3.223424117995E-02,
    5.386031212512E-02));
#374 = CARTESIAN_POINT('',(5.453568578989E-02,3.515181489341E-02,
    6.016344233153E-02));
#375 = CARTESIAN_POINT('',(5.276618026357E-02,3.773765815219E-02,
    6.660492048105E-02));
#376 = CARTESIAN_POINT('',(5.176368612775E-02,3.910879951399E-02,
    7.025224624824E-02));
#377 = CARTESIAN_POINT('',(5.075448697881E-02,4.040461092645E-02,
    7.392455567423E-02));
#378 = CARTESIAN_POINT('',(4.973526366245E-02,4.163984403291E-02,
    7.761474512193E-02));
#379 = CARTESIAN_POINT('',(4.753306804771E-02,4.416196062193E-02,
    8.555194328655E-02));
#380 = CARTESIAN_POINT('',(4.528398409777E-02,4.644947114849E-02,
    9.354714644999E-02));
#381 = CARTESIAN_POINT('',(4.407114945843E-02,4.760912156392E-02,
    9.782206741618E-02));
#382 = CARTESIAN_POINT('',(4.284272154818E-02,4.871599825181E-02,
    0.102106488607));
#383 = CARTESIAN_POINT('',(4.159861856743E-02,4.977218623538E-02,
    0.10639901818));
#384 = CARTESIAN_POINT('',(4.033699612924E-02,5.078249968171E-02,
    0.110697268314));
#385 = CARTESIAN_POINT('',(3.905701084372E-02,5.174853635674E-02,0.115)
  );
#386 = PCURVE('',#217,#387);
#387 = DEFINITIONAL_REPRESENTATION('',(#388),#392);
#388 = LINE('',#389,#390);
#389 = CARTESIAN_POINT('',(0.,1.));
#390 = VECTOR('',#391,1.);
#391 = DIRECTION('',(1.,0.));
#392 = ( GEOMETRIC_REPRESENTATION_CONTEXT(2) 
PARAMETRIC_REPRESENTATION_CONTEXT() REPRESENTATION_CONTEXT('2D SPACE',''
  ) );
#393 = PCURVE('',#394,#491);
#394 = B_SPLINE_SURFACE_WITH_KNOTS('',7,1,(
    (#395,#396)
    ,(#397,#398)
    ,(#399,#400)
    ,(#401,#402)
    ,(#403,#404)
    ,(#405,#406)
    ,(#407,#408)
    ,(#409,#410)
    ,(#411,#412)
    ,(#413,#414)
    ,(#415,#416)
    ,(#417,#418)
    ,(#419,#420)
    ,(#421,#422)
    ,(#423,#424)
    ,(#425,#426)
    ,(#427,#428)
    ,(#429,#430)
    ,(#431,#432)
    ,(#433,#434)
    ,(#435,#436)
    ,(#437,#438)
    ,(#439,#440)
    ,(#441,#442)
    ,(#443,#444)
    ,(#445,#446)
    ,(#447,#448)
    ,(#449,#450)
    ,(#451,#452)
    ,(#453,#454)
    ,(#455,#456)
    ,(#457,#458)
    ,(#459,#460)
    ,(#461,#462)
    ,(#463,#464)
    ,(#465,#466)
    ,(#467,#468)
    ,(#469,#470)
    ,(#471,#472)
    ,(#473,#474)
    ,(#475,#476)
    ,(#477,#478)
    ,(#479,#480)
    ,(#481,#482)
    ,(#483,#484)
    ,(#485,#486)
    ,(#487,#488)
    ,(#489,#490
  )),.UNSPECIFIED.,.F.,.F.,.F.,(8,5,5,5,5,5,5,5,5,8),(2,2),(0.,
    0.191444164104,0.191862977075,0.322212765861,0.323170087672,
    0.502653908336,0.503926067509,0.734679936092,0.735551073129,1.),(0.,
    1.),.UNSPECIFIED.);
#395 = CARTESIAN_POINT('',(6.481028284748E-02,1.728683990824E-03,1.E-02)
  );
#396 = CARTESIAN_POINT('',(6.694640714629E-02,2.679285390504E-03,1.E-02)
  );
#397 = CARTESIAN_POINT('',(6.478021873834E-02,2.834298296484E-03,
    1.313576001594E-02));
#398 = CARTESIAN_POINT('',(6.690016305085E-02,3.818515351557E-03,
    1.315629013903E-02));
#399 = CARTESIAN_POINT('',(6.472845276653E-02,4.035354921982E-03,
    1.623311080895E-02));
#400 = CARTESIAN_POINT('',(6.683063426559E-02,5.054971034516E-03,
    1.627195773844E-02));
#401 = CARTESIAN_POINT('',(6.463621754144E-02,5.422684830918E-03,
    1.927382928497E-02));
#402 = CARTESIAN_POINT('',(6.671588390849E-02,6.490306718535E-03,
    1.932642922352E-02));
#403 = CARTESIAN_POINT('',(6.450234407742E-02,6.933063057709E-03,
    2.221990595122E-02));
#404 = CARTESIAN_POINT('',(6.655734612818E-02,8.046939817383E-03,
    2.22786917774E-02));
#405 = CARTESIAN_POINT('',(6.429908759626E-02,8.736637498278E-03,
    2.507896134327E-02));
#406 = CARTESIAN_POINT('',(6.632180948933E-02,9.918957777411E-03,
    2.513902449254E-02));
#407 = CARTESIAN_POINT('',(6.395797092858E-02,1.088734611963E-02,
    2.762359845829E-02));
#408 = CARTESIAN_POINT('',(6.593601761177E-02,1.21536385834E-02,
    2.764805412192E-02));
#409 = CARTESIAN_POINT('',(6.346633303608E-02,1.324348253728E-02,
    2.992780539747E-02));
#410 = CARTESIAN_POINT('',(6.539071104483E-02,1.459654078107E-02,
    2.989391694997E-02));
#411 = CARTESIAN_POINT('',(6.346525913446E-02,1.324862666688E-02,
    2.993283404929E-02));
#412 = CARTESIAN_POINT('',(6.538951994882E-02,1.460187432181E-02,
    2.989881813636E-02));
#413 = CARTESIAN_POINT('',(6.346418451536E-02,1.325377177245E-02,
    2.993786155717E-02));
#414 = CARTESIAN_POINT('',(6.538832809344E-02,1.460720884972E-02,
    2.990371807211E-02));
#415 = CARTESIAN_POINT('',(6.346310917863E-02,1.325891785252E-02,
    2.994288792197E-02));
#416 = CARTESIAN_POINT('',(6.538713547904E-02,1.461254436231E-02,
    2.990861675888E-02));
#417 = CARTESIAN_POINT('',(6.312712593664E-02,1.486601454619E-02,
    3.151194470034E-02));
#418 = CARTESIAN_POINT('',(6.501452111395E-02,1.627879161414E-02,
    3.143777501436E-02));
#419 = CARTESIAN_POINT('',(6.272115549183E-02,1.656783299759E-02,
    3.296972999071E-02));
#420 = CARTESIAN_POINT('',(6.456797543642E-02,1.804055379211E-02,
    3.284549376019E-02));
#421 = CARTESIAN_POINT('',(6.225581223759E-02,1.828781893988E-02,
    3.435687837876E-02));
#422 = CARTESIAN_POINT('',(6.405971185842E-02,1.981704351651E-02,
    3.41782280059E-02));
#423 = CARTESIAN_POINT('',(6.170984852963E-02,2.002660518307E-02,
    3.571435734431E-02));
#424 = CARTESIAN_POINT('',(6.346836019676E-02,2.16103761321E-02,
    3.548213639353E-02));
#425 = CARTESIAN_POINT('',(6.11727639583E-02,2.156789795215E-02,
    3.730895029059E-02));
#426 = CARTESIAN_POINT('',(6.288941377931E-02,2.319724694124E-02,
    3.705177381302E-02));
#427 = CARTESIAN_POINT('',(6.063202771602E-02,2.30040845665E-02,
    3.899814688826E-02));
#428 = CARTESIAN_POINT('',(6.230844498187E-02,2.467539791129E-02,
    3.87194863822E-02));
#429 = CARTESIAN_POINT('',(6.008788229274E-02,2.434763114277E-02,
    4.07577714393E-02));
#430 = CARTESIAN_POINT('',(6.172527344622E-02,2.605744508219E-02,
    4.046416449398E-02));
#431 = CARTESIAN_POINT('',(6.008391490465E-02,2.435742163403E-02,
    4.077060408667E-02));
#432 = CARTESIAN_POINT('',(6.17210215972E-02,2.606751608155E-02,
    4.047688851466E-02));
#433 = CARTESIAN_POINT('',(6.007994733247E-02,2.436720722014E-02,
    4.078344046781E-02));
#434 = CARTESIAN_POINT('',(6.171676963404E-02,2.607758198309E-02,
    4.048961660809E-02));
#435 = CARTESIAN_POINT('',(6.007597957478E-02,2.437698791036E-02,
    4.079628057844E-02));
#436 = CARTESIAN_POINT('',(6.17125175582E-02,2.608764279205E-02,
    4.050234876513E-02));
#437 = CARTESIAN_POINT('',(5.932808012619E-02,2.621958370197E-02,
    4.321715563738E-02));
#438 = CARTESIAN_POINT('',(6.09110425583E-02,2.798299907582E-02,
    4.290293813901E-02));
#439 = CARTESIAN_POINT('',(5.857349180292E-02,2.788888419363E-02,
    4.577027149705E-02));
#440 = CARTESIAN_POINT('',(6.010566498721E-02,2.969780956147E-02,
    4.544724954337E-02));
#441 = CARTESIAN_POINT('',(5.782557790356E-02,2.941177696924E-02,
    4.838608340046E-02));
#442 = CARTESIAN_POINT('',(5.930998823467E-02,3.125983892415E-02,
    4.806050711844E-02));
#443 = CARTESIAN_POINT('',(5.70681444407E-02,3.084657447117E-02,
    5.105302646994E-02));
#444 = CARTESIAN_POINT('',(5.850597251808E-02,3.273080751763E-02,
    5.072857021699E-02));
#445 = CARTESIAN_POINT('',(5.631225182162E-02,3.21867922283E-02,
    5.376420734771E-02));
#446 = CARTESIAN_POINT('',(5.77057972546E-02,3.410244618369E-02,
    5.344457198095E-02));
#447 = CARTESIAN_POINT('',(5.55454832376E-02,3.346804403843E-02,
    5.652591013399E-02));
#448 = CARTESIAN_POINT('',(5.689537034671E-02,3.541325159172E-02,
    5.621315643702E-02));
#449 = CARTESIAN_POINT('',(5.477485969415E-02,3.468539381762E-02,
    5.931435838763E-02));
#450 = CARTESIAN_POINT('',(5.608234827031E-02,3.665748395852E-02,
    5.901046564305E-02));
#451 = CARTESIAN_POINT('',(5.476943586133E-02,3.469395835234E-02,
    5.933398478776E-02));
#452 = CARTESIAN_POINT('',(5.607662609825E-02,3.666623756271E-02,
    5.90301545036E-02));
#453 = CARTESIAN_POINT('',(5.476401183877E-02,3.470251972527E-02,
    5.935361250933E-02));
#454 = CARTESIAN_POINT('',(5.607090379667E-02,3.66749878775E-02,
    5.904984478177E-02));
#455 = CARTESIAN_POINT('',(5.475858762713E-02,3.471107793807E-02,
    5.937324155073E-02));
#456 = CARTESIAN_POINT('',(5.606518136509E-02,3.668373490698E-02,
    5.906953647497E-02));
#457 = CARTESIAN_POINT('',(5.376924444727E-02,3.627141355022E-02,
    6.295357525358E-02));
#458 = CARTESIAN_POINT('',(5.502145714068E-02,3.82784859463E-02,
    6.26613142782E-02));
#459 = CARTESIAN_POINT('',(5.277365618368E-02,3.772673170724E-02,
    6.657770640914E-02));
#460 = CARTESIAN_POINT('',(5.39733765634E-02,3.976421908971E-02,
    6.629999221325E-02));
#461 = CARTESIAN_POINT('',(5.17749968443E-02,3.909332555801E-02,
    7.021109493319E-02));
#462 = CARTESIAN_POINT('',(5.292390754707E-02,4.115807265612E-02,
    6.994977275271E-02));
#463 = CARTESIAN_POINT('',(5.076966872103E-02,4.038511044818E-02,
    7.386931186478E-02));
#464 = CARTESIAN_POINT('',(5.186907654898E-02,4.247434229361E-02,
    7.362609376358E-02));
#465 = CARTESIAN_POINT('',(4.975442863936E-02,4.161660702061E-02,
    7.754535400939E-02));
#466 = CARTESIAN_POINT('',(5.080517854186E-02,4.372836096413E-02,
    7.732128733207E-02));
#467 = CARTESIAN_POINT('',(4.872635732597E-02,4.279530825314E-02,
    8.125106347155E-02));
#468 = CARTESIAN_POINT('',(4.972914336324E-02,4.492760678233E-02,
    8.104726266132E-02));
#469 = CARTESIAN_POINT('',(4.76880861879E-02,4.392274165996E-02,
    8.4969478148E-02));
#470 = CARTESIAN_POINT('',(4.864355949147E-02,4.607389421916E-02,
    8.478670799427E-02));
#471 = CARTESIAN_POINT('',(4.768418112647E-02,4.392698118973E-02,
    8.498346321116E-02));
#472 = CARTESIAN_POINT('',(4.863947649704E-02,4.607820463457E-02,
    8.480077216416E-02));
#473 = CARTESIAN_POINT('',(4.768027592064E-02,4.3931219995E-02,
    8.49974484537E-02));
#474 = CARTESIAN_POINT('',(4.863539336749E-02,4.608251430139E-02,
    8.48148365243E-02));
#475 = CARTESIAN_POINT('',(4.767637057034E-02,4.393545807612E-02,
    8.501143387545E-02));
#476 = CARTESIAN_POINT('',(4.863131010279E-02,4.608682321988E-02,
    8.482890107455E-02));
#477 = CARTESIAN_POINT('',(4.648688362191E-02,4.522601956326E-02,
    8.92709938942E-02));
#478 = CARTESIAN_POINT('',(4.738763905254E-02,4.739895208509E-02,
    8.911256439527E-02));
#479 = CARTESIAN_POINT('',(4.528398409777E-02,4.644947114849E-02,
    9.354714644999E-02));
#480 = CARTESIAN_POINT('',(4.613142680089E-02,4.864171270424E-02,
    9.341383681291E-02));
#481 = CARTESIAN_POINT('',(4.407114945843E-02,4.760912156392E-02,
    9.782206741618E-02));
#482 = CARTESIAN_POINT('',(4.486613087175E-02,4.981864737273E-02,
    9.771456269551E-02));
#483 = CARTESIAN_POINT('',(4.284272154818E-02,4.871599825181E-02,
    0.102106488607));
#484 = CARTESIAN_POINT('',(4.358570009144E-02,5.094113464583E-02,
    0.102025308513));
#485 = CARTESIAN_POINT('',(4.159861856743E-02,4.977218623538E-02,
    0.10639901818));
#486 = CARTESIAN_POINT('',(4.228998591079E-02,5.201128673501E-02,
    0.106344638472));
#487 = CARTESIAN_POINT('',(4.033699612924E-02,5.078249968171E-02,
    0.110697268314));
#488 = CARTESIAN_POINT('',(4.097694709448E-02,5.303414210282E-02,
    0.110669967438));
#489 = CARTESIAN_POINT('',(3.905701084372E-02,5.174853635674E-02,0.115)
  );
#490 = CARTESIAN_POINT('',(3.964565245798E-02,5.401131586234E-02,0.115)
  );
#491 = DEFINITIONAL_REPRESENTATION('',(#492),#496);
#492 = LINE('',#493,#494);
#493 = CARTESIAN_POINT('',(0.,0.));
#494 = VECTOR('',#495,1.);
#495 = DIRECTION('',(1.,0.));
#496 = ( GEOMETRIC_REPRESENTATION_CONTEXT(2) 
PARAMETRIC_REPRESENTATION_CONTEXT() REPRESENTATION_CONTEXT('2D SPACE',''
  ) );
#497 = ORIENTED_EDGE('',*,*,#498,.F.);
#498 = EDGE_CURVE('',#177,#354,#499,.T.);
#499 = SURFACE_CURVE('',#500,(#503),.PCURVE_S1.);
#500 = B_SPLINE_CURVE_WITH_KNOTS('',1,(#501,#502),.UNSPECIFIED.,.F.,.F.,
  (2,2),(0.,1.),.PIECEWISE_BEZIER_KNOTS.);
#501 = CARTESIAN_POINT('',(6.266109637882E-02,8.35530798574E-04,1.E-02)
  );
#502 = CARTESIAN_POINT('',(6.481028284748E-02,1.728683990824E-03,1.E-02)
  );
#503 = PCURVE('',#217,#504);
#504 = DEFINITIONAL_REPRESENTATION('',(#505),#509);
#505 = LINE('',#506,#507);
#506 = CARTESIAN_POINT('',(0.,0.));
#507 = VECTOR('',#508,1.);
#508 = DIRECTION('',(0.,1.));
#509 = ( GEOMETRIC_REPRESENTATION_CONTEXT(2) 
PARAMETRIC_REPRESENTATION_CONTEXT() REPRESENTATION_CONTEXT('2D SPACE',''
  ) );
#510 = ADVANCED_FACE('',(#511),#394,.T.);
#511 = FACE_BOUND('',#512,.T.);
#512 = EDGE_LOOP('',(#513,#514,#529,#674));
#513 = ORIENTED_EDGE('',*,*,#353,.T.);
#514 = ORIENTED_EDGE('',*,*,#515,.T.);
#515 = EDGE_CURVE('',#339,#516,#518,.T.);
#516 = VERTEX_POINT('',#517);
#517 = CARTESIAN_POINT('',(3.964565245798E-02,5.401131586234E-02,0.115)
  );
#518 = SURFACE_CURVE('',#519,(#522),.PCURVE_S1.);
#519 = B_SPLINE_CURVE_WITH_KNOTS('',1,(#520,#521),.UNSPECIFIED.,.F.,.F.,
  (2,2),(0.,1.),.PIECEWISE_BEZIER_KNOTS.);
#520 = CARTESIAN_POINT('',(3.905701084372E-02,5.174853635674E-02,0.115)
  );
#521 = CARTESIAN_POINT('',(3.964565245798E-02,5.401131586234E-02,0.115)
  );
#522 = PCURVE('',#394,#523);
#523 = DEFINITIONAL_REPRESENTATION('',(#524),#528);
#524 = LINE('',#525,#526);
#525 = CARTESIAN_POINT('',(1.,0.));
#526 = VECTOR('',#527,1.);
#527 = DIRECTION('',(0.,1.));
#528 = ( GEOMETRIC_REPRESENTATION_CONTEXT(2) 
PARAMETRIC_REPRESENTATION_CONTEXT() REPRESENTATION_CONTEXT('2D SPACE',''
  ) );
#529 = ORIENTED_EDGE('',*,*,#530,.F.);
#530 = EDGE_CURVE('',#531,#516,#533,.T.);
#531 = VERTEX_POINT('',#532);
#532 = CARTESIAN_POINT('',(6.694640714629E-02,2.679285390504E-03,1.E-02)
  );
#533 = SURFACE_CURVE('',#534,(#563,#570),.PCURVE_S1.);
#534 = B_SPLINE_CURVE_WITH_KNOTS('',7,(#535,#536,#537,#538,#539,#540,
    #541,#542,#543,#544,#545,#546,#547,#548,#549,#550,#551,#552,#553,
    #554,#555,#556,#557,#558,#559,#560,#561,#562),.UNSPECIFIED.,.F.,.F.,
  (8,5,5,5,5,8),(0.,0.191444164104,0.322212765861,0.502653908336,
    0.734679936092,1.),.UNSPECIFIED.);
#535 = CARTESIAN_POINT('',(6.694640714629E-02,2.679285390504E-03,1.E-02)
  );
#536 = CARTESIAN_POINT('',(6.690016305085E-02,3.818515351557E-03,
    1.315629013903E-02));
#537 = CARTESIAN_POINT('',(6.683063426559E-02,5.054971034516E-03,
    1.627195773844E-02));
#538 = CARTESIAN_POINT('',(6.671588390849E-02,6.490306718535E-03,
    1.932642922352E-02));
#539 = CARTESIAN_POINT('',(6.655734612818E-02,8.046939817383E-03,
    2.22786917774E-02));
#540 = CARTESIAN_POINT('',(6.632180948933E-02,9.918957777411E-03,
    2.513902449254E-02));
#541 = CARTESIAN_POINT('',(6.567391446649E-02,1.367185838539E-02,
    2.935266377216E-02));
#542 = CARTESIAN_POINT('',(6.457613206406E-02,1.801201635905E-02,
    3.282408035684E-02));
#543 = CARTESIAN_POINT('',(6.406731266336E-02,1.979398285553E-02,
    3.416148669446E-02));
#544 = CARTESIAN_POINT('',(6.347394071797E-02,2.159507661564E-02,
    3.546700935215E-02));
#545 = CARTESIAN_POINT('',(6.289311983598E-02,2.31878166372E-02,
    3.704113603042E-02));
#546 = CARTESIAN_POINT('',(6.151618782107E-02,2.669189481114E-02,
    4.099318403338E-02));
#547 = CARTESIAN_POINT('',(6.012688230031E-02,2.965612629858E-02,
    4.537757283362E-02));
#548 = CARTESIAN_POINT('',(5.932714257032E-02,3.122843883703E-02,
    4.800359218508E-02));
#549 = CARTESIAN_POINT('',(5.851877593384E-02,3.270885360487E-02,
    5.068511362003E-02));
#550 = CARTESIAN_POINT('',(5.771438156564E-02,3.408855971225E-02,
    5.341524677169E-02));
#551 = CARTESIAN_POINT('',(5.586509932059E-02,3.708049186047E-02,
    5.973253402039E-02));
#552 = CARTESIAN_POINT('',(5.400230385114E-02,3.97257735142E-02,
    6.619939305657E-02));
#553 = CARTESIAN_POINT('',(5.294716726554E-02,4.112903462503E-02,
    6.986870513031E-02));
#554 = CARTESIAN_POINT('',(5.188667180181E-02,4.245359645867E-02,
    7.356497985757E-02));
#555 = CARTESIAN_POINT('',(5.081699811773E-02,4.371518607762E-02,
    7.728035922396E-02));
#556 = CARTESIAN_POINT('',(4.850664390499E-02,4.629083579795E-02,
    8.528062874675E-02));
#557 = CARTESIAN_POINT('',(4.615226559384E-02,4.862232174047E-02,
    9.334300150808E-02));
#558 = CARTESIAN_POINT('',(4.488300165163E-02,4.980385335449E-02,
    9.765776211159E-02));
#559 = CARTESIAN_POINT('',(4.359850439637E-02,5.093055734991E-02,
    0.101982623018));
#560 = CARTESIAN_POINT('',(4.229863643219E-02,5.200454734112E-02,
    0.106316141873));
#561 = CARTESIAN_POINT('',(4.098133259182E-02,5.303092313625E-02,
    0.110655703619));
#562 = CARTESIAN_POINT('',(3.964565245798E-02,5.401131586234E-02,0.115)
  );
#563 = PCURVE('',#394,#564);
#564 = DEFINITIONAL_REPRESENTATION('',(#565),#569);
#565 = LINE('',#566,#567);
#566 = CARTESIAN_POINT('',(0.,1.));
#567 = VECTOR('',#568,1.);
#568 = DIRECTION('',(1.,0.));
#569 = ( GEOMETRIC_REPRESENTATION_CONTEXT(2) 
PARAMETRIC_REPRESENTATION_CONTEXT() REPRESENTATION_CONTEXT('2D SPACE',''
  ) );
#570 = PCURVE('',#571,#668);
#571 = B_SPLINE_SURFACE_WITH_KNOTS('',7,1,(
    (#572,#573)
    ,(#574,#575)
    ,(#576,#577)
    ,(#578,#579)
    ,(#580,#581)
    ,(#582,#583)
    ,(#584,#585)
    ,(#586,#587)
    ,(#588,#589)
    ,(#590,#591)
    ,(#592,#593)
    ,(#594,#595)
    ,(#596,#597)
    ,(#598,#599)
    ,(#600,#601)
    ,(#602,#603)
    ,(#604,#605)
    ,(#606,#607)
    ,(#608,#609)
    ,(#610,#611)
    ,(#612,#613)
    ,(#614,#615)
    ,(#616,#617)
    ,(#618,#619)
    ,(#620,#621)
    ,(#622,#623)
    ,(#624,#625)
    ,(#626,#627)
    ,(#628,#629)
    ,(#630,#631)
    ,(#632,#633)
    ,(#634,#635)
    ,(#636,#637)
    ,(#638,#639)
    ,(#640,#641)
    ,(#642,#643)
    ,(#644,#645)
    ,(#646,#647)
    ,(#648,#649)
    ,(#650,#651)
    ,(#652,#653)
    ,(#654,#655)
    ,(#656,#657)
    ,(#658,#659)
    ,(#660,#661)
    ,(#662,#663)
    ,(#664,#665)
    ,(#666,#667
  )),.UNSPECIFIED.,.F.,.F.,.F.,(8,5,5,5,5,5,5,5,5,8),(2,2),(0.,
    0.191067969612,0.191444164104,0.321436860124,0.322212765861,
    0.501570440442,0.502653908336,0.733917310792,0.734679936092,1.),(0.,
    1.),.UNSPECIFIED.);
#572 = CARTESIAN_POINT('',(6.694640714629E-02,2.679285390504E-03,1.E-02)
  );
#573 = CARTESIAN_POINT('',(6.906831961151E-02,3.687140331007E-03,1.E-02)
  );
#574 = CARTESIAN_POINT('',(6.690025392212E-02,3.816276724757E-03,
    1.315008791829E-02));
#575 = CARTESIAN_POINT('',(6.900509027536E-02,4.857721461635E-03,
    1.317113080085E-02));
#576 = CARTESIAN_POINT('',(6.683090742868E-02,5.050112052439E-03,
    1.625971278953E-02));
#577 = CARTESIAN_POINT('',(6.891711580479E-02,6.126609051492E-03,
    1.629986507924E-02));
#578 = CARTESIAN_POINT('',(6.671655985023E-02,6.481847566839E-03,
    1.930842208423E-02));
#579 = CARTESIAN_POINT('',(6.877884060305E-02,7.606644237367E-03,
    1.93622282127E-02));
#580 = CARTESIAN_POINT('',(6.655859124284E-02,8.0347072756E-03,
    2.225548421311E-02));
#581 = CARTESIAN_POINT('',(6.859517501875E-02,9.204681577455E-03,
    2.231631826133E-02));
#582 = CARTESIAN_POINT('',(6.632412070739E-02,9.900577036363E-03,
    2.511091767188E-02));
#583 = CARTESIAN_POINT('',(6.832644393765E-02,1.113930339791E-02,
    2.517270828361E-02));
#584 = CARTESIAN_POINT('',(6.594063618215E-02,1.21268661628E-02,
    2.761796562212E-02));
#585 = CARTESIAN_POINT('',(6.789619020119E-02,1.344774823266E-02,
    2.764304588635E-02));
#586 = CARTESIAN_POINT('',(6.53984274491E-02,1.456193959467E-02,
    2.986207723357E-02));
#587 = CARTESIAN_POINT('',(6.729866947369E-02,1.596625175181E-02,
    2.982776028859E-02));
#588 = CARTESIAN_POINT('',(6.539736137697E-02,1.456672540437E-02,
    2.986648597694E-02));
#589 = CARTESIAN_POINT('',(6.729749467895E-02,1.597120150867E-02,
    2.983205222742E-02));
#590 = CARTESIAN_POINT('',(6.53962946918E-02,1.4571512018E-02,
    2.987089370642E-02));
#591 = CARTESIAN_POINT('',(6.729631923893E-02,1.59761520728E-02,
    2.983634306607E-02));
#592 = CARTESIAN_POINT('',(6.539522739352E-02,1.457629943441E-02,
    2.987530042271E-02));
#593 = CARTESIAN_POINT('',(6.729514315394E-02,1.598110344227E-02,
    2.984063280589E-02));
#594 = CARTESIAN_POINT('',(6.50251463936E-02,1.62356397248E-02,
    3.14020817336E-02));
#595 = CARTESIAN_POINT('',(6.688735158886E-02,1.769726170864E-02,
    3.132684687308E-02));
#596 = CARTESIAN_POINT('',(6.458141649388E-02,1.799111709493E-02,
    3.280735733577E-02));
#597 = CARTESIAN_POINT('',(6.640217358593E-02,1.950967897126E-02,
    3.268142356524E-02));
#598 = CARTESIAN_POINT('',(6.407636310249E-02,1.97622655445E-02,
    3.413767293527E-02));
#599 = CARTESIAN_POINT('',(6.585363124418E-02,2.133393323594E-02,
    3.395708063191E-02));
#600 = CARTESIAN_POINT('',(6.348800578796E-02,2.155233403571E-02,
    3.543601769924E-02));
#601 = CARTESIAN_POINT('',(6.521963613664E-02,2.317542278302E-02,
    3.520109384057E-02));
#602 = CARTESIAN_POINT('',(6.291035533928E-02,2.314049173881E-02,
    3.699453015213E-02));
#603 = CARTESIAN_POINT('',(6.459903078489E-02,2.480864427058E-02,
    3.673270136737E-02));
#604 = CARTESIAN_POINT('',(6.233170626141E-02,2.461648652185E-02,
    3.865252934952E-02));
#605 = CARTESIAN_POINT('',(6.397929962229E-02,2.632571040708E-02,
    3.836828576624E-02));
#606 = CARTESIAN_POINT('',(6.175100563159E-02,2.599640024161E-02,
    4.038722486964E-02));
#607 = CARTESIAN_POINT('',(6.33587243843E-02,2.774345830178E-02,
    4.008721655329E-02));
#608 = CARTESIAN_POINT('',(6.174756001458E-02,2.60045844796E-02,
    4.03975202532E-02));
#609 = CARTESIAN_POINT('',(6.335504221858E-02,2.775186690933E-02,
    4.009741862972E-02));
#610 = CARTESIAN_POINT('',(6.174411432344E-02,2.601276534598E-02,
    4.040781833121E-02));
#611 = CARTESIAN_POINT('',(6.335136002482E-02,2.776027202594E-02,
    4.010762362973E-02));
#612 = CARTESIAN_POINT('',(6.174066855725E-02,2.602094284613E-02,
    4.04181191011E-02));
#613 = CARTESIAN_POINT('',(6.334767780384E-02,2.776867365442E-02,
    4.011783154802E-02));
#614 = CARTESIAN_POINT('',(6.0940684926E-02,2.791864368307E-02,
    4.281016101177E-02));
#615 = CARTESIAN_POINT('',(6.249281055386E-02,2.971837904727E-02,
    4.248836897886E-02));
#616 = CARTESIAN_POINT('',(6.013655580584E-02,2.963547997966E-02,
    4.534704982346E-02));
#617 = CARTESIAN_POINT('',(6.163656390297E-02,3.148038691586E-02,
    4.501562402158E-02));
#618 = CARTESIAN_POINT('',(5.934154942616E-02,3.120009990939E-02,
    4.795629708129E-02));
#619 = CARTESIAN_POINT('',(6.079259910543E-02,3.308370686442E-02,
    4.762200676487E-02));
#620 = CARTESIAN_POINT('',(5.853818959217E-02,3.267327677867E-02,
    5.06207203313E-02));
#621 = CARTESIAN_POINT('',(5.994144807519E-02,3.459278162104E-02,
    5.028717466963E-02));
#622 = CARTESIAN_POINT('',(5.773853310245E-02,3.404710084803E-02,
    5.333329820603E-02));
#623 = CARTESIAN_POINT('',(5.909641573266E-02,3.599767637164E-02,
    5.300453821865E-02));
#624 = CARTESIAN_POINT('',(5.692966677554E-02,3.535811234694E-02,
    5.609589801074E-02));
#625 = CARTESIAN_POINT('',(5.824288153488E-02,3.733785330301E-02,
    5.577401192611E-02));
#626 = CARTESIAN_POINT('',(5.611815738751E-02,3.660263868055E-02,
    5.888727193776E-02));
#627 = CARTESIAN_POINT('',(5.738801162137E-02,3.860887059109E-02,
    5.857433146927E-02));
#628 = CARTESIAN_POINT('',(5.611328454376E-02,3.661010910537E-02,
    5.89040339189E-02));
#629 = CARTESIAN_POINT('',(5.738287846356E-02,3.861649998732E-02,
    5.859114723885E-02));
#630 = CARTESIAN_POINT('',(5.61084116055E-02,3.661757713526E-02,
    5.892079693529E-02));
#631 = CARTESIAN_POINT('',(5.737774525685E-02,3.862412689538E-02,
    5.860796411704E-02));
#632 = CARTESIAN_POINT('',(5.610353857313E-02,3.662504277126E-02,
    5.893756098586E-02));
#633 = CARTESIAN_POINT('',(5.73726120009E-02,3.863175131791E-02,
    5.862478210208E-02));
#634 = CARTESIAN_POINT('',(5.505850937371E-02,3.822551583687E-02,
    6.253278955036E-02));
#635 = CARTESIAN_POINT('',(5.627178798124E-02,4.026625644327E-02,
    6.223159221561E-02));
#636 = CARTESIAN_POINT('',(5.400919218325E-02,3.971599041747E-02,
    6.617547995406E-02));
#637 = CARTESIAN_POINT('',(5.5168666189E-02,4.178670136023E-02,
    6.588914348603E-02));
#638 = CARTESIAN_POINT('',(5.295757112869E-02,4.11151951211E-02,
    6.983252516476E-02));
#639 = CARTESIAN_POINT('',(5.406494880536E-02,4.321272448835E-02,
    6.956296492581E-02));
#640 = CARTESIAN_POINT('',(5.190061403949E-02,4.243617702813E-02,
    7.351638580567E-02));
#641 = CARTESIAN_POINT('',(5.295728518559E-02,4.455767778255E-02,
    7.326544557006E-02));
#642 = CARTESIAN_POINT('',(5.083457619449E-02,4.369444624677E-02,
    7.721930257383E-02));
#643 = CARTESIAN_POINT('',(5.184143097435E-02,4.583793113014E-02,
    7.698804552704E-02));
#644 = CARTESIAN_POINT('',(4.975686497122E-02,4.489704571653E-02,
    8.095137556756E-02));
#645 = CARTESIAN_POINT('',(5.071467244749E-02,4.706048119657E-02,
    8.074097320401E-02));
#646 = CARTESIAN_POINT('',(4.866959487302E-02,4.604639136308E-02,
    8.469702190496E-02));
#647 = CARTESIAN_POINT('',(4.957905266984E-02,4.822805044534E-02,
    8.450827391339E-02));
#648 = CARTESIAN_POINT('',(4.866602112026E-02,4.605016846795E-02,
    8.47093332766E-02));
#649 = CARTESIAN_POINT('',(4.957532000847E-02,4.823188742899E-02,
    8.452065646748E-02));
#650 = CARTESIAN_POINT('',(4.866244726414E-02,4.605394499799E-02,
    8.472164479462E-02));
#651 = CARTESIAN_POINT('',(4.957158725132E-02,4.823572381903E-02,
    8.453303917664E-02));
#652 = CARTESIAN_POINT('',(4.86588733046E-02,4.605772095345E-02,
    8.473395645892E-02));
#653 = CARTESIAN_POINT('',(4.956785439839E-02,4.823955961564E-02,
    8.454542204078E-02));
#654 = CARTESIAN_POINT('',(4.741186996783E-02,4.737496490016E-02,
    8.902959106474E-02));
#655 = CARTESIAN_POINT('',(4.826541525444E-02,4.957767575812E-02,
    8.886590157119E-02));
#656 = CARTESIAN_POINT('',(4.615226559384E-02,4.862232174047E-02,
    9.334300150808E-02));
#657 = CARTESIAN_POINT('',(4.695130927746E-02,5.084359505546E-02,
    9.320522233879E-02));
#658 = CARTESIAN_POINT('',(4.488300165163E-02,4.980385335449E-02,
    9.765776211159E-02));
#659 = CARTESIAN_POINT('',(4.562843709728E-02,5.204161726352E-02,
    9.754663605303E-02));
#660 = CARTESIAN_POINT('',(4.359850439637E-02,5.093055734991E-02,
    0.101982623018));
#661 = CARTESIAN_POINT('',(4.429083857013E-02,5.318309615649E-02,
    0.10189868442));
#662 = CARTESIAN_POINT('',(4.229863643219E-02,5.200454734112E-02,
    0.106316141873));
#663 = CARTESIAN_POINT('',(4.293831722102E-02,5.42701580381E-02,
    0.106259908596));
#664 = CARTESIAN_POINT('',(4.098133259182E-02,5.303092313625E-02,
    0.110655703619));
#665 = CARTESIAN_POINT('',(4.1568602437E-02,5.530813900912E-02,
    0.110627464965));
#666 = CARTESIAN_POINT('',(3.964565245798E-02,5.401131586234E-02,0.115)
  );
#667 = CARTESIAN_POINT('',(4.018067051824E-02,5.629868110784E-02,0.115)
  );
#668 = DEFINITIONAL_REPRESENTATION('',(#669),#673);
#669 = LINE('',#670,#671);
#670 = CARTESIAN_POINT('',(0.,0.));
#671 = VECTOR('',#672,1.);
#672 = DIRECTION('',(1.,0.));
#673 = ( GEOMETRIC_REPRESENTATION_CONTEXT(2) 
PARAMETRIC_REPRESENTATION_CONTEXT() REPRESENTATION_CONTEXT('2D SPACE',''
  ) );
#674 = ORIENTED_EDGE('',*,*,#675,.F.);
#675 = EDGE_CURVE('',#354,#531,#676,.T.);
#676 = SURFACE_CURVE('',#677,(#680),.PCURVE_S1.);
#677 = B_SPLINE_CURVE_WITH_KNOTS('',1,(#678,#679),.UNSPECIFIED.,.F.,.F.,
  (2,2),(0.,1.),.PIECEWISE_BEZIER_KNOTS.);
#678 = CARTESIAN_POINT('',(6.481028284748E-02,1.728683990824E-03,1.E-02)
  );
#679 = CARTESIAN_POINT('',(6.694640714629E-02,2.679285390504E-03,1.E-02)
  );
#680 = PCURVE('',#394,#681);
#681 = DEFINITIONAL_REPRESENTATION('',(#682),#686);
#682 = LINE('',#683,#684);
#683 = CARTESIAN_POINT('',(0.,0.));
#684 = VECTOR('',#685,1.);
#685 = DIRECTION('',(0.,1.));
#686 = ( GEOMETRIC_REPRESENTATION_CONTEXT(2) 
PARAMETRIC_REPRESENTATION_CONTEXT() REPRESENTATION_CONTEXT('2D SPACE',''
  ) );
#687 = ADVANCED_FACE('',(#688),#571,.T.);
#688 = FACE_BOUND('',#689,.T.);
#689 = EDGE_LOOP('',(#690,#691,#706,#851));
#690 = ORIENTED_EDGE('',*,*,#530,.T.);
#691 = ORIENTED_EDGE('',*,*,#692,.T.);
#692 = EDGE_CURVE('',#516,#693,#695,.T.);
#693 = VERTEX_POINT('',#694);
#694 = CARTESIAN_POINT('',(4.018067051824E-02,5.629868110784E-02,0.115)
  );
#695 = SURFACE_CURVE('',#696,(#699),.PCURVE_S1.);
#696 = B_SPLINE_CURVE_WITH_KNOTS('',1,(#697,#698),.UNSPECIFIED.,.F.,.F.,
  (2,2),(0.,1.),.PIECEWISE_BEZIER_KNOTS.);
#697 = CARTESIAN_POINT('',(3.964565245798E-02,5.401131586234E-02,0.115)
  );
#698 = CARTESIAN_POINT('',(4.018067051824E-02,5.629868110784E-02,0.115)
  );
#699 = PCURVE('',#571,#700);
#700 = DEFINITIONAL_REPRESENTATION('',(#701),#705);
#701 = LINE('',#702,#703);
#702 = CARTESIAN_POINT('',(1.,0.));
#703 = VECTOR('',#704,1.);
#704 = DIRECTION('',(0.,1.));
#705 = ( GEOMETRIC_REPRESENTATION_CONTEXT(2) 
PARAMETRIC_REPRESENTATION_CONTEXT() REPRESENTATION_CONTEXT('2D SPACE',''
  ) );
#706 = ORIENTED_EDGE('',*,*,#707,.F.);
#707 = EDGE_CURVE('',#708,#693,#710,.T.);
#708 = VERTEX_POINT('',#709);
#709 = CARTESIAN_POINT('',(6.906831961151E-02,3.687140331007E-03,1.E-02)
  );
#710 = SURFACE_CURVE('',#711,(#740,#747),.PCURVE_S1.);
#711 = B_SPLINE_CURVE_WITH_KNOTS('',7,(#712,#713,#714,#715,#716,#717,
    #718,#719,#720,#721,#722,#723,#724,#725,#726,#727,#728,#729,#730,
    #731,#732,#733,#734,#735,#736,#737,#738,#739),.UNSPECIFIED.,.F.,.F.,
  (8,5,5,5,5,8),(0.,0.191067969612,0.321436860124,0.501570440442,
    0.733917310792,1.),.UNSPECIFIED.);
#712 = CARTESIAN_POINT('',(6.906831961151E-02,3.687140331007E-03,1.E-02)
  );
#713 = CARTESIAN_POINT('',(6.900509027536E-02,4.857721461635E-03,
    1.317113080085E-02));
#714 = CARTESIAN_POINT('',(6.891711580479E-02,6.126609051492E-03,
    1.629986507924E-02));
#715 = CARTESIAN_POINT('',(6.877884060305E-02,7.606644237367E-03,
    1.93622282127E-02));
#716 = CARTESIAN_POINT('',(6.859517501875E-02,9.204681577455E-03,
    2.231631826133E-02));
#717 = CARTESIAN_POINT('',(6.832644393765E-02,1.113930339791E-02,
    2.517270828361E-02));
#718 = CARTESIAN_POINT('',(6.760404317526E-02,1.501520770099E-02,
    2.932043232725E-02));
#719 = CARTESIAN_POINT('',(6.641010372071E-02,1.948328381694E-02,
    3.266296229418E-02));
#720 = CARTESIAN_POINT('',(6.586097095998E-02,2.131260592701E-02,
    3.394269457275E-02));
#721 = CARTESIAN_POINT('',(6.522502428419E-02,2.316124017356E-02,
    3.518779894739E-02));
#722 = CARTESIAN_POINT('',(6.460259645723E-02,2.479991487133E-02,
    3.67232915743E-02));
#723 = CARTESIAN_POINT('',(6.31310864718E-02,2.840277896629E-02,
    4.060632267617E-02));
#724 = CARTESIAN_POINT('',(6.165481761025E-02,3.144568927768E-02,
    4.495925864714E-02));
#725 = CARTESIAN_POINT('',(6.080732819721E-02,3.305758197728E-02,
    4.757589430205E-02));
#726 = CARTESIAN_POINT('',(5.995241477789E-02,3.457454470707E-02,
    5.025191051625E-02));
#727 = CARTESIAN_POINT('',(5.910375618555E-02,3.598614944016E-02,
    5.298072104425E-02));
#728 = CARTESIAN_POINT('',(5.715262798613E-02,3.905041429982E-02,
    5.931131193091E-02));
#729 = CARTESIAN_POINT('',(5.519451987957E-02,4.175327899277E-02,
    6.580309060913E-02));
#730 = CARTESIAN_POINT('',(5.408570532056E-02,4.31875115684E-02,
    6.949358316245E-02));
#731 = CARTESIAN_POINT('',(5.297296802594E-02,4.453967977585E-02,
    7.321312566818E-02));
#732 = CARTESIAN_POINT('',(5.185195379615E-02,4.582651230061E-02,
    7.695299652563E-02));
#733 = CARTESIAN_POINT('',(4.943158252378E-02,4.845329974753E-02,
    8.501475000411E-02));
#734 = CARTESIAN_POINT('',(4.697032011326E-02,5.082637264959E-02,
    9.314282929459E-02));
#735 = CARTESIAN_POINT('',(4.564381531497E-02,5.202849048174E-02,
    9.749659909836E-02));
#736 = CARTESIAN_POINT('',(4.430250104259E-02,5.317372111934E-02,
    0.101861077396));
#737 = CARTESIAN_POINT('',(4.294619117647E-02,5.426419058481E-02,
    0.106234800781));
#738 = CARTESIAN_POINT('',(4.157259185258E-02,5.530529183483E-02,
    0.110614896727));
#739 = CARTESIAN_POINT('',(4.018067051824E-02,5.629868110784E-02,0.115)
  );
#740 = PCURVE('',#571,#741);
#741 = DEFINITIONAL_REPRESENTATION('',(#742),#746);
#742 = LINE('',#743,#744);
#743 = CARTESIAN_POINT('',(0.,1.));
#744 = VECTOR('',#745,1.);
#745 = DIRECTION('',(1.,0.));
#746 = ( GEOMETRIC_REPRESENTATION_CONTEXT(2) 
PARAMETRIC_REPRESENTATION_CONTEXT() REPRESENTATION_CONTEXT('2D SPACE',''
  ) );
#747 = PCURVE('',#748,#845);
#748 = B_SPLINE_SURFACE_WITH_KNOTS('',7,1,(
    (#749,#750)
    ,(#751,#752)
    ,(#753,#754)
    ,(#755,#756)
    ,(#757,#758)
    ,(#759,#760)
    ,(#761,#762)
    ,(#763,#764)
    ,(#765,#766)
    ,(#767,#768)
    ,(#769,#770)
    ,(#771,#772)
    ,(#773,#774)
    ,(#775,#776)
    ,(#777,#778)
    ,(#779,#780)
    ,(#781,#782)
    ,(#783,#784)
    ,(#785,#786)
    ,(#787,#788)
    ,(#789,#790)
    ,(#791,#792)
    ,(#793,#794)
    ,(#795,#796)
    ,(#797,#798)
    ,(#799,#800)
    ,(#801,#802)
    ,(#803,#804)
    ,(#805,#806)
    ,(#807,#808)
    ,(#809,#810)
    ,(#811,#812)
    ,(#813,#814)
    ,(#815,#816)
    ,(#817,#818)
    ,(#819,#820)
    ,(#821,#822)
    ,(#823,#824)
    ,(#825,#826)
    ,(#827,#828)
    ,(#829,#830)
    ,(#831,#832)
    ,(#833,#834)
    ,(#835,#836)
    ,(#837,#838)
    ,(#839,#840)
    ,(#841,#842)
    ,(#843,#844
  )),.UNSPECIFIED.,.F.,.F.,.F.,(8,5,5,5,5,5,5,5,5,8),(2,2),(0.,
    0.191067969612,0.191191984306,0.321436860124,0.322872582938,
    0.501570440442,0.503245705139,0.733917310792,0.734985668074,1.),(0.,
    1.),.UNSPECIFIED.);
#749 = CARTESIAN_POINT('',(6.906831961151E-02,3.687140331007E-03,1.E-02)
  );
#750 = CARTESIAN_POINT('',(7.117487351668E-02,4.752033704535E-03,1.E-02)
  );
#751 = CARTESIAN_POINT('',(6.900509027536E-02,4.857721461635E-03,
    1.317113080085E-02));
#752 = CARTESIAN_POINT('',(7.109313686259E-02,5.963983440374E-03,
    1.3185673339E-02));
#753 = CARTESIAN_POINT('',(6.891711580479E-02,6.126609051492E-03,
    1.629986507924E-02));
#754 = CARTESIAN_POINT('',(7.098461693231E-02,7.277254750728E-03,
    1.632883264298E-02));
#755 = CARTESIAN_POINT('',(6.877884060305E-02,7.606644237367E-03,
    1.93622282127E-02));
#756 = CARTESIAN_POINT('',(7.082004250184E-02,8.808000755712E-03,
    1.939426764263E-02));
#757 = CARTESIAN_POINT('',(6.859517501875E-02,9.204681577455E-03,
    2.231631826133E-02));
#758 = CARTESIAN_POINT('',(7.060877999701E-02,1.045663863031E-02,
    2.235709954259E-02));
#759 = CARTESIAN_POINT('',(6.832644393765E-02,1.113930339791E-02,
    2.517270828361E-02));
#760 = CARTESIAN_POINT('',(7.030191524916E-02,1.245491583831E-02,
    2.520087470834E-02));
#761 = CARTESIAN_POINT('',(6.789675695286E-02,1.344470743403E-02,
    2.763979183449E-02));
#762 = CARTESIAN_POINT('',(6.982849685708E-02,1.481251559855E-02,
    2.765012414676E-02));
#763 = CARTESIAN_POINT('',(6.730024335165E-02,1.595961711948E-02,
    2.982200416351E-02));
#764 = CARTESIAN_POINT('',(6.918570985244E-02,1.737200176887E-02,
    2.981229341352E-02));
#765 = CARTESIAN_POINT('',(6.729985635912E-02,1.596124847759E-02,
    2.982341951306E-02));
#766 = CARTESIAN_POINT('',(6.918529284407E-02,1.737366203788E-02,
    2.981369576139E-02));
#767 = CARTESIAN_POINT('',(6.729946929642E-02,1.596287992371E-02,
    2.982483474284E-02));
#768 = CARTESIAN_POINT('',(6.918487576444E-02,1.737532239174E-02,
    2.981509798854E-02));
#769 = CARTESIAN_POINT('',(6.729908216357E-02,1.596451145777E-02,
    2.982624985292E-02));
#770 = CARTESIAN_POINT('',(6.918445861355E-02,1.737698283041E-02,
    2.981650009499E-02));
#771 = CARTESIAN_POINT('',(6.689203987133E-02,1.767973353219E-02,
    3.131374077139E-02));
#772 = CARTESIAN_POINT('',(6.874585905935E-02,1.912258725859E-02,
    3.12903200614E-02));
#773 = CARTESIAN_POINT('',(6.64074910962E-02,1.949198479328E-02,
    3.266904877343E-02));
#774 = CARTESIAN_POINT('',(6.822850689484E-02,2.096182300281E-02,
    3.263082744514E-02));
#775 = CARTESIAN_POINT('',(6.585855123114E-02,2.131963891364E-02,
    3.394743382E-02));
#776 = CARTESIAN_POINT('',(6.764657489649E-02,2.28138282694E-02,
    3.389568600181E-02));
#777 = CARTESIAN_POINT('',(6.522324802481E-02,2.316591624808E-02,
    3.519218116243E-02));
#778 = CARTESIAN_POINT('',(6.697906420951E-02,2.468363539313E-02,
    3.512320229616E-02));
#779 = CARTESIAN_POINT('',(6.460142101423E-02,2.480279275001E-02,
    3.672639341467E-02));
#780 = CARTESIAN_POINT('',(6.632048915018E-02,2.635914547034E-02,
    3.66277240514E-02));
#781 = CARTESIAN_POINT('',(6.397736940671E-02,2.633063196419E-02,
    3.837322273765E-02));
#782 = CARTESIAN_POINT('',(6.566042009573E-02,2.792262923899E-02,
    3.825671861824E-02));
#783 = CARTESIAN_POINT('',(6.335246190937E-02,2.775776278976E-02,
    4.010456503928E-02));
#784 = CARTESIAN_POINT('',(6.500006063736E-02,2.938428494563E-02,
    3.997292040962E-02));
#785 = CARTESIAN_POINT('',(6.334564840264E-02,2.777331094321E-02,
    4.01234519988E-02));
#786 = CARTESIAN_POINT('',(6.499286064927E-02,2.940020941489E-02,
    3.999164261654E-02));
#787 = CARTESIAN_POINT('',(6.333883480474E-02,2.778884716035E-02,
    4.014234893745E-02));
#788 = CARTESIAN_POINT('',(6.498566061057E-02,2.941612185751E-02,
    4.001037513527E-02));
#789 = CARTESIAN_POINT('',(6.333202112078E-02,2.78043714591E-02,
    4.016125582169E-02));
#790 = CARTESIAN_POINT('',(6.497846051319E-02,2.943202231185E-02,
    4.002911794166E-02));
#791 = CARTESIAN_POINT('',(6.24771291676E-02,2.975064119297E-02,
    4.253465981924E-02));
#792 = CARTESIAN_POINT('',(6.407508882057E-02,3.142548026893E-02,
    4.238198021992E-02));
#793 = CARTESIAN_POINT('',(6.162103914115E-02,3.150986544758E-02,
    4.506357349213E-02));
#794 = CARTESIAN_POINT('',(6.317053859416E-02,3.323140021664E-02,
    4.489614109566E-02));
#795 = CARTESIAN_POINT('',(6.078007481746E-02,3.31059046156E-02,
    4.766122924467E-02));
#796 = CARTESIAN_POINT('',(6.228295459123E-02,3.486953183255E-02,
    4.748586400086E-02));
#797 = CARTESIAN_POINT('',(5.993212187888E-02,3.460828355492E-02,
    5.031716584209E-02));
#798 = CARTESIAN_POINT('',(6.138851534348E-02,3.641214612503E-02,
    5.013564861511E-02));
#799 = CARTESIAN_POINT('',(5.909017349718E-02,3.600747666643E-02,
    5.302479283724E-02));
#800 = CARTESIAN_POINT('',(6.050074731423E-02,3.784913200039E-02,
    5.284105535551E-02));
#801 = CARTESIAN_POINT('',(5.823695617078E-02,3.734689559598E-02,
    5.579333529685E-02));
#802 = CARTESIAN_POINT('',(5.960195424586E-02,3.922396252979E-02,
    5.56094242471E-02));
#803 = CARTESIAN_POINT('',(5.738240413551E-02,3.861720701415E-02,
    5.859270034086E-02));
#804 = CARTESIAN_POINT('',(5.870216853782E-02,4.052777990754E-02,
    5.841047631809E-02));
#805 = CARTESIAN_POINT('',(5.737446713331E-02,3.862899942732E-02,
    5.861870286152E-02));
#806 = CARTESIAN_POINT('',(5.869381144778E-02,4.053988334649E-02,
    5.843649467025E-02));
#807 = CARTESIAN_POINT('',(5.736653001328E-02,3.864078589882E-02,
    5.8644708028E-02));
#808 = CARTESIAN_POINT('',(5.868545427501E-02,4.055198066806E-02,
    5.846251583333E-02));
#809 = CARTESIAN_POINT('',(5.735859277409E-02,3.865256643844E-02,
    5.867071583384E-02));
#810 = CARTESIAN_POINT('',(5.867709702107E-02,4.056407187617E-02,
    5.848853980327E-02));
#811 = CARTESIAN_POINT('',(5.625773947183E-02,4.028561912971E-02,
    6.227817205019E-02));
#812 = CARTESIAN_POINT('',(5.751799644985E-02,4.224018597362E-02,
    6.209826143779E-02));
#813 = CARTESIAN_POINT('',(5.515454401496E-02,4.180494182765E-02,
    6.593615141067E-02));
#814 = CARTESIAN_POINT('',(5.635740062162E-02,4.379884176955E-02,
    6.576182510927E-02));
#815 = CARTESIAN_POINT('',(5.405361055843E-02,4.322648874315E-02,
    6.960086390817E-02));
#816 = CARTESIAN_POINT('',(5.519989638538E-02,4.525664431661E-02,
    6.943394930569E-02));
#817 = CARTESIAN_POINT('',(5.294871872171E-02,4.45675049714E-02,
    7.32940240218E-02));
#818 = CARTESIAN_POINT('',(5.403905104727E-02,4.663094878581E-02,
    7.313667627821E-02));
#819 = CARTESIAN_POINT('',(5.183568318142E-02,4.584416715231E-02,
    7.700718977106E-02));
#820 = CARTESIAN_POINT('',(5.287034920197E-02,4.793850202937E-02,
    7.686053348302E-02));
#821 = CARTESIAN_POINT('',(5.07102912615E-02,4.706506987802E-02,
    8.075552707874E-02));
#822 = CARTESIAN_POINT('',(5.168931717986E-02,4.918817002394E-02,
    8.062084622416E-02));
#823 = CARTESIAN_POINT('',(4.957605992739E-02,4.823112727417E-02,
    8.451820199965E-02));
#824 = CARTESIAN_POINT('',(5.049966084647E-02,5.038083252427E-02,
    8.439644358803E-02));
#825 = CARTESIAN_POINT('',(4.957083075655E-02,4.823650181501E-02,
    8.453554882088E-02));
#826 = CARTESIAN_POINT('',(5.049417616223E-02,5.038632967309E-02,
    8.441385000373E-02));
#827 = CARTESIAN_POINT('',(4.956560139772E-02,4.824187519118E-02,
    8.455289594628E-02));
#828 = CARTESIAN_POINT('',(5.048869129436E-02,5.039182561177E-02,
    8.44312567435E-02));
#829 = CARTESIAN_POINT('',(4.956037185084E-02,4.824724740316E-02,
    8.457024337558E-02));
#830 = CARTESIAN_POINT('',(5.048320624269E-02,5.039732034103E-02,
    8.444866380693E-02));
#831 = CARTESIAN_POINT('',(4.825786568339E-02,4.958494874599E-02,
    8.889083116378E-02));
#832 = CARTESIAN_POINT('',(4.911706565371E-02,5.176552435192E-02,
    8.878410883001E-02));
#833 = CARTESIAN_POINT('',(4.694368726228E-02,5.085049679257E-02,
    9.323023583559E-02));
#834 = CARTESIAN_POINT('',(4.773950328942E-02,5.305879702563E-02,
    9.313958128212E-02));
#835 = CARTESIAN_POINT('',(4.562227164518E-02,5.204687819774E-02,
    9.756669582844E-02));
#836 = CARTESIAN_POINT('',(4.635515196573E-02,5.428018492073E-02,
    9.749306925978E-02));
#837 = CARTESIAN_POINT('',(4.428616291442E-02,5.318685387035E-02,
    0.101913760942));
#838 = CARTESIAN_POINT('',(4.495611795278E-02,5.544287745556E-02,
    0.101857759358));
#839 = CARTESIAN_POINT('',(4.293516051422E-02,5.427255013479E-02,
    0.106269974194));
#840 = CARTESIAN_POINT('',(4.354221613125E-02,5.654898035385E-02,
    0.106232291221));
#841 = CARTESIAN_POINT('',(4.156700310384E-02,5.530928042449E-02,
    0.110632503498));
#842 = CARTESIAN_POINT('',(4.211103639541E-02,5.760400450377E-02,
    0.11061349272));
#843 = CARTESIAN_POINT('',(4.018067051824E-02,5.629868110784E-02,0.115)
  );
#844 = CARTESIAN_POINT('',(4.066151823028E-02,5.860960142889E-02,0.115)
  );
#845 = DEFINITIONAL_REPRESENTATION('',(#846),#850);
#846 = LINE('',#847,#848);
#847 = CARTESIAN_POINT('',(0.,0.));
#848 = VECTOR('',#849,1.);
#849 = DIRECTION('',(1.,0.));
#850 = ( GEOMETRIC_REPRESENTATION_CONTEXT(2) 
PARAMETRIC_REPRESENTATION_CONTEXT() REPRESENTATION_CONTEXT('2D SPACE',''
  ) );
#851 = ORIENTED_EDGE('',*,*,#852,.F.);
#852 = EDGE_CURVE('',#531,#708,#853,.T.);
#853 = SURFACE_CURVE('',#854,(#857),.PCURVE_S1.);
#854 = B_SPLINE_CURVE_WITH_KNOTS('',1,(#855,#856),.UNSPECIFIED.,.F.,.F.,
  (2,2),(0.,1.),.PIECEWISE_BEZIER_KNOTS.);
#855 = CARTESIAN_POINT('',(6.694640714629E-02,2.679285390504E-03,1.E-02)
  );
#856 = CARTESIAN_POINT('',(6.906831961151E-02,3.687140331007E-03,1.E-02)
  );
#857 = PCURVE('',#571,#858);
#858 = DEFINITIONAL_REPRESENTATION('',(#859),#863);
#859 = LINE('',#860,#861);
#860 = CARTESIAN_POINT('',(0.,0.));
#861 = VECTOR('',#862,1.);
#862 = DIRECTION('',(0.,1.));
#863 = ( GEOMETRIC_REPRESENTATION_CONTEXT(2) 
PARAMETRIC_REPRESENTATION_CONTEXT() REPRESENTATION_CONTEXT('2D SPACE',''
  ) );
#864 = ADVANCED_FACE('',(#865),#748,.T.);
#865 = FACE_BOUND('',#866,.T.);
#866 = EDGE_LOOP('',(#867,#868,#883,#1028));
#867 = ORIENTED_EDGE('',*,*,#707,.T.);
#868 = ORIENTED_EDGE('',*,*,#869,.T.);
#869 = EDGE_CURVE('',#693,#870,#872,.T.);
#870 = VERTEX_POINT('',#871);
#871 = CARTESIAN_POINT('',(4.066151823028E-02,5.860960142889E-02,0.115)
  );
#872 = SURFACE_CURVE('',#873,(#876),.PCURVE_S1.);
#873 = B_SPLINE_CURVE_WITH_KNOTS('',1,(#874,#875),.UNSPECIFIED.,.F.,.F.,
  (2,2),(0.,1.),.PIECEWISE_BEZIER_KNOTS.);
#874 = CARTESIAN_POINT('',(4.018067051824E-02,5.629868110784E-02,0.115)
  );
#875 = CARTESIAN_POINT('',(4.066151823028E-02,5.860960142889E-02,0.115)
  );
#876 = PCURVE('',#748,#877);
#877 = DEFINITIONAL_REPRESENTATION('',(#878),#882);
#878 = LINE('',#879,#880);
#879 = CARTESIAN_POINT('',(1.,0.));
#880 = VECTOR('',#881,1.);
#881 = DIRECTION('',(0.,1.));
#882 = ( GEOMETRIC_REPRESENTATION_CONTEXT(2) 
PARAMETRIC_REPRESENTATION_CONTEXT() REPRESENTATION_CONTEXT('2D SPACE',''
  ) );
#883 = ORIENTED_EDGE('',*,*,#884,.F.);
#884 = EDGE_CURVE('',#885,#870,#887,.T.);
#885 = VERTEX_POINT('',#886);
#886 = CARTESIAN_POINT('',(7.117487351668E-02,4.752033704535E-03,1.E-02)
  );
#887 = SURFACE_CURVE('',#888,(#917,#924),.PCURVE_S1.);
#888 = B_SPLINE_CURVE_WITH_KNOTS('',7,(#889,#890,#891,#892,#893,#894,
    #895,#896,#897,#898,#899,#900,#901,#902,#903,#904,#905,#906,#907,
    #908,#909,#910,#911,#912,#913,#914,#915,#916),.UNSPECIFIED.,.F.,.F.,
  (8,5,5,5,5,8),(0.,0.191191984306,0.322872582938,0.503245705139,
    0.734985668074,1.),.UNSPECIFIED.);
#889 = CARTESIAN_POINT('',(7.117487351668E-02,4.752033704535E-03,1.E-02)
  );
#890 = CARTESIAN_POINT('',(7.109308381055E-02,5.964770069215E-03,
    1.318774103409E-02));
#891 = CARTESIAN_POINT('',(7.0984476049E-02,7.278959578781E-03,
    1.633291282689E-02));
#892 = CARTESIAN_POINT('',(7.081972197465E-02,8.810981671426E-03,
    1.940023650376E-02));
#893 = CARTESIAN_POINT('',(7.060823139032E-02,1.046091919185E-02,
    2.23647915132E-02));
#894 = CARTESIAN_POINT('',(7.030091897717E-02,1.246140232707E-02,
    2.521010311901E-02));
#895 = CARTESIAN_POINT('',(6.950052859873E-02,1.644472560235E-02,
    2.934406193654E-02));
#896 = CARTESIAN_POINT('',(6.821710238119E-02,2.100234452484E-02,
    3.266033668012E-02));
#897 = CARTESIAN_POINT('',(6.762730683457E-02,2.287507884968E-02,
    3.39374875535E-02));
#898 = CARTESIAN_POINT('',(6.694956913705E-02,2.476609385298E-02,
    3.517730018218E-02));
#899 = CARTESIAN_POINT('',(6.628420306999E-02,2.645125441455E-02,
    3.671098853214E-02));
#900 = CARTESIAN_POINT('',(6.472072675521E-02,3.013951745402E-02,
    4.058492337292E-02));
#901 = CARTESIAN_POINT('',(6.315371363305E-02,3.32649745562E-02,
    4.494291906432E-02));
#902 = CARTESIAN_POINT('',(6.225799428562E-02,3.491556310317E-02,
    4.755872390688E-02));
#903 = CARTESIAN_POINT('',(6.135497075672E-02,3.646994302607E-02,
    5.023504544935E-02));
#904 = CARTESIAN_POINT('',(6.045913985216E-02,3.791639667852E-02,
    5.296791804796E-02));
#905 = CARTESIAN_POINT('',(5.840528571137E-02,4.10495469524E-02,
    5.929702402022E-02));
#906 = CARTESIAN_POINT('',(5.63467274873E-02,4.38131730387E-02,
    6.579551721083E-02));
#907 = CARTESIAN_POINT('',(5.518381307662E-02,4.527689402275E-02,
    6.948497396746E-02));
#908 = CARTESIAN_POINT('',(5.401754476224E-02,4.665639844769E-02,
    7.32052770469E-02));
#909 = CARTESIAN_POINT('',(5.284328325509E-02,4.79687674409E-02,
    7.694677336998E-02));
#910 = CARTESIAN_POINT('',(5.031129788054E-02,5.064436429044E-02,
    8.500827573507E-02));
#911 = CARTESIAN_POINT('',(4.773950328942E-02,5.305879702563E-02,
    9.313958128212E-02));
#912 = CARTESIAN_POINT('',(4.635515196573E-02,5.428018492073E-02,
    9.749306925978E-02));
#913 = CARTESIAN_POINT('',(4.495611795278E-02,5.544287745556E-02,
    0.101857759358));
#914 = CARTESIAN_POINT('',(4.354221613125E-02,5.654898035385E-02,
    0.106232291221));
#915 = CARTESIAN_POINT('',(4.211103639541E-02,5.760400450377E-02,
    0.11061349272));
#916 = CARTESIAN_POINT('',(4.066151823028E-02,5.860960142889E-02,0.115)
  );
#917 = PCURVE('',#748,#918);
#918 = DEFINITIONAL_REPRESENTATION('',(#919),#923);
#919 = LINE('',#920,#921);
#920 = CARTESIAN_POINT('',(0.,1.));
#921 = VECTOR('',#922,1.);
#922 = DIRECTION('',(1.,0.));
#923 = ( GEOMETRIC_REPRESENTATION_CONTEXT(2) 
PARAMETRIC_REPRESENTATION_CONTEXT() REPRESENTATION_CONTEXT('2D SPACE',''
  ) );
#924 = PCURVE('',#925,#1022);
#925 = B_SPLINE_SURFACE_WITH_KNOTS('',7,1,(
    (#926,#927)
    ,(#928,#929)
    ,(#930,#931)
    ,(#932,#933)
    ,(#934,#935)
    ,(#936,#937)
    ,(#938,#939)
    ,(#940,#941)
    ,(#942,#943)
    ,(#944,#945)
    ,(#946,#947)
    ,(#948,#949)
    ,(#950,#951)
    ,(#952,#953)
    ,(#954,#955)
    ,(#956,#957)
    ,(#958,#959)
    ,(#960,#961)
    ,(#962,#963)
    ,(#964,#965)
    ,(#966,#967)
    ,(#968,#969)
    ,(#970,#971)
    ,(#972,#973)
    ,(#974,#975)
    ,(#976,#977)
    ,(#978,#979)
    ,(#980,#981)
    ,(#982,#983)
    ,(#984,#985)
    ,(#986,#987)
    ,(#988,#989)
    ,(#990,#991)
    ,(#992,#993)
    ,(#994,#995)
    ,(#996,#997)
    ,(#998,#999)
    ,(#1000,#1001)
    ,(#1002,#1003)
    ,(#1004,#1005)
    ,(#1006,#1007)
    ,(#1008,#1009)
    ,(#1010,#1011)
    ,(#1012,#1013)
    ,(#1014,#1015)
    ,(#1016,#1017)
    ,(#1018,#1019)
    ,(#1020,#1021
    )),.UNSPECIFIED.,.F.,.F.,.F.,(8,5,5,5,5,5,5,5,5,8),(2,2),(0.,
    0.191191984306,0.191794878886,0.322872582938,0.326382547497,
    0.503245705139,0.507528866754,0.734985668074,0.737793238081,1.),(0.,
    1.),.UNSPECIFIED.);
#926 = CARTESIAN_POINT('',(7.117487351668E-02,4.752033704535E-03,1.E-02)
  );
#927 = CARTESIAN_POINT('',(7.326492541324E-02,5.873730006734E-03,1.E-02)
  );
#928 = CARTESIAN_POINT('',(7.109308381055E-02,5.964770069215E-03,
    1.318774103409E-02));
#929 = CARTESIAN_POINT('',(7.31628666775E-02,7.136124131595E-03,
    1.319521045484E-02));
#930 = CARTESIAN_POINT('',(7.0984476049E-02,7.278959578781E-03,
    1.633291282689E-02));
#931 = CARTESIAN_POINT('',(7.303111849233E-02,8.504896185186E-03,
    1.634811126162E-02));
#932 = CARTESIAN_POINT('',(7.081972197465E-02,8.810981671426E-03,
    1.940023650376E-02));
#933 = CARTESIAN_POINT('',(7.283798820903E-02,1.008894198257E-02,
    1.940955001255E-02));
#934 = CARTESIAN_POINT('',(7.060823139032E-02,1.046091919185E-02,
    2.23647915132E-02));
#935 = CARTESIAN_POINT('',(7.259603294092E-02,1.179647817333E-02,
    2.238106110535E-02));
#936 = CARTESIAN_POINT('',(7.030091897717E-02,1.246140232707E-02,
    2.521010311901E-02));
#937 = CARTESIAN_POINT('',(7.22477358499E-02,1.385140057013E-02,
    2.520287982757E-02));
#938 = CARTESIAN_POINT('',(6.982546586096E-02,1.482760201548E-02,
    2.766578431533E-02));
#939 = CARTESIAN_POINT('',(7.173284677964E-02,1.624013712178E-02,
    2.766213370496E-02));
#940 = CARTESIAN_POINT('',(6.917956508906E-02,1.739645198121E-02,
    2.983293136525E-02));
#941 = CARTESIAN_POINT('',(7.105057693722E-02,1.881675158883E-02,
    2.985014942972E-02));
#942 = CARTESIAN_POINT('',(6.917753305961E-02,1.740452898661E-02,
    2.983974080415E-02));
#943 = CARTESIAN_POINT('',(7.104843061291E-02,1.882485285891E-02,
    2.985702463616E-02));
#944 = CARTESIAN_POINT('',(6.917549934861E-02,1.741260797882E-02,
    2.984654740361E-02));
#945 = CARTESIAN_POINT('',(7.10462826346E-02,1.883295597668E-02,
    2.98638971688E-02));
#946 = CARTESIAN_POINT('',(6.917346395736E-02,1.742068895008E-02,
    2.985335116946E-02));
#947 = CARTESIAN_POINT('',(7.104413300226E-02,1.884106093775E-02,
    2.987076703086E-02));
#948 = CARTESIAN_POINT('',(6.872853936815E-02,1.918611653004E-02,
    3.133877104016E-02));
#949 = CARTESIAN_POINT('',(7.057426200015E-02,2.061169929621E-02,
    3.137065829638E-02));
#950 = CARTESIAN_POINT('',(6.820358226087E-02,2.104521935449E-02,
    3.268956610179E-02));
#951 = CARTESIAN_POINT('',(7.002548390063E-02,2.246984952795E-02,
    3.274346260333E-02));
#952 = CARTESIAN_POINT('',(6.76148964036E-02,2.290968474732E-02,
    3.396023018006E-02));
#953 = CARTESIAN_POINT('',(6.941456094379E-02,2.433220388943E-02,
    3.404177165368E-02));
#954 = CARTESIAN_POINT('',(6.694043043002E-02,2.478923208615E-02,
    3.519837233483E-02));
#955 = CARTESIAN_POINT('',(6.872104689122E-02,2.620955174359E-02,
    3.530121421008E-02));
#956 = CARTESIAN_POINT('',(6.627816171626E-02,2.646550392267E-02,
    3.672595939183E-02));
#957 = CARTESIAN_POINT('',(6.802955999151E-02,2.791508229985E-02,
    3.68025360753E-02));
#958 = CARTESIAN_POINT('',(6.56038369518E-02,2.805576978471E-02,
    3.839717717362E-02));
#959 = CARTESIAN_POINT('',(6.732455379445E-02,2.953517398723E-02,
    3.846126305988E-02));
#960 = CARTESIAN_POINT('',(6.49288542823E-02,2.954134437391E-02,
    4.015843833132E-02));
#961 = CARTESIAN_POINT('',(6.661875384048E-02,3.105146601983E-02,
    4.020934723424E-02));
#962 = CARTESIAN_POINT('',(6.491125077997E-02,2.958001628788E-02,
    4.020443171453E-02));
#963 = CARTESIAN_POINT('',(6.660034635909E-02,3.109093995761E-02,
    4.025499641718E-02));
#964 = CARTESIAN_POINT('',(6.489364699153E-02,2.9618617474E-02,
    4.025048538657E-02));
#965 = CARTESIAN_POINT('',(6.658193811767E-02,3.113034441261E-02,
    4.0300705297E-02));
#966 = CARTESIAN_POINT('',(6.487604299167E-02,2.965714817613E-02,
    4.029659887724E-02));
#967 = CARTESIAN_POINT('',(6.656352900065E-02,3.116967992744E-02,
    4.034647341752E-02));
#968 = CARTESIAN_POINT('',(6.397138606343E-02,3.163358814011E-02,
    4.266936924139E-02));
#969 = CARTESIAN_POINT('',(6.561745417608E-02,3.318757206797E-02,
    4.270146974651E-02));
#970 = CARTESIAN_POINT('',(6.306653592585E-02,3.342520726541E-02,
    4.519765874148E-02));
#971 = CARTESIAN_POINT('',(6.466844196975E-02,3.502614527739E-02,
    4.521103570628E-02));
#972 = CARTESIAN_POINT('',(6.21877209049E-02,3.50363084646E-02,
    4.776717097277E-02));
#973 = CARTESIAN_POINT('',(6.374604452616E-02,3.668167281476E-02,
    4.776772583343E-02));
#974 = CARTESIAN_POINT('',(6.13026700824E-02,3.655429934272E-02,
    5.039462844239E-02));
#975 = CARTESIAN_POINT('',(6.281645790114E-02,3.824322970361E-02,
    5.038264973345E-02));
#976 = CARTESIAN_POINT('',(6.042415418527E-02,3.796973991597E-02,
    5.307574024685E-02));
#977 = CARTESIAN_POINT('',(6.189218888406E-02,3.970235143781E-02,
    5.305415376789E-02));
#978 = CARTESIAN_POINT('',(5.952135495643E-02,3.934554803799E-02,
    5.585836381975E-02));
#979 = CARTESIAN_POINT('',(6.094275172469E-02,4.111977245724E-02,
    5.582916110198E-02));
#980 = CARTESIAN_POINT('',(5.861764685874E-02,4.064996094753E-02,
    5.867371444232E-02));
#981 = CARTESIAN_POINT('',(5.999170166448E-02,4.246467616153E-02,
    5.863837893893E-02));
#982 = CARTESIAN_POINT('',(5.859627836333E-02,4.068076373258E-02,
    5.874030091892E-02));
#983 = CARTESIAN_POINT('',(5.996921342715E-02,4.249643563345E-02,
    5.870482127751E-02));
#984 = CARTESIAN_POINT('',(5.857490931179E-02,4.071152693487E-02,
    5.880690546236E-02));
#985 = CARTESIAN_POINT('',(5.994672432483E-02,4.25281547284E-02,
    5.877128259703E-02));
#986 = CARTESIAN_POINT('',(5.855353968112E-02,4.074225071717E-02,
    5.887352796002E-02));
#987 = CARTESIAN_POINT('',(5.992423438086E-02,4.255983351782E-02,
    5.883776283203E-02));
#988 = CARTESIAN_POINT('',(5.739730574404E-02,4.240243326759E-02,
    6.247909588008E-02));
#989 = CARTESIAN_POINT('',(5.870737449561E-02,4.427163344186E-02,
    6.243568839927E-02));
#990 = CARTESIAN_POINT('',(5.623924721626E-02,4.394815341093E-02,
    6.613657611064E-02));
#991 = CARTESIAN_POINT('',(5.74882208351E-02,4.586578969354E-02,
    6.608864862426E-02));
#992 = CARTESIAN_POINT('',(5.509757394483E-02,4.537874391708E-02,
    6.976006114565E-02));
#993 = CARTESIAN_POINT('',(5.628586782508E-02,4.734146997356E-02,
    6.970935977437E-02));
#994 = CARTESIAN_POINT('',(5.395242736202E-02,4.672910077112E-02,
    7.341275472158E-02));
#995 = CARTESIAN_POINT('',(5.507977765838E-02,4.873398957169E-02,
    7.33615414148E-02));
#996 = CARTESIAN_POINT('',(5.279961725051E-02,4.801488759068E-02,
    7.708579584764E-02));
#997 = CARTESIAN_POINT('',(5.386565134288E-02,5.005921055355E-02,
    7.703528964593E-02));
#998 = CARTESIAN_POINT('',(5.162578732289E-02,4.925408394138E-02,
    8.082288555373E-02));
#999 = CARTESIAN_POINT('',(5.262931713753E-02,5.13359504568E-02,
    8.077436396941E-02));
#1000 = CARTESIAN_POINT('',(5.044340369832E-02,5.043716467661E-02,
    8.457497367768E-02));
#1001 = CARTESIAN_POINT('',(5.13841079346E-02,5.255400782766E-02,
    8.45295248938E-02));
#1002 = CARTESIAN_POINT('',(5.042898584521E-02,5.045158142333E-02,
    8.462072440434E-02));
#1003 = CARTESIAN_POINT('',(5.136892401161E-02,5.256885065996E-02,
    8.45753132459E-02));
#1004 = CARTESIAN_POINT('',(5.041456671809E-02,5.046598984581E-02,
    8.466647735035E-02));
#1005 = CARTESIAN_POINT('',(5.135373876343E-02,5.258368479386E-02,
    8.462110397427E-02));
#1006 = CARTESIAN_POINT('',(5.040014631576E-02,5.048038995314E-02,
    8.471223251054E-02));
#1007 = CARTESIAN_POINT('',(5.133855218706E-02,5.259851024229E-02,
    8.466689707119E-02));
#1008 = CARTESIAN_POINT('',(4.903884399506E-02,5.183887205393E-02,
    8.90313976945E-02));
#1009 = CARTESIAN_POINT('',(4.990492339953E-02,5.399710688618E-02,
    8.898965753933E-02));
#1010 = CARTESIAN_POINT('',(4.766615750508E-02,5.312342828019E-02,
    9.337019876792E-02));
#1011 = CARTESIAN_POINT('',(4.845940567351E-02,5.531854898763E-02,
    9.333338307145E-02));
#1012 = CARTESIAN_POINT('',(4.629585630435E-02,5.432941724168E-02,
    9.767803451828E-02));
#1013 = CARTESIAN_POINT('',(4.701664501706E-02,5.65578803893E-02,
    9.764728470626E-02));
#1014 = CARTESIAN_POINT('',(4.491117537552E-02,5.547801452395E-02,
    0.101996793379));
#1015 = CARTESIAN_POINT('',(4.555899088042E-02,5.773696365126E-02,
    0.101972781177));
#1016 = CARTESIAN_POINT('',(4.351189014853E-02,5.657132872322E-02,
    0.106325120984));
#1017 = CARTESIAN_POINT('',(4.408630982002E-02,5.885786378139E-02,
    0.10630868067));
#1018 = CARTESIAN_POINT('',(4.209568015526E-02,5.761465782861E-02,
    0.110659963513));
#1019 = CARTESIAN_POINT('',(4.259620813449E-02,5.992601383283E-02,
    0.11065152955));
#1020 = CARTESIAN_POINT('',(4.066151823028E-02,5.860960142889E-02,0.115)
  );
#1021 = CARTESIAN_POINT('',(4.108766679032E-02,6.094303600682E-02,0.115)
  );
#1022 = DEFINITIONAL_REPRESENTATION('',(#1023),#1027);
#1023 = LINE('',#1024,#1025);
#1024 = CARTESIAN_POINT('',(0.,0.));
#1025 = VECTOR('',#1026,1.);
#1026 = DIRECTION('',(1.,0.));
#1027 = ( GEOMETRIC_REPRESENTATION_CONTEXT(2) 
PARAMETRIC_REPRESENTATION_CONTEXT() REPRESENTATION_CONTEXT('2D SPACE',''
  ) );
#1028 = ORIENTED_EDGE('',*,*,#1029,.F.);
#1029 = EDGE_CURVE('',#708,#885,#1030,.T.);
#1030 = SURFACE_CURVE('',#1031,(#1034),.PCURVE_S1.);
#1031 = B_SPLINE_CURVE_WITH_KNOTS('',1,(#1032,#1033),.UNSPECIFIED.,.F.,
  .F.,(2,2),(0.,1.),.PIECEWISE_BEZIER_KNOTS.);
#1032 = CARTESIAN_POINT('',(6.906831961151E-02,3.687140331007E-03,1.E-02
    ));
#1033 = CARTESIAN_POINT('',(7.117487351668E-02,4.752033704535E-03,1.E-02
    ));
#1034 = PCURVE('',#748,#1035);
#1035 = DEFINITIONAL_REPRESENTATION('',(#1036),#1040);
#1036 = LINE('',#1037,#1038);
#1037 = CARTESIAN_POINT('',(0.,0.));
#1038 = VECTOR('',#1039,1.);
#1039 = DIRECTION('',(0.,1.));
#1040 = ( GEOMETRIC_REPRESENTATION_CONTEXT(2) 
PARAMETRIC_REPRESENTATION_CONTEXT() REPRESENTATION_CONTEXT('2D SPACE',''
  ) );
#1041 = ADVANCED_FACE('',(#1042),#925,.T.);
#1042 = FACE_BOUND('',#1043,.T.);
#1043 = EDGE_LOOP('',(#1044,#1045,#1060,#1205));
#1044 = ORIENTED_EDGE('',*,*,#884,.T.);
#1045 = ORIENTED_EDGE('',*,*,#1046,.T.);
#1046 = EDGE_CURVE('',#870,#1047,#1049,.T.);
#1047 = VERTEX_POINT('',#1048);
#1048 = CARTESIAN_POINT('',(4.108766679032E-02,6.094303600682E-02,0.115)
  );
#1049 = SURFACE_CURVE('',#1050,(#1053),.PCURVE_S1.);
#1050 = B_SPLINE_CURVE_WITH_KNOTS('',1,(#1051,#1052),.UNSPECIFIED.,.F.,
  .F.,(2,2),(0.,1.),.PIECEWISE_BEZIER_KNOTS.);
#1051 = CARTESIAN_POINT('',(4.066151823028E-02,5.860960142889E-02,0.115)
  );
#1052 = CARTESIAN_POINT('',(4.108766679032E-02,6.094303600682E-02,0.115)
  );
#1053 = PCURVE('',#925,#1054);
#1054 = DEFINITIONAL_REPRESENTATION('',(#1055),#1059);
#1055 = LINE('',#1056,#1057);
#1056 = CARTESIAN_POINT('',(1.,0.));
#1057 = VECTOR('',#1058,1.);
#1058 = DIRECTION('',(0.,1.));
#1059 = ( GEOMETRIC_REPRESENTATION_CONTEXT(2) 
PARAMETRIC_REPRESENTATION_CONTEXT() REPRESENTATION_CONTEXT('2D SPACE',''
  ) );
#1060 = ORIENTED_EDGE('',*,*,#1061,.F.);
#1061 = EDGE_CURVE('',#1062,#1047,#1064,.T.);
#1062 = VERTEX_POINT('',#1063);
#1063 = CARTESIAN_POINT('',(7.326492541324E-02,5.873730006734E-03,1.E-02
    ));
#1064 = SURFACE_CURVE('',#1065,(#1094,#1101),.PCURVE_S1.);
#1065 = B_SPLINE_CURVE_WITH_KNOTS('',7,(#1066,#1067,#1068,#1069,#1070,
    #1071,#1072,#1073,#1074,#1075,#1076,#1077,#1078,#1079,#1080,#1081,
    #1082,#1083,#1084,#1085,#1086,#1087,#1088,#1089,#1090,#1091,#1092,
    #1093),.UNSPECIFIED.,.F.,.F.,(8,5,5,5,5,8),(0.,0.191794878886,
    0.326382547497,0.507528866754,0.737793238081,1.),.UNSPECIFIED.);
#1066 = CARTESIAN_POINT('',(7.326492541324E-02,5.873730006734E-03,1.E-02
    ));
#1067 = CARTESIAN_POINT('',(7.316254485095E-02,7.140104897724E-03,
    1.320528606063E-02));
#1068 = CARTESIAN_POINT('',(7.303028730175E-02,8.513529668165E-03,
    1.636799521852E-02));
#1069 = CARTESIAN_POINT('',(7.283615935684E-02,1.01039335437E-02,
    1.943850861437E-02));
#1070 = CARTESIAN_POINT('',(7.259297815431E-02,1.181802334269E-02,
    2.241853655705E-02));
#1071 = CARTESIAN_POINT('',(7.224223375052E-02,1.388383459517E-02,
    2.524735578532E-02));
#1072 = CARTESIAN_POINT('',(7.13615827938E-02,1.795759126536E-02,
    2.942233067459E-02));
#1073 = CARTESIAN_POINT('',(6.999617232522E-02,2.25689702074E-02,
    3.281655688565E-02));
#1074 = CARTESIAN_POINT('',(6.936534470965E-02,2.448183873055E-02,
    3.414592337566E-02));
#1075 = CARTESIAN_POINT('',(6.864640721391E-02,2.64107009884E-02,
    3.543594933117E-02));
#1076 = CARTESIAN_POINT('',(6.793700876119E-02,2.814216519061E-02,
    3.700533504624E-02));
#1077 = CARTESIAN_POINT('',(6.628468935579E-02,3.19024867498E-02,
    4.093101513673E-02));
#1078 = CARTESIAN_POINT('',(6.462336959995E-02,3.511336211962E-02,
    4.533030776831E-02));
#1079 = CARTESIAN_POINT('',(6.36790448795E-02,3.680169166128E-02,
    4.795364289954E-02));
#1080 = CARTESIAN_POINT('',(6.272638312702E-02,3.839416931127E-02,
    5.063615889618E-02));
#1081 = CARTESIAN_POINT('',(6.178030504328E-02,3.9878429865E-02,
    5.337796951755E-02));
#1082 = CARTESIAN_POINT('',(5.962310719436E-02,4.307680528867E-02,
    5.969084211352E-02));
#1083 = CARTESIAN_POINT('',(5.745867998062E-02,4.59043993873E-02,
    6.617716920062E-02));
#1084 = CARTESIAN_POINT('',(5.624134214738E-02,4.739607367579E-02,
    6.984345055043E-02));
#1085 = CARTESIAN_POINT('',(5.50202256738E-02,4.880266680357E-02,
    7.354189020837E-02));
#1086 = CARTESIAN_POINT('',(5.379070732495E-02,5.014089639135E-02,
    7.726205339948E-02));
#1087 = CARTESIAN_POINT('',(5.114558399258E-02,5.286293806088E-02,
    8.526151986401E-02));
#1088 = CARTESIAN_POINT('',(4.845940567351E-02,5.531854898763E-02,
    9.333338307145E-02));
#1089 = CARTESIAN_POINT('',(4.701664501706E-02,5.65578803893E-02,
    9.764728470626E-02));
#1090 = CARTESIAN_POINT('',(4.555899088042E-02,5.773696365126E-02,
    0.101972781177));
#1091 = CARTESIAN_POINT('',(4.408630982002E-02,5.885786378139E-02,
    0.10630868067));
#1092 = CARTESIAN_POINT('',(4.259620813449E-02,5.992601383283E-02,
    0.11065152955));
#1093 = CARTESIAN_POINT('',(4.108766679032E-02,6.094303600682E-02,0.115)
  );
#1094 = PCURVE('',#925,#1095);
#1095 = DEFINITIONAL_REPRESENTATION('',(#1096),#1100);
#1096 = LINE('',#1097,#1098);
#1097 = CARTESIAN_POINT('',(0.,1.));
#1098 = VECTOR('',#1099,1.);
#1099 = DIRECTION('',(1.,0.));
#1100 = ( GEOMETRIC_REPRESENTATION_CONTEXT(2) 
PARAMETRIC_REPRESENTATION_CONTEXT() REPRESENTATION_CONTEXT('2D SPACE',''
  ) );
#1101 = PCURVE('',#1102,#1199);
#1102 = B_SPLINE_SURFACE_WITH_KNOTS('',7,1,(
    (#1103,#1104)
    ,(#1105,#1106)
    ,(#1107,#1108)
    ,(#1109,#1110)
    ,(#1111,#1112)
    ,(#1113,#1114)
    ,(#1115,#1116)
    ,(#1117,#1118)
    ,(#1119,#1120)
    ,(#1121,#1122)
    ,(#1123,#1124)
    ,(#1125,#1126)
    ,(#1127,#1128)
    ,(#1129,#1130)
    ,(#1131,#1132)
    ,(#1133,#1134)
    ,(#1135,#1136)
    ,(#1137,#1138)
    ,(#1139,#1140)
    ,(#1141,#1142)
    ,(#1143,#1144)
    ,(#1145,#1146)
    ,(#1147,#1148)
    ,(#1149,#1150)
    ,(#1151,#1152)
    ,(#1153,#1154)
    ,(#1155,#1156)
    ,(#1157,#1158)
    ,(#1159,#1160)
    ,(#1161,#1162)
    ,(#1163,#1164)
    ,(#1165,#1166)
    ,(#1167,#1168)
    ,(#1169,#1170)
    ,(#1171,#1172)
    ,(#1173,#1174)
    ,(#1175,#1176)
    ,(#1177,#1178)
    ,(#1179,#1180)
    ,(#1181,#1182)
    ,(#1183,#1184)
    ,(#1185,#1186)
    ,(#1187,#1188)
    ,(#1189,#1190)
    ,(#1191,#1192)
    ,(#1193,#1194)
    ,(#1195,#1196)
    ,(#1197,#1198
    )),.UNSPECIFIED.,.F.,.F.,.F.,(8,5,5,5,5,5,5,5,5,8),(2,2),(0.,
    0.191794878886,0.192409646386,0.326382547497,0.329880648809,
    0.507528866754,0.511789421413,0.737793238081,0.740581213724,1.),(0.,
    1.),.UNSPECIFIED.);
#1103 = CARTESIAN_POINT('',(7.326492541324E-02,5.873730006734E-03,1.E-02
    ));
#1104 = CARTESIAN_POINT('',(7.533733547051E-02,7.051973386767E-03,1.E-02
    ));
#1105 = CARTESIAN_POINT('',(7.316254485095E-02,7.140104897724E-03,
    1.320528606063E-02));
#1106 = CARTESIAN_POINT('',(7.521321689695E-02,8.368861384619E-03,
    1.32124358233E-02));
#1107 = CARTESIAN_POINT('',(7.303028730175E-02,8.513529668165E-03,
    1.636799521852E-02));
#1108 = CARTESIAN_POINT('',(7.50559622588E-02,9.79767783916E-03,
    1.638120513509E-02));
#1109 = CARTESIAN_POINT('',(7.283615935684E-02,1.01039335437E-02,
    1.943850861437E-02));
#1110 = CARTESIAN_POINT('',(7.483219432029E-02,1.143944545767E-02,
    1.944740999534E-02));
#1111 = CARTESIAN_POINT('',(7.259297815431E-02,1.181802334269E-02,
    2.241853655705E-02));
#1112 = CARTESIAN_POINT('',(7.455618221568E-02,1.321176388102E-02,
    2.24311019686E-02));
#1113 = CARTESIAN_POINT('',(7.224223375052E-02,1.388383459517E-02,
    2.524735578532E-02));
#1114 = CARTESIAN_POINT('',(7.416358695849E-02,1.532753910335E-02,
    2.523929479935E-02));
#1115 = CARTESIAN_POINT('',(7.172307076074E-02,1.628540320349E-02,
    2.770859474639E-02));
#1116 = CARTESIAN_POINT('',(7.360456376993E-02,1.774992446105E-02,
    2.770629802252E-02));
#1117 = CARTESIAN_POINT('',(7.103543637804E-02,1.887381491811E-02,
    2.98984954168E-02));
#1118 = CARTESIAN_POINT('',(7.28801731726E-02,2.034525130812E-02,
    2.991827536078E-02));
#1119 = CARTESIAN_POINT('',(7.103323760096E-02,1.888208704461E-02,
    2.990548959801E-02));
#1120 = CARTESIAN_POINT('',(7.287785698615E-02,2.035354539068E-02,
    2.992534024281E-02));
#1121 = CARTESIAN_POINT('',(7.103103710679E-02,1.88903610633E-02,
    2.991248102111E-02));
#1122 = CARTESIAN_POINT('',(7.287553911155E-02,2.036184123037E-02,
    2.99324025277E-02));
#1123 = CARTESIAN_POINT('',(7.102883489689E-02,1.889863696662E-02,
    2.991946969205E-02));
#1124 = CARTESIAN_POINT('',(7.287321954882E-02,2.037013882297E-02,
    2.993946221866E-02));
#1125 = CARTESIAN_POINT('',(7.054634187583E-02,2.071084591626E-02,
    3.144885976949E-02));
#1126 = CARTESIAN_POINT('',(7.236504086659E-02,2.218706798425E-02,
    3.148443437647E-02));
#1127 = CARTESIAN_POINT('',(6.998174661042E-02,2.261266120003E-02,
    3.284691027995E-02));
#1128 = CARTESIAN_POINT('',(7.177595638464E-02,2.408760717358E-02,
    3.290539636262E-02));
#1129 = CARTESIAN_POINT('',(6.93522100952E-02,2.451705655536E-02,
    3.416952852492E-02));
#1130 = CARTESIAN_POINT('',(7.112352246856E-02,2.598969052113E-02,
    3.425608123492E-02));
#1131 = CARTESIAN_POINT('',(6.863668639205E-02,2.643441981171E-02,
    3.545746168832E-02));
#1132 = CARTESIAN_POINT('',(7.038812409614E-02,2.79045635867E-02,
    3.556668975835E-02));
#1133 = CARTESIAN_POINT('',(6.793057424545E-02,2.815680659588E-02,
    3.702062427129E-02));
#1134 = CARTESIAN_POINT('',(6.965238783928E-02,2.965401383988E-02,
    3.710720871336E-02));
#1135 = CARTESIAN_POINT('',(6.721114452663E-02,2.979358984838E-02,
    3.87302721715E-02));
#1136 = CARTESIAN_POINT('',(6.890153605389E-02,3.131930488964E-02,
    3.880550336155E-02));
#1137 = CARTESIAN_POINT('',(6.649000857242E-02,3.132621220782E-02,
    4.052970485171E-02));
#1138 = CARTESIAN_POINT('',(6.814877384062E-02,3.288147084644E-02,
    4.059284588043E-02));
#1139 = CARTESIAN_POINT('',(6.647165745261E-02,3.136514422442E-02,
    4.057555112999E-02));
#1140 = CARTESIAN_POINT('',(6.812961763533E-02,3.292115561758E-02,
    4.063838390765E-02));
#1141 = CARTESIAN_POINT('',(6.645330539377E-02,3.140400918974E-02,
    4.062145473178E-02));
#1142 = CARTESIAN_POINT('',(6.811045998163E-02,3.29607746279E-02,
    4.068397856581E-02));
#1143 = CARTESIAN_POINT('',(6.643495247289E-02,3.144280730664E-02,
    4.066741525434E-02));
#1144 = CARTESIAN_POINT('',(6.809130076761E-02,3.300032837401E-02,
    4.072962940617E-02));
#1145 = CARTESIAN_POINT('',(6.548452061115E-02,3.344848511041E-02,
    4.30503702385E-02));
#1146 = CARTESIAN_POINT('',(6.709906976766E-02,3.504523232889E-02,
    4.309650966415E-02));
#1147 = CARTESIAN_POINT('',(6.453216069158E-02,3.527601976507E-02,
    4.558382347249E-02));
#1148 = CARTESIAN_POINT('',(6.610203297504E-02,3.69176941297E-02,
    4.561207269186E-02));
#1149 = CARTESIAN_POINT('',(6.360547223101E-02,3.692445926006E-02,
    4.81609823139E-02));
#1150 = CARTESIAN_POINT('',(6.51310408612E-02,3.860915309073E-02,
    4.817650573237E-02));
#1151 = CARTESIAN_POINT('',(6.267157004878E-02,3.848007161E-02,
    5.079504175482E-02));
#1152 = CARTESIAN_POINT('',(6.415175172468E-02,4.020712977573E-02,
    5.079817623423E-02));
#1153 = CARTESIAN_POINT('',(6.174362051217E-02,3.993279270676E-02,
    5.348533496998E-02));
#1154 = CARTESIAN_POINT('',(6.317703097012E-02,4.170260694188E-02,
    5.347840530872E-02));
#1155 = CARTESIAN_POINT('',(6.07897697647E-02,4.134558792016E-02,
    5.627727795199E-02));
#1156 = CARTESIAN_POINT('',(6.217540675379E-02,4.315623234192E-02,
    5.626236785924E-02));
#1157 = CARTESIAN_POINT('',(5.983450564588E-02,4.268589381892E-02,
    5.910313201941E-02));
#1158 = CARTESIAN_POINT('',(6.117155704404E-02,4.453636964033E-02,
    5.908156344322E-02));
#1159 = CARTESIAN_POINT('',(5.981213124259E-02,4.271724602898E-02,
    5.916933590963E-02));
#1160 = CARTESIAN_POINT('',(6.114804429499E-02,4.45686541292E-02,
    5.914761215643E-02));
#1161 = CARTESIAN_POINT('',(5.978975601835E-02,4.274855879166E-02,
    5.923555817053E-02));
#1162 = CARTESIAN_POINT('',(6.112453036468E-02,4.460089845882E-02,
    5.921368006616E-02));
#1163 = CARTESIAN_POINT('',(5.976737995135E-02,4.277983226233E-02,
    5.930179868885E-02));
#1164 = CARTESIAN_POINT('',(6.110101527775E-02,4.463310269515E-02,
    5.927976711473E-02));
#1165 = CARTESIAN_POINT('',(5.855800456413E-02,4.446791148493E-02,
    6.288279009725E-02));
#1166 = CARTESIAN_POINT('',(5.983006654637E-02,4.637143729367E-02,
    6.285251500958E-02));
#1167 = CARTESIAN_POINT('',(5.734604545885E-02,4.604211052932E-02,
    6.651646251019E-02));
#1168 = CARTESIAN_POINT('',(5.855591556762E-02,4.79929777174E-02,
    6.648087907905E-02));
#1169 = CARTESIAN_POINT('',(5.615094821773E-02,4.750003743167E-02,
    7.011722231426E-02));
#1170 = CARTESIAN_POINT('',(5.729895570228E-02,4.949505425751E-02,
    7.007801086521E-02));
#1171 = CARTESIAN_POINT('',(5.495196930489E-02,4.887688290554E-02,
    7.374841209757E-02));
#1172 = CARTESIAN_POINT('',(5.603775881904E-02,5.091323376678E-02,
    7.370774021024E-02));
#1173 = CARTESIAN_POINT('',(5.374493632067E-02,5.018797528089E-02,
    7.740047165822E-02));
#1174 = CARTESIAN_POINT('',(5.476807748491E-02,5.226297176243E-02,
    7.73595914103E-02));
#1175 = CARTESIAN_POINT('',(5.251590231233E-02,5.145150807849E-02,
    8.111714751177E-02));
#1176 = CARTESIAN_POINT('',(5.347513902706E-02,5.356327480612E-02,
    8.107727874131E-02));
#1177 = CARTESIAN_POINT('',(5.127800725294E-02,5.265753613418E-02,
    8.484944902462E-02));
#1178 = CARTESIAN_POINT('',(5.21729851828E-02,5.480350703537E-02,
    8.481168960074E-02));
#1179 = CARTESIAN_POINT('',(5.126292138587E-02,5.26722238344E-02,
    8.489493184229E-02));
#1180 = CARTESIAN_POINT('',(5.215711622666E-02,5.481861115808E-02,
    8.485719828247E-02));
#1181 = CARTESIAN_POINT('',(5.124783420079E-02,5.268690301359E-02,
    8.49404169698E-02));
#1182 = CARTESIAN_POINT('',(5.214124589647E-02,5.483370638598E-02,
    8.49027094316E-02));
#1183 = CARTESIAN_POINT('',(5.123274569658E-02,5.270157368066E-02,
    8.498590440195E-02));
#1184 = CARTESIAN_POINT('',(5.212537418932E-02,5.484879273175E-02,
    8.494822304007E-02));
#1185 = CARTESIAN_POINT('',(4.981356040543E-02,5.408053785002E-02,
    8.926417535553E-02));
#1186 = CARTESIAN_POINT('',(5.063252371325E-02,5.626681669297E-02,
    8.922897013499E-02));
#1187 = CARTESIAN_POINT('',(4.8382686358E-02,5.538436832578E-02,
    9.356273908172E-02));
#1188 = CARTESIAN_POINT('',(4.912744047822E-02,5.760650271872E-02,
    9.353132676987E-02));
#1189 = CARTESIAN_POINT('',(4.695463939775E-02,5.660798847875E-02,
    9.783125921868E-02));
#1190 = CARTESIAN_POINT('',(4.762555551044E-02,5.886244158802E-02,
    9.780479335932E-02));
#1191 = CARTESIAN_POINT('',(4.551200907777E-02,5.777270047241E-02,
    0.102111090974));
#1192 = CARTESIAN_POINT('',(4.610857661094E-02,6.005657971908E-02,
    0.102090269696));
#1193 = CARTESIAN_POINT('',(4.405462001549E-02,5.888057271912E-02,
    0.106401034049));
#1194 = CARTESIAN_POINT('',(4.457643129759E-02,6.11909413146E-02,
    0.106386692497));
#1195 = CARTESIAN_POINT('',(4.258016821052E-02,5.993682756253E-02,
    0.110697765694));
#1196 = CARTESIAN_POINT('',(4.302676243751E-02,6.227086220239E-02,
    0.110690371542));
#1197 = CARTESIAN_POINT('',(4.108766679032E-02,6.094303600682E-02,0.115)
  );
#1198 = CARTESIAN_POINT('',(4.145860555778E-02,6.329793416573E-02,0.115)
  );
#1199 = DEFINITIONAL_REPRESENTATION('',(#1200),#1204);
#1200 = LINE('',#1201,#1202);
#1201 = CARTESIAN_POINT('',(0.,0.));
#1202 = VECTOR('',#1203,1.);
#1203 = DIRECTION('',(1.,0.));
#1204 = ( GEOMETRIC_REPRESENTATION_CONTEXT(2) 
PARAMETRIC_REPRESENTATION_CONTEXT() REPRESENTATION_CONTEXT('2D SPACE',''
  ) );
#1205 = ORIENTED_EDGE('',*,*,#1206,.F.);
#1206 = EDGE_CURVE('',#885,#1062,#1207,.T.);
#1207 = SURFACE_CURVE('',#1208,(#1211),.PCURVE_S1.);
#1208 = B_SPLINE_CURVE_WITH_KNOTS('',1,(#1209,#1210),.UNSPECIFIED.,.F.,
  .F.,(2,2),(0.,1.),.PIECEWISE_BEZIER_KNOTS.);
#1209 = CARTESIAN_POINT('',(7.117487351668E-02,4.752033704535E-03,1.E-02
    ));
#1210 = CARTESIAN_POINT('',(7.326492541324E-02,5.873730006734E-03,1.E-02
    ));
#1211 = PCURVE('',#925,#1212);
#1212 = DEFINITIONAL_REPRESENTATION('',(#1213),#1217);
#1213 = LINE('',#1214,#1215);
#1214 = CARTESIAN_POINT('',(0.,0.));
#1215 = VECTOR('',#1216,1.);
#1216 = DIRECTION('',(0.,1.));
#1217 = ( GEOMETRIC_REPRESENTATION_CONTEXT(2) 
PARAMETRIC_REPRESENTATION_CONTEXT() REPRESENTATION_CONTEXT('2D SPACE',''
  ) );
#1218 = ADVANCED_FACE('',(#1219),#1102,.T.);
#1219 = FACE_BOUND('',#1220,.T.);
#1220 = EDGE_LOOP('',(#1221,#1222,#1237,#1382));
#1221 = ORIENTED_EDGE('',*,*,#1061,.T.);
#1222 = ORIENTED_EDGE('',*,*,#1223,.T.);
#1223 = EDGE_CURVE('',#1047,#1224,#1226,.T.);
#1224 = VERTEX_POINT('',#1225);
#1225 = CARTESIAN_POINT('',(4.145860555778E-02,6.329793416573E-02,0.115)
  );
#1226 = SURFACE_CURVE('',#1227,(#1230),.PCURVE_S1.);
#1227 = B_SPLINE_CURVE_WITH_KNOTS('',1,(#1228,#1229),.UNSPECIFIED.,.F.,
  .F.,(2,2),(0.,1.),.PIECEWISE_BEZIER_KNOTS.);
#1228 = CARTESIAN_POINT('',(4.108766679032E-02,6.094303600682E-02,0.115)
  );
#1229 = CARTESIAN_POINT('',(4.145860555778E-02,6.329793416573E-02,0.115)
  );
#1230 = PCURVE('',#1102,#1231);
#1231 = DEFINITIONAL_REPRESENTATION('',(#1232),#1236);
#1232 = LINE('',#1233,#1234);
#1233 = CARTESIAN_POINT('',(1.,0.));
#1234 = VECTOR('',#1235,1.);
#1235 = DIRECTION('',(0.,1.));
#1236 = ( GEOMETRIC_REPRESENTATION_CONTEXT(2) 
PARAMETRIC_REPRESENTATION_CONTEXT() REPRESENTATION_CONTEXT('2D SPACE',''
  ) );
#1237 = ORIENTED_EDGE('',*,*,#1238,.F.);
#1238 = EDGE_CURVE('',#1239,#1224,#1241,.T.);
#1239 = VERTEX_POINT('',#1240);
#1240 = CARTESIAN_POINT('',(7.533733547051E-02,7.051973386767E-03,1.E-02
    ));
#1241 = SURFACE_CURVE('',#1242,(#1271,#1278),.PCURVE_S1.);
#1242 = B_SPLINE_CURVE_WITH_KNOTS('',7,(#1243,#1244,#1245,#1246,#1247,
    #1248,#1249,#1250,#1251,#1252,#1253,#1254,#1255,#1256,#1257,#1258,
    #1259,#1260,#1261,#1262,#1263,#1264,#1265,#1266,#1267,#1268,#1269,
    #1270),.UNSPECIFIED.,.F.,.F.,(8,5,5,5,5,8),(0.,0.192409646386,
    0.329880648809,0.511789421413,0.740581213724,1.),.UNSPECIFIED.);
#1243 = CARTESIAN_POINT('',(7.533733547051E-02,7.051973386767E-03,1.E-02
    ));
#1244 = CARTESIAN_POINT('',(7.521281905492E-02,8.373082456357E-03,
    1.322273276737E-02));
#1245 = CARTESIAN_POINT('',(7.505495380968E-02,9.806838669783E-03,
    1.64015186427E-02));
#1246 = CARTESIAN_POINT('',(7.483004051314E-02,1.145523928734E-02,
    1.947689150514E-02));
#1247 = CARTESIAN_POINT('',(7.455264014812E-02,1.323449543955E-02,
    2.246935185519E-02));
#1248 = CARTESIAN_POINT('',(7.415728295591E-02,1.536148333944E-02,
    2.528428277987E-02));
#1249 = CARTESIAN_POINT('',(7.319430733615E-02,1.95228218461E-02,
    2.950423383929E-02));
#1250 = CARTESIAN_POINT('',(7.174527964882E-02,2.418645842218E-02,
    3.297917773555E-02));
#1251 = CARTESIAN_POINT('',(7.107228149474E-02,2.613870326388E-02,
    3.436175305473E-02));
#1252 = CARTESIAN_POINT('',(7.031097698804E-02,2.810460940132E-02,
    3.570341014459E-02));
#1253 = CARTESIAN_POINT('',(6.955634821785E-02,2.988124913485E-02,
    3.730994349342E-02));
#1254 = CARTESIAN_POINT('',(6.781320848699E-02,3.371148542265E-02,
    4.128912235214E-02));
#1255 = CARTESIAN_POINT('',(6.605512978033E-02,3.700567919981E-02,
    4.573048683827E-02));
#1256 = CARTESIAN_POINT('',(6.506119053924E-02,3.87306027218E-02,
    4.836118240525E-02));
#1257 = CARTESIAN_POINT('',(6.405777669905E-02,4.036010772713E-02,
    5.10498746759E-02));
#1258 = CARTESIAN_POINT('',(6.306017495043E-02,4.188134691019E-02,
    5.380014336809E-02));
#1259 = CARTESIAN_POINT('',(6.079771153259E-02,4.514256234353E-02,
    6.009598216497E-02));
#1260 = CARTESIAN_POINT('',(5.852506098147E-02,4.803222689804E-02,
    6.656874963655E-02));
#1261 = CARTESIAN_POINT('',(5.725243533488E-02,4.955060215971E-02,
    7.021114952064E-02));
#1262 = CARTESIAN_POINT('',(5.597552263371E-02,5.09831356684E-02,
    7.388687483605E-02));
#1263 = CARTESIAN_POINT('',(5.468975075741E-02,5.234611951952E-02,
    7.758487045795E-02));
#1264 = CARTESIAN_POINT('',(5.192979977521E-02,5.511210141126E-02,
    8.552064082634E-02));
#1265 = CARTESIAN_POINT('',(4.912744047822E-02,5.760650271872E-02,
    9.353132676987E-02));
#1266 = CARTESIAN_POINT('',(4.762555551044E-02,5.886244158802E-02,
    9.780479335932E-02));
#1267 = CARTESIAN_POINT('',(4.610857661094E-02,6.005657971908E-02,
    0.102090269696));
#1268 = CARTESIAN_POINT('',(4.457643129759E-02,6.11909413146E-02,
    0.106386692497));
#1269 = CARTESIAN_POINT('',(4.302676243751E-02,6.227086220239E-02,
    0.110690371542));
#1270 = CARTESIAN_POINT('',(4.145860555778E-02,6.329793416573E-02,0.115)
  );
#1271 = PCURVE('',#1102,#1272);
#1272 = DEFINITIONAL_REPRESENTATION('',(#1273),#1277);
#1273 = LINE('',#1274,#1275);
#1274 = CARTESIAN_POINT('',(0.,1.));
#1275 = VECTOR('',#1276,1.);
#1276 = DIRECTION('',(1.,0.));
#1277 = ( GEOMETRIC_REPRESENTATION_CONTEXT(2) 
PARAMETRIC_REPRESENTATION_CONTEXT() REPRESENTATION_CONTEXT('2D SPACE',''
  ) );
#1278 = PCURVE('',#1279,#1376);
#1279 = B_SPLINE_SURFACE_WITH_KNOTS('',7,1,(
    (#1280,#1281)
    ,(#1282,#1283)
    ,(#1284,#1285)
    ,(#1286,#1287)
    ,(#1288,#1289)
    ,(#1290,#1291)
    ,(#1292,#1293)
    ,(#1294,#1295)
    ,(#1296,#1297)
    ,(#1298,#1299)
    ,(#1300,#1301)
    ,(#1302,#1303)
    ,(#1304,#1305)
    ,(#1306,#1307)
    ,(#1308,#1309)
    ,(#1310,#1311)
    ,(#1312,#1313)
    ,(#1314,#1315)
    ,(#1316,#1317)
    ,(#1318,#1319)
    ,(#1320,#1321)
    ,(#1322,#1323)
    ,(#1324,#1325)
    ,(#1326,#1327)
    ,(#1328,#1329)
    ,(#1330,#1331)
    ,(#1332,#1333)
    ,(#1334,#1335)
    ,(#1336,#1337)
    ,(#1338,#1339)
    ,(#1340,#1341)
    ,(#1342,#1343)
    ,(#1344,#1345)
    ,(#1346,#1347)
    ,(#1348,#1349)
    ,(#1350,#1351)
    ,(#1352,#1353)
    ,(#1354,#1355)
    ,(#1356,#1357)
    ,(#1358,#1359)
    ,(#1360,#1361)
    ,(#1362,#1363)
    ,(#1364,#1365)
    ,(#1366,#1367)
    ,(#1368,#1369)
    ,(#1370,#1371)
    ,(#1372,#1373)
    ,(#1374,#1375
    )),.UNSPECIFIED.,.F.,.F.,.F.,(8,5,5,5,5,5,5,5,5,8),(2,2),(0.,
    0.192409646386,0.19296537015,0.329880648809,0.333012987181,
    0.511789421413,0.515573800128,0.740581213724,0.743040462038,1.),(0.,
    1.),.UNSPECIFIED.);
#1280 = CARTESIAN_POINT('',(7.533733547051E-02,7.051973386767E-03,1.E-02
    ));
#1281 = CARTESIAN_POINT('',(7.739096781491E-02,8.286487702832E-03,1.E-02
    ));
#1282 = CARTESIAN_POINT('',(7.521281905492E-02,8.373082456357E-03,
    1.322273276737E-02));
#1283 = CARTESIAN_POINT('',(7.724335918369E-02,9.65726611108E-03,
    1.323083043559E-02));
#1284 = CARTESIAN_POINT('',(7.505495380968E-02,9.806838669783E-03,
    1.64015186427E-02));
#1285 = CARTESIAN_POINT('',(7.705895765532E-02,1.114512067567E-02,
    1.641564462522E-02));
#1286 = CARTESIAN_POINT('',(7.483004051314E-02,1.145523928734E-02,
    1.947689150514E-02));
#1287 = CARTESIAN_POINT('',(7.680320928984E-02,1.284390863294E-02,
    1.948925612133E-02));
#1288 = CARTESIAN_POINT('',(7.455264014812E-02,1.323449543955E-02,
    2.246935185519E-02));
#1289 = CARTESIAN_POINT('',(7.649105942215E-02,1.46801945661E-02,
    2.248342854475E-02));
#1290 = CARTESIAN_POINT('',(7.415728295591E-02,1.536148333944E-02,
    2.528428277987E-02));
#1291 = CARTESIAN_POINT('',(7.605315266009E-02,1.685467822601E-02,
    2.528175867011E-02));
#1292 = CARTESIAN_POINT('',(7.359398544942E-02,1.779567954996E-02,
    2.775276470245E-02));
#1293 = CARTESIAN_POINT('',(7.544855662421E-02,1.931259783616E-02,
    2.775451325036E-02));
#1294 = CARTESIAN_POINT('',(7.286437430305E-02,2.040174833507E-02,
    2.996632567867E-02));
#1295 = CARTESIAN_POINT('',(7.467988881919E-02,2.193048681413E-02,
    2.998484745813E-02));
#1296 = CARTESIAN_POINT('',(7.286227170696E-02,2.040925501061E-02,
    2.99726984349E-02));
#1297 = CARTESIAN_POINT('',(7.467767376089E-02,2.193802743445E-02,
    2.99912686215E-02));
#1298 = CARTESIAN_POINT('',(7.286016773349E-02,2.04167631013E-02,
    2.997906908527E-02));
#1299 = CARTESIAN_POINT('',(7.467545734189E-02,2.194556937589E-02,
    2.99976877787E-02));
#1300 = CARTESIAN_POINT('',(7.285806238363E-02,2.042427260201E-02,
    2.998543763397E-02));
#1301 = CARTESIAN_POINT('',(7.467323956224E-02,2.19531126356E-02,
    3.000410493196E-02));
#1302 = CARTESIAN_POINT('',(7.233691563051E-02,2.228226714807E-02,
    3.156032517354E-02));
#1303 = CARTESIAN_POINT('',(7.412428438717E-02,2.381943611792E-02,
    3.159103962103E-02));
#1304 = CARTESIAN_POINT('',(7.173166237318E-02,2.422592007358E-02,
    3.30071164149E-02));
#1305 = CARTESIAN_POINT('',(7.349207270016E-02,2.576608207421E-02,
    3.305562374527E-02));
#1306 = CARTESIAN_POINT('',(7.105997191602E-02,2.617047326667E-02,
    3.438347347118E-02));
#1307 = CARTESIAN_POINT('',(7.279471771526E-02,2.771253958394E-02,
    3.445380348584E-02));
#1308 = CARTESIAN_POINT('',(7.030182548481E-02,2.812614921989E-02,
    3.57228984874E-02));
#1309 = CARTESIAN_POINT('',(7.201336747791E-02,2.966975849655E-02,
    3.581067551713E-02));
#1310 = CARTESIAN_POINT('',(6.95502820141E-02,2.989457680507E-02,
    3.732379250881E-02));
#1311 = CARTESIAN_POINT('',(7.123011177086E-02,3.14649906411E-02,
    3.739100173518E-02));
#1312 = CARTESIAN_POINT('',(6.878590610511E-02,3.157372145243E-02,
    3.906900992018E-02));
#1313 = CARTESIAN_POINT('',(7.043229818805E-02,3.317248017595E-02,
    3.912482890103E-02));
#1314 = CARTESIAN_POINT('',(6.801865771323E-02,3.314979524959E-02,
    4.090309689808E-02));
#1315 = CARTESIAN_POINT('',(6.963147049676E-02,3.47776899556E-02,
    4.094728235661E-02));
#1316 = CARTESIAN_POINT('',(6.800149587849E-02,3.318499464575E-02,
    4.094416273163E-02));
#1317 = CARTESIAN_POINT('',(6.961355741216E-02,3.48135416321E-02,
    4.09880877606E-02));
#1318 = CARTESIAN_POINT('',(6.798433272937E-02,3.322014271406E-02,
    4.09852725232E-02));
#1319 = CARTESIAN_POINT('',(6.959564266895E-02,3.484934281593E-02,
    4.102893680249E-02));
#1320 = CARTESIAN_POINT('',(6.796716832338E-02,3.325523957536E-02,
    4.10264260242E-02));
#1321 = CARTESIAN_POINT('',(6.957772618747E-02,3.488509383883E-02,
    4.106982916885E-02));
#1322 = CARTESIAN_POINT('',(6.697028540254E-02,3.529050322289E-02,
    4.341891623135E-02));
#1323 = CARTESIAN_POINT('',(6.853713099167E-02,3.695842010561E-02,
    4.344712955907E-02));
#1324 = CARTESIAN_POINT('',(6.596952785891E-02,3.715390536274E-02,
    4.595715240983E-02));
#1325 = CARTESIAN_POINT('',(6.749011474164E-02,3.886475383493E-02,
    4.596872111249E-02));
#1326 = CARTESIAN_POINT('',(6.4992088408E-02,3.884264637717E-02,
    4.854648087433E-02));
#1327 = CARTESIAN_POINT('',(6.646682102393E-02,4.059470974236E-02,
    4.854612473118E-02));
#1328 = CARTESIAN_POINT('',(6.400623875678E-02,4.043862339525E-02,
    5.119198168206E-02));
#1329 = CARTESIAN_POINT('',(6.543411292095E-02,4.223122405283E-02,
    5.118028517553E-02));
#1330 = CARTESIAN_POINT('',(6.302566356541E-02,4.193107068941E-02,
    5.389618809032E-02));
#1331 = CARTESIAN_POINT('',(6.440546301916E-02,4.376442082981E-02,
    5.38751944379E-02));
#1332 = CARTESIAN_POINT('',(6.201993973582E-02,4.337945634958E-02,
    5.669535589094E-02));
#1333 = CARTESIAN_POINT('',(6.335076770565E-02,4.525165656731E-02,
    5.666723536031E-02));
#1334 = CARTESIAN_POINT('',(6.10122030326E-02,4.475442734593E-02,
    5.9529482993E-02));
#1335 = CARTESIAN_POINT('',(6.229334173831E-02,4.666444248432E-02,
    5.949550183894E-02));
#1336 = CARTESIAN_POINT('',(6.09913123606E-02,4.478289825059E-02,
    5.958824772703E-02));
#1337 = CARTESIAN_POINT('',(6.227142075886E-02,4.669369676826E-02,
    5.955414566996E-02));
#1338 = CARTESIAN_POINT('',(6.09704207931E-02,4.481133782341E-02,
    5.964702731854E-02));
#1339 = CARTESIAN_POINT('',(6.224949863765E-02,4.672291915859E-02,
    5.961280498516E-02));
#1340 = CARTESIAN_POINT('',(6.094952831544E-02,4.483974616991E-02,
    5.970582168678E-02));
#1341 = CARTESIAN_POINT('',(6.222757539359E-02,4.675210969775E-02,
    5.967147974872E-02));
#1342 = CARTESIAN_POINT('',(5.968637806903E-02,4.65553450879E-02,
    6.32612352613E-02));
#1343 = CARTESIAN_POINT('',(6.090209749038E-02,4.851495575881E-02,
    6.321970587971E-02));
#1344 = CARTESIAN_POINT('',(5.841979838798E-02,4.815756779678E-02,
    6.687007971978E-02));
#1345 = CARTESIAN_POINT('',(5.957267884326E-02,5.016164187662E-02,
    6.682417662367E-02));
#1346 = CARTESIAN_POINT('',(5.716793664253E-02,4.964526852603E-02,
    7.045438248288E-02));
#1347 = CARTESIAN_POINT('',(5.825830967029E-02,5.169079916251E-02,
    7.040573737509E-02));
#1348 = CARTESIAN_POINT('',(5.591171362107E-02,5.105071507361E-02,
    7.40703944496E-02));
#1349 = CARTESIAN_POINT('',(5.69393097678E-02,5.31349705225E-02,
    7.402109177402E-02));
#1350 = CARTESIAN_POINT('',(5.46469605262E-02,5.238898438188E-02,
    7.770790367599E-02));
#1351 = CARTESIAN_POINT('',(5.561143279509E-02,5.450935002955E-02,
    7.765921285944E-02));
#1352 = CARTESIAN_POINT('',(5.336089332599E-02,5.367672750043E-02,
    8.140560169155E-02));
#1353 = CARTESIAN_POINT('',(5.426116807471E-02,5.583127525725E-02,
    8.135872337989E-02));
#1354 = CARTESIAN_POINT('',(5.206562010072E-02,5.490551572592E-02,
    8.511956242978E-02));
#1355 = CARTESIAN_POINT('',(5.290143243263E-02,5.709173659975E-02,
    8.507558959667E-02));
#1356 = CARTESIAN_POINT('',(5.205161522018E-02,5.491879384431E-02,
    8.515971769109E-02));
#1357 = CARTESIAN_POINT('',(5.288673058661E-02,5.710535686023E-02,
    8.511577639612E-02));
#1358 = CARTESIAN_POINT('',(5.203760926213E-02,5.493206508382E-02,
    8.519987484598E-02));
#1359 = CARTESIAN_POINT('',(5.287202762966E-02,5.711896995363E-02,
    8.515596521269E-02));
#1360 = CARTESIAN_POINT('',(5.202360222586E-02,5.494532945058E-02,
    8.52400338908E-02));
#1361 = CARTESIAN_POINT('',(5.285732355977E-02,5.713257588868E-02,
    8.519615604052E-02));
#1362 = CARTESIAN_POINT('',(5.05459278349E-02,5.63438236875E-02,
    8.947649099459E-02));
#1363 = CARTESIAN_POINT('',(5.130611736912E-02,5.856707129941E-02,
    8.94359784056E-02));
#1364 = CARTESIAN_POINT('',(4.905623877491E-02,5.766597768848E-02,
    9.37338964287E-02));
#1365 = CARTESIAN_POINT('',(4.974248106388E-02,5.992210810419E-02,
    9.369804943381E-02));
#1366 = CARTESIAN_POINT('',(4.756802446199E-02,5.890769032309E-02,
    9.796730175114E-02));
#1367 = CARTESIAN_POINT('',(4.818072243651E-02,6.119331547639E-02,
    9.793725612949E-02));
#1368 = CARTESIAN_POINT('',(4.606499841328E-02,6.008882573882E-02,
    0.10221245984));
#1369 = CARTESIAN_POINT('',(4.660377238128E-02,6.240110398245E-02,
    0.102188937981));
#1370 = CARTESIAN_POINT('',(4.454704841368E-02,6.12114115174E-02,
    0.1064682894));
#1371 = CARTESIAN_POINT('',(4.501162093579E-02,6.354746505E-02,
    0.106452120592));
#1372 = CARTESIAN_POINT('',(4.301189656284E-02,6.22805986792E-02,
    0.110731226126));
#1373 = CARTESIAN_POINT('',(4.340194647971E-02,6.46376530305E-02,
    0.110722908333));
#1374 = CARTESIAN_POINT('',(4.145860555778E-02,6.329793416573E-02,0.115)
  );
#1375 = CARTESIAN_POINT('',(4.177384222342E-02,6.567323567231E-02,0.115)
  );
#1376 = DEFINITIONAL_REPRESENTATION('',(#1377),#1381);
#1377 = LINE('',#1378,#1379);
#1378 = CARTESIAN_POINT('',(0.,0.));
#1379 = VECTOR('',#1380,1.);
#1380 = DIRECTION('',(1.,0.));
#1381 = ( GEOMETRIC_REPRESENTATION_CONTEXT(2) 
PARAMETRIC_REPRESENTATION_CONTEXT() REPRESENTATION_CONTEXT('2D SPACE',''
  ) );
#1382 = ORIENTED_EDGE('',*,*,#1383,.F.);
#1383 = EDGE_CURVE('',#1062,#1239,#1384,.T.);
#1384 = SURFACE_CURVE('',#1385,(#1388),.PCURVE_S1.);
#1385 = B_SPLINE_CURVE_WITH_KNOTS('',1,(#1386,#1387),.UNSPECIFIED.,.F.,
  .F.,(2,2),(0.,1.),.PIECEWISE_BEZIER_KNOTS.);
#1386 = CARTESIAN_POINT('',(7.326492541324E-02,5.873730006734E-03,1.E-02
    ));
#1387 = CARTESIAN_POINT('',(7.533733547051E-02,7.051973386767E-03,1.E-02
    ));
#1388 = PCURVE('',#1102,#1389);
#1389 = DEFINITIONAL_REPRESENTATION('',(#1390),#1394);
#1390 = LINE('',#1391,#1392);
#1391 = CARTESIAN_POINT('',(0.,0.));
#1392 = VECTOR('',#1393,1.);
#1393 = DIRECTION('',(0.,1.));
#1394 = ( GEOMETRIC_REPRESENTATION_CONTEXT(2) 
PARAMETRIC_REPRESENTATION_CONTEXT() REPRESENTATION_CONTEXT('2D SPACE',''
  ) );
#1395 = ADVANCED_FACE('',(#1396),#1279,.T.);
#1396 = FACE_BOUND('',#1397,.T.);
#1397 = EDGE_LOOP('',(#1398,#1399,#1414,#1559));
#1398 = ORIENTED_EDGE('',*,*,#1238,.T.);
#1399 = ORIENTED_EDGE('',*,*,#1400,.T.);
#1400 = EDGE_CURVE('',#1224,#1401,#1403,.T.);
#1401 = VERTEX_POINT('',#1402);
#1402 = CARTESIAN_POINT('',(4.177384222342E-02,6.567323567231E-02,0.115)
  );
#1403 = SURFACE_CURVE('',#1404,(#1407),.PCURVE_S1.);
#1404 = B_SPLINE_CURVE_WITH_KNOTS('',1,(#1405,#1406),.UNSPECIFIED.,.F.,
  .F.,(2,2),(0.,1.),.PIECEWISE_BEZIER_KNOTS.);
#1405 = CARTESIAN_POINT('',(4.145860555778E-02,6.329793416573E-02,0.115)
  );
#1406 = CARTESIAN_POINT('',(4.177384222342E-02,6.567323567231E-02,0.115)
  );
#1407 = PCURVE('',#1279,#1408);
#1408 = DEFINITIONAL_REPRESENTATION('',(#1409),#1413);
#1409 = LINE('',#1410,#1411);
#1410 = CARTESIAN_POINT('',(1.,0.));
#1411 = VECTOR('',#1412,1.);
#1412 = DIRECTION('',(0.,1.));
#1413 = ( GEOMETRIC_REPRESENTATION_CONTEXT(2) 
PARAMETRIC_REPRESENTATION_CONTEXT() REPRESENTATION_CONTEXT('2D SPACE',''
  ) );
#1414 = ORIENTED_EDGE('',*,*,#1415,.F.);
#1415 = EDGE_CURVE('',#1416,#1401,#1418,.T.);
#1416 = VERTEX_POINT('',#1417);
#1417 = CARTESIAN_POINT('',(7.739096781491E-02,8.286487702832E-03,1.E-02
    ));
#1418 = SURFACE_CURVE('',#1419,(#1448,#1455),.PCURVE_S1.);
#1419 = B_SPLINE_CURVE_WITH_KNOTS('',7,(#1420,#1421,#1422,#1423,#1424,
    #1425,#1426,#1427,#1428,#1429,#1430,#1431,#1432,#1433,#1434,#1435,
    #1436,#1437,#1438,#1439,#1440,#1441,#1442,#1443,#1444,#1445,#1446,
    #1447),.UNSPECIFIED.,.F.,.F.,(8,5,5,5,5,8),(0.,0.19296537015,
    0.333012987181,0.515573800128,0.743040462038,1.),.UNSPECIFIED.);
#1420 = CARTESIAN_POINT('',(7.739096781491E-02,8.286487702832E-03,1.E-02
    ));
#1421 = CARTESIAN_POINT('',(7.724293285566E-02,9.661225237612E-03,
    1.324016182455E-02));
#1422 = CARTESIAN_POINT('',(7.705789215948E-02,1.115371619166E-02,
    1.643404120805E-02));
#1423 = CARTESIAN_POINT('',(7.680099152141E-02,1.285863339691E-02,
    1.951588524923E-02));
#1424 = CARTESIAN_POINT('',(7.648745035525E-02,1.470141592265E-02,
    2.251801603432E-02));
#1425 = CARTESIAN_POINT('',(7.604681827049E-02,1.68861085567E-02,
    2.532215344294E-02));
#1426 = CARTESIAN_POINT('',(7.499929889833E-02,2.113479978082E-02,
    2.958121289282E-02));
#1427 = CARTESIAN_POINT('',(7.346321902234E-02,2.585483417603E-02,
    3.31223026344E-02));
#1428 = CARTESIAN_POINT('',(7.274674947378E-02,2.784614354725E-02,
    3.454967162431E-02));
#1429 = CARTESIAN_POINT('',(7.194160020131E-02,2.984890094091E-02,
    3.593471640327E-02));
#1430 = CARTESIAN_POINT('',(7.114051541069E-02,3.166947786544E-02,
    3.757297631053E-02));
#1431 = CARTESIAN_POINT('',(6.930362951023E-02,3.556934850833E-02,
    4.159642828909E-02));
#1432 = CARTESIAN_POINT('',(6.744654830209E-02,3.894399921815E-02,
    4.607370051756E-02));
#1433 = CARTESIAN_POINT('',(6.640184487404E-02,4.070437719292E-02,
    4.870993487911E-02));
#1434 = CARTESIAN_POINT('',(6.534664466594E-02,4.236954311055E-02,
    5.140347809852E-02));
#1435 = CARTESIAN_POINT('',(6.429660907848E-02,4.392623209914E-02,
    5.41606992224E-02));
#1436 = CARTESIAN_POINT('',(6.192668240386E-02,4.724817002483E-02,
    6.04408625773E-02));
#1437 = CARTESIAN_POINT('',(5.954409894868E-02,5.0197028415E-02,
    6.690167094198E-02));
#1438 = CARTESIAN_POINT('',(5.821521046345E-02,5.174090621448E-02,
    7.05231859351E-02));
#1439 = CARTESIAN_POINT('',(5.68816417247E-02,5.319804668532E-02,
    7.41791739584E-02));
#1440 = CARTESIAN_POINT('',(5.553885609908E-02,5.458437417133E-02,
    7.785805654145E-02));
#1441 = CARTESIAN_POINT('',(5.266234050893E-02,5.739177736196E-02,
    8.573926240293E-02));
#1442 = CARTESIAN_POINT('',(4.974248106388E-02,5.992210810419E-02,
    9.369804943381E-02));
#1443 = CARTESIAN_POINT('',(4.818072243651E-02,6.119331547639E-02,
    9.793725612949E-02));
#1444 = CARTESIAN_POINT('',(4.660377238128E-02,6.240110398245E-02,
    0.102188937981));
#1445 = CARTESIAN_POINT('',(4.501162093579E-02,6.354746505E-02,
    0.106452120592));
#1446 = CARTESIAN_POINT('',(4.340194647971E-02,6.46376530305E-02,
    0.110722908333));
#1447 = CARTESIAN_POINT('',(4.177384222342E-02,6.567323567231E-02,0.115)
  );
#1448 = PCURVE('',#1279,#1449);
#1449 = DEFINITIONAL_REPRESENTATION('',(#1450),#1454);
#1450 = LINE('',#1451,#1452);
#1451 = CARTESIAN_POINT('',(0.,1.));
#1452 = VECTOR('',#1453,1.);
#1453 = DIRECTION('',(1.,0.));
#1454 = ( GEOMETRIC_REPRESENTATION_CONTEXT(2) 
PARAMETRIC_REPRESENTATION_CONTEXT() REPRESENTATION_CONTEXT('2D SPACE',''
  ) );
#1455 = PCURVE('',#1456,#1553);
#1456 = B_SPLINE_SURFACE_WITH_KNOTS('',7,1,(
    (#1457,#1458)
    ,(#1459,#1460)
    ,(#1461,#1462)
    ,(#1463,#1464)
    ,(#1465,#1466)
    ,(#1467,#1468)
    ,(#1469,#1470)
    ,(#1471,#1472)
    ,(#1473,#1474)
    ,(#1475,#1476)
    ,(#1477,#1478)
    ,(#1479,#1480)
    ,(#1481,#1482)
    ,(#1483,#1484)
    ,(#1485,#1486)
    ,(#1487,#1488)
    ,(#1489,#1490)
    ,(#1491,#1492)
    ,(#1493,#1494)
    ,(#1495,#1496)
    ,(#1497,#1498)
    ,(#1499,#1500)
    ,(#1501,#1502)
    ,(#1503,#1504)
    ,(#1505,#1506)
    ,(#1507,#1508)
    ,(#1509,#1510)
    ,(#1511,#1512)
    ,(#1513,#1514)
    ,(#1515,#1516)
    ,(#1517,#1518)
    ,(#1519,#1520)
    ,(#1521,#1522)
    ,(#1523,#1524)
    ,(#1525,#1526)
    ,(#1527,#1528)
    ,(#1529,#1530)
    ,(#1531,#1532)
    ,(#1533,#1534)
    ,(#1535,#1536)
    ,(#1537,#1538)
    ,(#1539,#1540)
    ,(#1541,#1542)
    ,(#1543,#1544)
    ,(#1545,#1546)
    ,(#1547,#1548)
    ,(#1549,#1550)
    ,(#1551,#1552
    )),.UNSPECIFIED.,.F.,.F.,.F.,(8,5,5,5,5,5,5,5,5,8),(2,2),(0.,
    0.19296537015,0.193527890394,0.333012987181,0.336085716466,
    0.515573800128,0.519269049906,0.743040462038,0.745431136769,1.),(0.,
    1.),.UNSPECIFIED.);
#1457 = CARTESIAN_POINT('',(7.739096781491E-02,8.286487702832E-03,1.E-02
    ));
#1458 = CARTESIAN_POINT('',(7.942469086831E-02,9.576976583114E-03,1.E-02
    ));
#1459 = CARTESIAN_POINT('',(7.724293285566E-02,9.661225237612E-03,
    1.324016182455E-02));
#1460 = CARTESIAN_POINT('',(7.925208831655E-02,1.100174967995E-02,
    1.324808970271E-02));
#1461 = CARTESIAN_POINT('',(7.705789215948E-02,1.115371619166E-02,
    1.643404120805E-02));
#1462 = CARTESIAN_POINT('',(7.903881330893E-02,1.254833501219E-02,
    1.644713495671E-02));
#1463 = CARTESIAN_POINT('',(7.680099152141E-02,1.285863339691E-02,
    1.951588524923E-02));
#1464 = CARTESIAN_POINT('',(7.874971924165E-02,1.430313647632E-02,
    1.952820333107E-02));
#1465 = CARTESIAN_POINT('',(7.648745035525E-02,1.470141592265E-02,
    2.251801603432E-02));
#1466 = CARTESIAN_POINT('',(7.839944142446E-02,1.620223750139E-02,
    2.253021826159E-02));
#1467 = CARTESIAN_POINT('',(7.604681827049E-02,1.68861085567E-02,
    2.532215344294E-02));
#1468 = CARTESIAN_POINT('',(7.791548712486E-02,1.843115643902E-02,
    2.532033137268E-02));
#1469 = CARTESIAN_POINT('',(7.543806058822E-02,1.935520219927E-02,
    2.779727249874E-02));
#1470 = CARTESIAN_POINT('',(7.726479477972E-02,2.09229384562E-02,
    2.780109693242E-02));
#1471 = CARTESIAN_POINT('',(7.466430321224E-02,2.198348079079E-02,
    3.002991435665E-02));
#1472 = CARTESIAN_POINT('',(7.645128224456E-02,2.356280163146E-02,
    3.005095899357E-02));
#1473 = CARTESIAN_POINT('',(7.466205276776E-02,2.199112164929E-02,
    3.003640184843E-02));
#1474 = CARTESIAN_POINT('',(7.644891626271E-02,2.357047607092E-02,
    3.005749663438E-02));
#1475 = CARTESIAN_POINT('',(7.465980093131E-02,2.199876384273E-02,
    3.004288730002E-02));
#1476 = CARTESIAN_POINT('',(7.644654890539E-02,2.357815175611E-02,
    3.006403232868E-02));
#1477 = CARTESIAN_POINT('',(7.465754770389E-02,2.200640736615E-02,
    3.004937071563E-02));
#1478 = CARTESIAN_POINT('',(7.644418017269E-02,2.358582868432E-02,
    3.007056607865E-02));
#1479 = CARTESIAN_POINT('',(7.409622783553E-02,2.390970386705E-02,
    3.166300572195E-02));
#1480 = CARTESIAN_POINT('',(7.585410722409E-02,2.549742070071E-02,
    3.169675488335E-02));
#1481 = CARTESIAN_POINT('',(7.344881578982E-02,2.58948277184E-02,
    3.315096210253E-02));
#1482 = CARTESIAN_POINT('',(7.517879326778E-02,2.748572582462E-02,
    3.320270111573E-02));
#1483 = CARTESIAN_POINT('',(7.273381390219E-02,2.787830331288E-02,
    3.457194897873E-02));
#1484 = CARTESIAN_POINT('',(7.44371345825E-02,2.947141647281E-02,
    3.464524976692E-02));
#1485 = CARTESIAN_POINT('',(7.193194738157E-02,2.987083254903E-02,
    3.595446252571E-02));
#1486 = CARTESIAN_POINT('',(7.361089228406E-02,3.146573241411E-02,
    3.604552822004E-02));
#1487 = CARTESIAN_POINT('',(7.11341095309E-02,3.168307638553E-02,
    3.758700877555E-02));
#1488 = CARTESIAN_POINT('',(7.278057568398E-02,3.330327023176E-02,
    3.76600227911E-02));
#1489 = CARTESIAN_POINT('',(7.032239025645E-02,3.34059902148E-02,
    3.936528646889E-02));
#1490 = CARTESIAN_POINT('',(7.193443698674E-02,3.50535352391E-02,
    3.942770592346E-02));
#1491 = CARTESIAN_POINT('',(6.950672748805E-02,3.502634548636E-02,
    4.123218065861E-02));
#1492 = CARTESIAN_POINT('',(7.108416235994E-02,3.670209152931E-02,
    4.128373988873E-02));
#1493 = CARTESIAN_POINT('',(6.948914470418E-02,3.506122349744E-02,
    4.127246115857E-02));
#1494 = CARTESIAN_POINT('',(7.106583332492E-02,3.673757799275E-02,
    4.132378605877E-02));
#1495 = CARTESIAN_POINT('',(6.947156020666E-02,3.509605404418E-02,
    4.131278242081E-02));
#1496 = CARTESIAN_POINT('',(7.104750222907E-02,3.677301779341E-02,
    4.136387263937E-02));
#1497 = CARTESIAN_POINT('',(6.945397405126E-02,3.513083722215E-02,
    4.135314424121E-02));
#1498 = CARTESIAN_POINT('',(7.102916899848E-02,3.680841122362E-02,
    4.140399933895E-02));
#1499 = CARTESIAN_POINT('',(6.840902820235E-02,3.719461013962E-02,
    4.375356846329E-02));
#1500 = CARTESIAN_POINT('',(6.993980094459E-02,3.89085118729E-02,
    4.379042421222E-02));
#1501 = CARTESIAN_POINT('',(6.735860090468E-02,3.909187581004E-02,
    4.62957189458E-02));
#1502 = CARTESIAN_POINT('',(6.88423519533E-02,4.084695452037E-02,
    4.631663552149E-02));
#1503 = CARTESIAN_POINT('',(6.633081204271E-02,4.081630078592E-02,
    4.889138559669E-02));
#1504 = CARTESIAN_POINT('',(6.776780779038E-02,4.261123283133E-02,
    4.890053491148E-02));
#1505 = CARTESIAN_POINT('',(6.529362002098E-02,4.244808028527E-02,
    5.154273374795E-02));
#1506 = CARTESIAN_POINT('',(6.668277119256E-02,4.428232662018E-02,
    5.154069084268E-02));
#1507 = CARTESIAN_POINT('',(6.426108809871E-02,4.397600008367E-02,
    5.425483594682E-02));
#1508 = CARTESIAN_POINT('',(6.560108450514E-02,4.584990988384E-02,
    5.424325783833E-02));
#1509 = CARTESIAN_POINT('',(6.320226041101E-02,4.545885561938E-02,
    5.706115823553E-02));
#1510 = CARTESIAN_POINT('',(6.449213416982E-02,4.737063028336E-02,
    5.704223276155E-02));
#1511 = CARTESIAN_POINT('',(6.214090651449E-02,4.686724697264E-02,
    5.990353606116E-02));
#1512 = CARTESIAN_POINT('',(6.337987789526E-02,4.881591948407E-02,
    5.987841873474E-02));
#1513 = CARTESIAN_POINT('',(6.211949540396E-02,4.689562742035E-02,
    5.996088827293E-02));
#1514 = CARTESIAN_POINT('',(6.335743967254E-02,4.884504380386E-02,
    5.993564655365E-02));
#1515 = CARTESIAN_POINT('',(6.209808323814E-02,4.692397776082E-02,
    6.001825500103E-02));
#1516 = CARTESIAN_POINT('',(6.333500013634E-02,4.887413751435E-02,
    5.999288944431E-02));
#1517 = CARTESIAN_POINT('',(6.207667000393E-02,4.695229808934E-02,
    6.007563616922E-02));
#1518 = CARTESIAN_POINT('',(6.331255930537E-02,4.890320065251E-02,
    6.005014737664E-02));
#1519 = CARTESIAN_POINT('',(6.075847959448E-02,4.869375690071E-02,
    6.360870459431E-02));
#1520 = CARTESIAN_POINT('',(6.193110175389E-02,5.069034595912E-02,
    6.357566986376E-02));
#1521 = CARTESIAN_POINT('',(5.943614586429E-02,5.032220348856E-02,
    6.719592326874E-02));
#1522 = CARTESIAN_POINT('',(6.054490340666E-02,5.236187836487E-02,
    6.715800215922E-02));
#1523 = CARTESIAN_POINT('',(5.812853933164E-02,5.183548050077E-02,
    7.07607917327E-02));
#1524 = CARTESIAN_POINT('',(5.917370733692E-02,5.391535769922E-02,
    7.071956166118E-02));
#1525 = CARTESIAN_POINT('',(5.681619384542E-02,5.326555646465E-02,
    7.435848416008E-02));
#1526 = CARTESIAN_POINT('',(5.779745742128E-02,5.53829814832E-02,
    7.431595866766E-02));
#1527 = CARTESIAN_POINT('',(5.549496890024E-02,5.462718833374E-02,
    7.797829825273E-02));
#1528 = CARTESIAN_POINT('',(5.641196130345E-02,5.677957632483E-02,
    7.79357641671E-02));
#1529 = CARTESIAN_POINT('',(5.415186742233E-02,5.593688248913E-02,
    8.165804102276E-02));
#1530 = CARTESIAN_POINT('',(5.500350852552E-02,5.812229405156E-02,
    8.161666772222E-02));
#1531 = CARTESIAN_POINT('',(5.279931855338E-02,5.718618488251E-02,
    8.53546936788E-02));
#1532 = CARTESIAN_POINT('',(5.358534797918E-02,5.940210972876E-02,
    8.531558406424E-02));
#1533 = CARTESIAN_POINT('',(5.278502020953E-02,5.719938404785E-02,
    8.53937714958E-02));
#1534 = CARTESIAN_POINT('',(5.357035604862E-02,5.94156311604E-02,
    8.535468593094E-02));
#1535 = CARTESIAN_POINT('',(5.277072080882E-02,5.721257647637E-02,
    8.543285119535E-02));
#1536 = CARTESIAN_POINT('',(5.355536302979E-02,5.942914557936E-02,
    8.539378979921E-02));
#1537 = CARTESIAN_POINT('',(5.275642035064E-02,5.722576217368E-02,
    8.547193277401E-02));
#1538 = CARTESIAN_POINT('',(5.354036892088E-02,5.944265299365E-02,
    8.54328956634E-02));
#1539 = CARTESIAN_POINT('',(5.121923464627E-02,5.864229217999E-02,
    8.967278294605E-02));
#1540 = CARTESIAN_POINT('',(5.192862315267E-02,6.089373332835E-02,
    8.963636846246E-02));
#1541 = CARTESIAN_POINT('',(4.966981723704E-02,5.998118789271E-02,
    9.389526178378E-02));
#1542 = CARTESIAN_POINT('',(5.030424055061E-02,6.226407671238E-02,
    9.38627677655E-02));
#1543 = CARTESIAN_POINT('',(4.812202864642E-02,6.123823120367E-02,
    9.809548759805E-02));
#1544 = CARTESIAN_POINT('',(4.868191283131E-02,6.354919581764E-02,
    9.80680658784E-02));
#1545 = CARTESIAN_POINT('',(4.655932912687E-02,6.243308559899E-02,
    0.102307930085));
#1546 = CARTESIAN_POINT('',(4.70443417506E-02,6.476925507335E-02,
    0.102286335169));
#1547 = CARTESIAN_POINT('',(4.498166748058E-02,6.356774588961E-02,
    0.106531589403));
#1548 = CARTESIAN_POINT('',(4.539159006927E-02,6.592621419193E-02,
    0.106516666351));
#1549 = CARTESIAN_POINT('',(4.338679908438E-02,6.464728778184E-02,
    0.110762701116));
#1550 = CARTESIAN_POINT('',(4.372138904261E-02,6.7025237765E-02,
    0.110754988896));
#1551 = CARTESIAN_POINT('',(4.177384222342E-02,6.567323567231E-02,0.115)
  );
#1552 = CARTESIAN_POINT('',(4.203290297264E-02,6.806787103835E-02,0.115)
  );
#1553 = DEFINITIONAL_REPRESENTATION('',(#1554),#1558);
#1554 = LINE('',#1555,#1556);
#1555 = CARTESIAN_POINT('',(0.,0.));
#1556 = VECTOR('',#1557,1.);
#1557 = DIRECTION('',(1.,0.));
#1558 = ( GEOMETRIC_REPRESENTATION_CONTEXT(2) 
PARAMETRIC_REPRESENTATION_CONTEXT() REPRESENTATION_CONTEXT('2D SPACE',''
  ) );
#1559 = ORIENTED_EDGE('',*,*,#1560,.F.);
#1560 = EDGE_CURVE('',#1239,#1416,#1561,.T.);
#1561 = SURFACE_CURVE('',#1562,(#1565),.PCURVE_S1.);
#1562 = B_SPLINE_CURVE_WITH_KNOTS('',1,(#1563,#1564),.UNSPECIFIED.,.F.,
  .F.,(2,2),(0.,1.),.PIECEWISE_BEZIER_KNOTS.);
#1563 = CARTESIAN_POINT('',(7.533733547051E-02,7.051973386767E-03,1.E-02
    ));
#1564 = CARTESIAN_POINT('',(7.739096781491E-02,8.286487702832E-03,1.E-02
    ));
#1565 = PCURVE('',#1279,#1566);
#1566 = DEFINITIONAL_REPRESENTATION('',(#1567),#1571);
#1567 = LINE('',#1568,#1569);
#1568 = CARTESIAN_POINT('',(0.,0.));
#1569 = VECTOR('',#1570,1.);
#1570 = DIRECTION('',(0.,1.));
#1571 = ( GEOMETRIC_REPRESENTATION_CONTEXT(2) 
PARAMETRIC_REPRESENTATION_CONTEXT() REPRESENTATION_CONTEXT('2D SPACE',''
  ) );
#1572 = ADVANCED_FACE('',(#1573),#1456,.T.);
#1573 = FACE_BOUND('',#1574,.T.);
#1574 = EDGE_LOOP('',(#1575,#1576,#1591,#1632));
#1575 = ORIENTED_EDGE('',*,*,#1415,.T.);
#1576 = ORIENTED_EDGE('',*,*,#1577,.T.);
#1577 = EDGE_CURVE('',#1401,#1578,#1580,.T.);
#1578 = VERTEX_POINT('',#1579);
#1579 = CARTESIAN_POINT('',(4.203290297264E-02,6.806787103835E-02,0.115)
  );
#1580 = SURFACE_CURVE('',#1581,(#1584),.PCURVE_S1.);
#1581 = B_SPLINE_CURVE_WITH_KNOTS('',1,(#1582,#1583),.UNSPECIFIED.,.F.,
  .F.,(2,2),(0.,1.),.PIECEWISE_BEZIER_KNOTS.);
#1582 = CARTESIAN_POINT('',(4.177384222342E-02,6.567323567231E-02,0.115)
  );
#1583 = CARTESIAN_POINT('',(4.203290297264E-02,6.806787103835E-02,0.115)
  );
#1584 = PCURVE('',#1456,#1585);
#1585 = DEFINITIONAL_REPRESENTATION('',(#1586),#1590);
#1586 = LINE('',#1587,#1588);
#1587 = CARTESIAN_POINT('',(1.,0.));
#1588 = VECTOR('',#1589,1.);
#1589 = DIRECTION('',(0.,1.));
#1590 = ( GEOMETRIC_REPRESENTATION_CONTEXT(2) 
PARAMETRIC_REPRESENTATION_CONTEXT() REPRESENTATION_CONTEXT('2D SPACE',''
  ) );
#1591 = ORIENTED_EDGE('',*,*,#1592,.F.);
#1592 = EDGE_CURVE('',#1593,#1578,#1595,.T.);
#1593 = VERTEX_POINT('',#1594);
#1594 = CARTESIAN_POINT('',(7.942469086831E-02,9.576976583114E-03,1.E-02
    ));
#1595 = SURFACE_CURVE('',#1596,(#1625),.PCURVE_S1.);
#1596 = B_SPLINE_CURVE_WITH_KNOTS('',7,(#1597,#1598,#1599,#1600,#1601,
    #1602,#1603,#1604,#1605,#1606,#1607,#1608,#1609,#1610,#1611,#1612,
    #1613,#1614,#1615,#1616,#1617,#1618,#1619,#1620,#1621,#1622,#1623,
    #1624),.UNSPECIFIED.,.F.,.F.,(8,5,5,5,5,8),(0.,0.193527890394,
    0.336085716466,0.519269049906,0.745431136769,1.),.UNSPECIFIED.);
#1597 = CARTESIAN_POINT('',(7.942469086831E-02,9.576976583114E-03,1.E-02
    ));
#1598 = CARTESIAN_POINT('',(7.925158515668E-02,1.10059030869E-02,
    1.325755832504E-02));
#1599 = CARTESIAN_POINT('',(7.903756951211E-02,1.255735305966E-02,
    1.646578584215E-02));
#1600 = CARTESIAN_POINT('',(7.874718906251E-02,1.431848824006E-02,
    1.955514551914E-02));
#1601 = CARTESIAN_POINT('',(7.839535387675E-02,1.622438940159E-02,
    2.256521935857E-02));
#1602 = CARTESIAN_POINT('',(7.790842178467E-02,1.846367251918E-02,
    2.536098112431E-02));
#1603 = CARTESIAN_POINT('',(7.677422259089E-02,2.279744605192E-02,
    2.966109329887E-02));
#1604 = CARTESIAN_POINT('',(7.514911864163E-02,2.757301198366E-02,
    3.326872597154E-02));
#1605 = CARTESIAN_POINT('',(7.438802002145E-02,2.960265239136E-02,
    3.474050102601E-02));
#1606 = CARTESIAN_POINT('',(7.353783987929E-02,3.164148951958E-02,
    3.61687931979E-02));
#1607 = CARTESIAN_POINT('',(7.26891090509E-02,3.350488793503E-02,
    3.783891924946E-02));
#1608 = CARTESIAN_POINT('',(7.07563787445E-02,3.747245863017E-02,
    4.190642154557E-02));
#1609 = CARTESIAN_POINT('',(6.879792127523E-02,4.092536109558E-02,
    4.641895988545E-02));
#1610 = CARTESIAN_POINT('',(6.770144630281E-02,4.272002037056E-02,
    4.906025179096E-02));
#1611 = CARTESIAN_POINT('',(6.659339027973E-02,4.441970735471E-02,
    5.175825150148E-02));
#1612 = CARTESIAN_POINT('',(6.548975264361E-02,4.601083499513E-02,
    5.452172136786E-02));
#1613 = CARTESIAN_POINT('',(6.301043535964E-02,4.939112448989E-02,
    6.078552583541E-02));
#1614 = CARTESIAN_POINT('',(6.051576499234E-02,5.23970012071E-02,
    6.723330906289E-02));
#1615 = CARTESIAN_POINT('',(5.912975700362E-02,5.396511665675E-02,
    7.083372483035E-02));
#1616 = CARTESIAN_POINT('',(5.773864099233E-02,5.544564048298E-02,
    7.446967176875E-02));
#1617 = CARTESIAN_POINT('',(5.633794056176E-02,5.68540984409E-02,
    7.812915274479E-02));
#1618 = CARTESIAN_POINT('',(5.334320535339E-02,5.970037939962E-02,
    8.595583826002E-02));
#1619 = CARTESIAN_POINT('',(5.030424055061E-02,6.226407671238E-02,
    9.38627677655E-02));
#1620 = CARTESIAN_POINT('',(4.868191283131E-02,6.354919581764E-02,
    9.80680658784E-02));
#1621 = CARTESIAN_POINT('',(4.70443417506E-02,6.476925507335E-02,
    0.102286335169));
#1622 = CARTESIAN_POINT('',(4.539159006927E-02,6.592621419193E-02,
    0.106516666351));
#1623 = CARTESIAN_POINT('',(4.372138904261E-02,6.7025237765E-02,
    0.110754988896));
#1624 = CARTESIAN_POINT('',(4.203290297264E-02,6.806787103835E-02,0.115)
  );
#1625 = PCURVE('',#1456,#1626);
#1626 = DEFINITIONAL_REPRESENTATION('',(#1627),#1631);
#1627 = LINE('',#1628,#1629);
#1628 = CARTESIAN_POINT('',(0.,1.));
#1629 = VECTOR('',#1630,1.);
#1630 = DIRECTION('',(1.,0.));
#1631 = ( GEOMETRIC_REPRESENTATION_CONTEXT(2) 
PARAMETRIC_REPRESENTATION_CONTEXT() REPRESENTATION_CONTEXT('2D SPACE',''
  ) );
#1632 = ORIENTED_EDGE('',*,*,#1633,.F.);
#1633 = EDGE_CURVE('',#1416,#1593,#1634,.T.);
#1634 = SURFACE_CURVE('',#1635,(#1638),.PCURVE_S1.);
#1635 = B_SPLINE_CURVE_WITH_KNOTS('',1,(#1636,#1637),.UNSPECIFIED.,.F.,
  .F.,(2,2),(0.,1.),.PIECEWISE_BEZIER_KNOTS.);
#1636 = CARTESIAN_POINT('',(7.739096781491E-02,8.286487702832E-03,1.E-02
    ));
#1637 = CARTESIAN_POINT('',(7.942469086831E-02,9.576976583114E-03,1.E-02
    ));
#1638 = PCURVE('',#1456,#1639);
#1639 = DEFINITIONAL_REPRESENTATION('',(#1640),#1644);
#1640 = LINE('',#1641,#1642);
#1641 = CARTESIAN_POINT('',(0.,0.));
#1642 = VECTOR('',#1643,1.);
#1643 = DIRECTION('',(0.,1.));
#1644 = ( GEOMETRIC_REPRESENTATION_CONTEXT(2) 
PARAMETRIC_REPRESENTATION_CONTEXT() REPRESENTATION_CONTEXT('2D SPACE',''
  ) );
#1645 = ( GEOMETRIC_REPRESENTATION_CONTEXT(3) 
GLOBAL_UNCERTAINTY_ASSIGNED_CONTEXT((#1649)) 
GLOBAL_UNIT_ASSIGNED_CONTEXT((#1646,#1647,#1648)) REPRESENTATION_CONTEXT
('Context #1','3D Context with UNIT and UNCERTAINTY') );
#1646 = ( LENGTH_UNIT() NAMED_UNIT(*) SI_UNIT(.MILLI.,.METRE.) );
#1647 = ( NAMED_UNIT(*) PLANE_ANGLE_UNIT() SI_UNIT($,.RADIAN.) );
#1648 = ( NAMED_UNIT(*) SI_UNIT($,.STERADIAN.) SOLID_ANGLE_UNIT() );
#1649 = UNCERTAINTY_MEASURE_WITH_UNIT(LENGTH_MEASURE(1.E-07),#1646,
  'distance_accuracy_value','confusion accuracy');
#1650 = PRODUCT_RELATED_PRODUCT_CATEGORY('detail',$,(#7));
#1651 = PRODUCT_CATEGORY_RELATIONSHIP('','',#1652,#1650);
#1652 = PRODUCT_CATEGORY('part',$);
#1653 = CC_DESIGN_PERSON_AND_ORGANIZATION_ASSIGNMENT(#1654,#1657,(#6,#5)
  );
#1654 = PERSON_AND_ORGANIZATION(#1655,#1656);
#1655 = PERSON('IP192.168.10,Administrator','','Administrator',$,$,$);
#1656 = ORGANIZATION('IP192.168.10','Unspecified','');
#1657 = PERSON_AND_ORGANIZATION_ROLE('creator');
#1658 = CC_DESIGN_PERSON_AND_ORGANIZATION_ASSIGNMENT(#1654,#1659,(#7));
#1659 = PERSON_AND_ORGANIZATION_ROLE('design_owner');
#1660 = CC_DESIGN_PERSON_AND_ORGANIZATION_ASSIGNMENT(#1654,#1661,(#6));
#1661 = PERSON_AND_ORGANIZATION_ROLE('design_supplier');
#1662 = CC_DESIGN_PERSON_AND_ORGANIZATION_ASSIGNMENT(#1654,#1663,(#1664)
  );
#1663 = PERSON_AND_ORGANIZATION_ROLE('classification_officer');
#1664 = SECURITY_CLASSIFICATION('','',#1665);
#1665 = SECURITY_CLASSIFICATION_LEVEL('unclassified');
#1666 = CC_DESIGN_SECURITY_CLASSIFICATION(#1664,(#6));
#1667 = CC_DESIGN_DATE_AND_TIME_ASSIGNMENT(#1668,#1672,(#5));
#1668 = DATE_AND_TIME(#1669,#1670);
#1669 = CALENDAR_DATE(2026,6,1);
#1670 = LOCAL_TIME(20,1,$,#1671);
#1671 = COORDINATED_UNIVERSAL_TIME_OFFSET(8,$,.AHEAD.);
#1672 = DATE_TIME_ROLE('creation_date');
#1673 = CC_DESIGN_DATE_AND_TIME_ASSIGNMENT(#1668,#1674,(#1664));
#1674 = DATE_TIME_ROLE('classification_date');
#1675 = CC_DESIGN_APPROVAL(#1676,(#6,#5,#1664));
#1676 = APPROVAL(#1677,'');
#1677 = APPROVAL_STATUS('not_yet_approved');
#1678 = APPROVAL_PERSON_ORGANIZATION(#1654,#1676,#1679);
#1679 = APPROVAL_ROLE('approver');
#1680 = APPROVAL_DATE_TIME(#1668,#1676);
ENDSEC;
END-ISO-10303-21;
